CreditScore,Geography,Gender,Age,Tenure,Balance,NumOfProducts,HasCrCard,IsActiveMember,EstimatedSalary,Exited
608,1,1,41,1,83807.86,1,0,1,112542.58,0
699,2,1,39,1,0.0,2,0,0,93826.63,0
850,1,1,43,2,125510.82,1,1,1,79084.1,0
822,2,0,50,7,0.0,2,1,1,10062.8,0
501,2,0,44,4,142051.07,2,0,1,74940.5,0
684,2,0,27,2,134603.88,1,1,1,71725.73,0
528,2,0,31,6,102016.72,2,0,0,80181.12,0
497,1,0,24,3,0.0,2,1,0,76390.01,0
476,2,1,34,10,0.0,2,1,0,26260.98,0
549,2,1,25,5,0.0,2,0,0,190857.79,0
635,1,1,35,7,0.0,2,1,1,65951.65,0
616,0,0,45,3,143129.41,2,0,1,64327.26,0
549,1,1,24,9,0.0,2,1,1,14406.41,0
587,1,0,45,6,0.0,1,0,0,158684.81,0
726,2,1,24,6,0.0,2,1,1,54724.03,0
732,2,0,41,8,0.0,2,1,1,170886.17,0
636,1,1,32,8,0.0,2,1,0,138555.46,0
669,2,0,46,3,0.0,2,0,1,8487.75,0
846,2,1,38,5,0.0,1,1,1,187616.16,0
577,2,0,25,3,0.0,2,0,1,124508.29,0
756,0,0,36,2,136815.64,1,1,1,170041.95,0
571,2,0,44,9,0.0,2,0,0,38433.35,0
574,0,1,43,3,141349.43,1,1,1,100187.43,0
411,2,0,29,0,59697.17,2,1,1,53483.21,0
533,2,0,36,7,85311.7,1,0,1,156731.91,0
553,0,0,41,9,110112.54,2,0,0,81898.81,0
520,1,1,42,6,0.0,2,1,1,34410.55,0
722,1,1,29,9,0.0,2,1,1,142033.07,0
490,1,0,31,3,145260.23,1,0,1,114066.77,0
804,1,0,33,7,76548.6,1,0,1,98453.45,0
850,2,0,36,7,0.0,1,1,1,40812.9,0
582,0,0,41,6,70349.48,2,0,1,178074.04,0
472,1,0,40,4,0.0,1,1,0,70154.22,0
776,0,1,32,4,109421.13,2,1,1,126517.46,0
550,0,0,38,2,103391.38,1,0,1,90878.13,0
776,0,1,37,2,103769.22,2,1,0,194099.12,0
698,0,0,44,10,116363.37,2,1,0,198059.16,0
585,0,0,36,5,146050.97,2,0,0,86424.57,0
788,2,1,33,5,0.0,2,0,0,116978.19,0
619,2,0,43,1,125211.92,1,1,1,113410.49,0
656,2,0,45,5,127864.4,1,1,0,87107.57,0
725,0,0,19,0,75888.2,1,0,0,45613.75,0
614,2,0,51,4,40685.92,1,1,1,46775.28,0
742,0,0,35,5,136857.0,1,0,0,84509.57,0
687,0,1,27,9,152328.88,2,0,0,126494.82,0
555,1,0,33,1,56084.69,2,0,0,178798.13,0
603,0,0,26,4,109166.37,1,1,1,92840.67,0
751,0,1,36,6,169831.46,2,1,1,27758.36,0
581,0,1,34,1,101633.04,1,1,0,110431.51,0
735,0,0,43,10,123180.01,2,1,1,196673.28,0
661,0,1,35,5,150725.53,2,0,1,113656.85,0
675,2,1,21,8,98373.26,1,1,0,18203.0,0
813,2,0,29,6,0.0,1,1,0,33953.87,0
657,1,1,37,0,163607.18,1,0,1,44203.55,0
604,0,1,25,5,157780.84,2,1,1,58426.81,0
519,2,0,36,9,0.0,2,0,1,145562.4,0
735,2,1,21,1,178718.19,2,1,0,22388.0,0
678,2,1,32,9,0.0,1,1,1,148210.64,0
757,1,0,33,5,77253.22,1,0,1,194239.63,0
416,0,1,41,10,122189.66,2,1,0,98301.61,0
665,2,1,34,1,96645.54,2,0,0,171413.66,0
543,2,1,36,3,0.0,2,0,0,26019.59,0
506,2,1,34,4,90307.62,1,1,1,159235.29,0
493,2,1,46,4,0.0,2,1,0,1907.66,0
729,2,0,30,9,0.0,2,1,0,151869.35,0
635,0,1,28,3,81623.67,2,1,1,156791.36,0
808,2,0,45,7,118626.55,2,1,0,147132.46,0
524,2,1,36,10,0.0,2,1,0,109614.57,0
769,2,0,29,8,0.0,2,1,1,172290.61,0
730,1,0,42,4,0.0,2,0,1,85982.47,0
515,1,0,35,10,176273.95,1,0,1,121277.78,0
773,1,0,41,9,102827.44,1,0,1,64595.25,0
814,0,0,29,8,97086.4,2,1,1,197276.13,0
710,1,0,22,8,0.0,2,0,0,99645.04,0
413,2,0,34,9,0.0,2,0,0,6534.18,0
665,2,1,40,6,0.0,1,1,1,161848.03,0
623,2,1,44,6,0.0,2,0,0,167162.43,0
738,2,0,31,9,82674.15,1,1,0,41970.72,0
528,1,0,36,7,0.0,2,1,0,60536.56,0
582,0,0,32,1,88938.62,1,1,1,10054.53,0
785,0,1,36,2,99806.85,1,0,1,36976.52,0
605,1,0,33,5,150092.8,1,0,0,71862.79,0
685,0,0,30,3,90536.81,1,0,1,63082.88,0
538,0,0,39,7,108055.1,2,1,0,27231.26,0
562,2,0,42,2,100238.35,1,0,0,86797.41,0
675,1,0,36,9,106190.55,1,0,1,22994.32,0
628,0,1,30,9,132351.29,2,1,1,74169.13,0
668,0,1,37,6,167864.4,1,1,0,115638.29,0
506,2,1,41,1,0.0,2,1,0,31766.3,0
699,0,0,34,4,185173.81,2,1,0,120834.48,0
828,2,0,34,8,129433.34,2,0,0,38131.77,0
674,1,0,39,6,120193.42,1,0,0,100130.95,0
656,2,1,39,6,0.0,2,1,0,141069.88,0
684,0,1,48,10,126384.42,1,1,1,198129.36,0
625,2,1,28,3,0.0,1,0,0,183646.41,0
828,2,1,41,7,0.0,2,1,0,171378.77,0
770,2,0,24,9,101827.07,1,1,0,167256.35,0
758,2,1,34,3,0.0,2,1,1,124226.16,0
795,0,1,33,9,130862.43,1,1,1,114935.21,0
687,2,0,38,9,122570.87,1,1,1,35608.88,0
686,2,0,25,1,0.0,2,0,1,16459.37,0
789,0,0,39,7,124828.46,2,1,1,124411.08,0
589,0,1,50,5,144895.05,2,1,1,34941.23,0
461,0,1,34,5,63663.93,1,0,1,167784.28,0
637,2,0,40,2,133463.1,1,0,1,93165.34,0
756,0,0,44,10,137452.09,1,1,0,189543.9,0
663,2,0,34,7,0.0,2,1,1,180427.24,0
682,2,1,43,5,125851.93,1,1,1,193318.33,0
485,1,1,21,5,113157.22,1,1,1,54141.5,0
635,1,1,29,8,138296.94,2,1,0,141075.51,0
650,2,0,37,5,106967.18,1,0,0,24495.03,0
735,2,0,44,9,120681.63,1,1,0,74836.34,0
416,2,0,32,0,0.0,2,0,1,878.87,0
754,1,1,32,7,0.0,2,1,0,89520.75,0
716,1,0,42,8,0.0,2,1,0,180800.42,0
539,2,0,37,2,127609.59,1,1,0,98646.22,0
614,2,1,43,6,0.0,2,1,1,109041.53,0
758,2,1,33,7,0.0,2,0,0,82996.47,0
586,1,1,28,2,0.0,2,1,1,92067.35,0
631,0,1,33,4,123246.7,1,0,0,112687.57,0
717,1,1,22,6,101060.25,1,0,1,84699.56,0
684,2,0,30,2,0.0,2,1,0,83473.82,0
800,2,1,49,7,108007.36,1,0,0,47125.11,0
721,1,1,36,2,0.0,2,1,1,106977.8,0
660,0,0,31,9,125189.75,2,1,1,139874.43,0
615,1,1,41,9,109013.23,1,1,0,196499.96,0
682,0,0,24,9,57929.81,2,0,0,53134.3,0
484,2,1,29,4,130114.39,1,1,0,164017.89,0
628,0,0,27,5,95826.49,2,1,0,155996.96,0
578,2,0,30,4,169462.09,1,1,0,112187.11,0
512,2,0,40,5,0.0,2,1,1,146457.83,0
484,1,1,35,7,133868.21,1,1,1,27286.1,0
510,2,1,30,0,0.0,2,1,1,130553.47,0
606,0,0,36,5,190479.48,2,0,0,179351.89,0
597,1,1,40,8,101993.12,1,0,1,94774.12,0
850,1,1,45,2,122311.21,1,1,1,19482.5,0
778,0,1,45,1,162150.42,2,1,0,174531.27,0
636,2,0,42,2,0.0,2,1,1,55470.78,0
514,2,0,32,8,0.0,2,1,0,95857.18,0
730,2,1,39,1,99010.67,1,1,0,194945.8,0
525,1,1,37,0,0.0,1,0,1,131521.72,0
616,1,0,30,5,0.0,2,0,1,196108.51,0
687,0,1,34,7,111388.18,2,1,0,148564.76,0
512,2,1,36,3,84327.77,2,1,0,17675.36,0
479,2,0,40,1,0.0,2,0,0,114996.43,0
601,2,0,32,8,93012.89,1,1,0,86957.42,0
580,1,0,29,9,61710.44,2,1,0,128077.8,0
807,2,0,35,3,174790.15,1,1,1,600.36,0
616,1,1,32,6,0.0,2,1,1,43001.46,0
721,0,0,37,3,107720.64,1,1,1,158591.12,0
521,2,0,35,6,96423.84,1,1,0,10488.44,0
850,1,0,30,2,141040.01,1,1,1,5978.2,0
759,2,0,42,4,105420.18,1,0,1,121409.06,0
512,1,0,33,3,176666.62,1,1,0,94670.77,0
550,2,0,37,3,0.0,1,1,1,179670.31,0
618,2,0,34,5,134954.53,1,1,1,151954.39,0
671,2,0,45,2,106376.85,1,0,1,158264.62,0
689,0,0,33,2,161814.64,2,1,0,169381.9,0
603,2,0,31,8,0.0,2,1,1,169915.02,0
620,2,1,41,9,0.0,2,0,0,88852.47,0
676,2,1,34,1,63095.01,1,1,1,40645.81,0
572,0,0,26,4,118287.01,2,0,0,60427.3,0
695,2,0,46,7,49512.55,1,1,0,133007.34,0
730,1,1,33,9,0.0,2,0,0,176576.62,0
726,2,1,31,9,114722.05,2,1,1,98178.57,0
514,1,0,30,7,0.0,1,0,1,125010.24,0
567,2,0,42,2,0.0,2,1,1,167984.61,0
670,2,0,37,4,170557.91,2,1,0,198252.88,0
694,2,1,30,9,0.0,2,1,1,26960.31,0
594,0,1,29,3,130830.22,1,1,0,61048.53,0
610,2,0,40,0,0.0,2,1,0,62232.6,0
512,2,1,37,1,0.0,2,0,1,156105.03,0
767,0,0,20,3,119714.25,2,0,1,150135.38,0
712,2,1,29,2,0.0,1,1,1,144375.0,0
703,2,0,28,2,81173.83,2,0,1,162812.16,0
662,1,0,38,4,0.0,2,1,0,136259.65,0
725,0,1,39,5,116803.8,1,1,0,124052.97,0
703,2,0,37,8,105961.68,2,0,1,74158.8,0
523,1,0,34,7,0.0,2,1,0,62030.06,0
772,0,0,26,7,152400.51,2,1,0,79414.0,0
545,2,1,26,1,0.0,2,1,1,199638.56,0
634,0,0,24,8,103097.85,1,1,1,157577.29,0
771,0,1,36,5,77846.9,1,0,0,99805.99,0
587,1,1,34,1,0.0,2,1,1,97932.68,0
544,0,0,37,2,79731.91,1,1,1,57558.95,0
696,1,0,28,8,0.0,1,0,0,176713.47,0
766,1,0,41,0,0.0,2,0,1,34283.23,0
727,2,0,34,10,0.0,2,1,1,198637.34,0
671,0,1,34,6,37266.67,2,0,0,156917.12,0
693,2,1,30,6,127992.25,1,1,1,50457.2,0
850,0,0,38,3,54901.01,1,1,1,140075.55,0
732,0,0,42,9,108748.08,2,1,1,65323.11,0
726,1,1,48,6,99906.19,1,1,0,64323.24,0
557,2,1,32,6,184686.41,2,1,0,14956.44,0
682,2,1,26,0,110654.02,1,0,1,111879.21,0
738,1,0,31,9,79019.8,1,1,1,18606.23,0
531,1,1,36,9,99240.51,1,1,0,123137.01,0
498,2,0,34,2,0.0,2,1,1,148528.24,0
651,2,0,36,7,0.0,2,1,0,13898.31,0
791,0,1,35,7,52436.2,1,1,0,161051.75,0
650,1,0,41,9,0.0,2,0,1,191599.67,0
811,0,1,34,1,149297.19,2,1,1,186339.74,0
707,2,0,30,8,0.0,2,1,0,33159.37,0
712,0,0,28,4,145605.44,1,0,1,93883.53,0
706,1,1,37,7,0.0,2,1,1,110899.3,0
777,2,1,53,10,0.0,2,1,0,189992.97,0
646,2,0,35,6,84026.86,1,0,1,164255.69,0
782,2,0,39,8,0.0,2,1,1,33949.67,0
775,1,0,29,10,0.0,2,1,1,68143.93,0
807,2,0,42,7,118274.71,1,1,1,25885.72,0
799,2,1,22,8,174185.98,2,0,1,192633.85,0
675,2,0,40,7,113208.86,2,1,0,34577.36,0
602,1,0,29,5,103907.28,1,1,0,161229.84,0
475,2,1,32,8,119023.28,1,1,0,100816.29,0
744,1,1,26,5,166297.89,1,1,1,181694.44,0
588,1,0,34,10,0.0,2,1,0,79078.91,0
703,0,0,42,9,63227.0,1,0,1,137316.32,0
747,1,1,41,5,94521.17,2,1,0,194926.86,0
583,2,0,27,7,0.0,2,1,0,51285.49,0
681,2,0,38,3,0.0,2,1,1,112491.96,0
773,2,0,25,2,135903.33,1,1,0,73656.38,0
714,2,1,31,4,125169.26,1,1,1,106636.89,0
627,2,0,33,5,0.0,2,1,1,103737.82,0
694,2,1,31,10,0.0,2,1,0,160990.27,0
616,1,1,36,6,132311.71,1,0,0,15462.84,0
687,2,0,35,8,0.0,2,1,0,10334.05,0
712,2,1,33,6,0.0,2,1,1,190686.16,0
553,2,0,33,4,118082.89,1,0,0,94440.45,0
667,2,0,31,1,119266.69,1,1,1,28257.63,0
629,0,0,35,7,156847.29,2,1,0,31824.29,0
438,0,0,31,8,78398.69,1,1,0,44937.01,0
729,0,0,30,6,63669.42,1,1,0,145111.37,0
642,2,0,38,3,0.0,2,0,0,171463.83,0
744,1,0,36,2,153804.44,1,1,1,87213.33,0
474,1,0,37,3,0.0,2,0,0,57175.32,0
706,1,0,42,9,0.0,2,1,1,28714.34,0
628,1,1,22,3,0.0,1,1,0,85426.28,0
429,2,0,24,4,95741.75,1,1,0,46170.75,0
680,2,1,30,8,141441.75,1,1,1,16278.97,0
763,2,1,31,4,0.0,2,0,0,50404.72,0
734,2,0,30,3,0.0,2,1,0,107640.25,0
716,2,0,35,4,144428.87,1,1,0,134132.65,0
594,2,0,35,2,0.0,2,1,0,103480.69,0
671,0,0,35,1,144848.74,1,1,1,179012.3,0
664,0,0,26,7,116244.14,2,1,1,95145.14,0
656,2,0,50,7,0.0,2,0,1,72143.44,0
667,1,1,40,1,146502.07,1,1,0,19162.89,0
663,0,0,44,2,117028.6,2,0,1,144680.18,0
626,1,1,37,6,108269.37,1,1,0,5597.94,0
659,0,1,32,3,150923.74,2,0,1,174652.51,0
649,2,0,33,2,0.0,2,1,0,2010.98,0
659,2,0,31,4,118342.26,1,0,0,161574.19,0
545,1,1,47,5,0.0,2,1,1,38970.14,0
543,2,0,22,8,0.0,2,0,0,127587.22,0
718,2,1,25,7,0.0,2,1,0,30380.12,0
840,2,1,43,7,0.0,2,1,0,90908.95,0
630,0,1,34,9,106937.05,2,1,0,138275.01,0
654,0,1,32,1,114510.85,1,1,1,126143.23,0
582,2,0,39,5,0.0,2,1,1,129892.93,0
659,1,0,32,3,107594.11,2,1,1,102416.84,0
762,1,0,39,2,81273.13,1,1,1,18719.67,0
568,1,1,32,7,169399.6,1,1,0,61936.22,0
670,1,0,25,6,0.0,2,1,1,78358.94,0
613,2,1,45,1,187841.99,2,1,1,147224.27,0
539,2,0,30,0,0.0,2,1,0,160979.66,0
737,2,0,41,1,101960.74,1,1,1,123547.28,0
706,1,0,28,3,0.0,2,0,1,181543.67,0
648,2,1,50,9,102535.57,1,1,1,189543.19,0
443,0,1,29,9,99027.61,2,1,0,10940.4,0
628,1,1,33,3,0.0,1,1,1,188193.25,0
540,0,1,42,9,87271.41,2,1,0,172572.64,0
460,0,1,35,8,102742.91,2,1,1,189339.6,0
636,0,0,34,2,40105.51,2,0,1,53512.16,0
593,2,1,29,2,152265.43,1,1,0,34004.44,0
801,1,0,42,4,141947.67,1,1,1,10598.29,0
611,0,0,31,0,107884.81,2,1,1,183487.98,0
802,0,0,31,1,125013.72,1,1,1,187658.09,0
717,0,0,35,7,58469.37,2,1,1,172459.39,0
769,2,1,39,8,0.0,1,0,1,21016.0,0
572,1,0,35,4,152390.26,1,1,0,128123.66,0
629,1,1,30,2,34013.63,1,1,0,19570.63,0
483,2,1,50,9,0.0,2,1,1,111020.24,0
690,2,0,36,7,101583.11,2,1,0,123775.15,0
492,0,1,30,10,77168.87,2,0,1,146700.22,0
709,0,0,28,8,124695.72,2,1,0,145251.35,0
705,0,0,44,3,105934.96,1,1,0,82463.69,0
611,1,0,46,6,0.0,2,1,0,45886.33,0
709,1,1,45,2,0.0,2,0,1,162922.65,0
544,2,1,21,10,161525.96,2,1,0,9262.77,0
712,0,1,29,7,147199.07,1,1,1,84932.4,0
752,0,0,38,3,183102.29,1,1,1,71557.12,0
594,1,1,24,0,97378.54,1,1,1,71405.17,0
645,0,1,37,2,136925.09,2,0,1,153400.24,0
557,2,0,33,3,54503.55,1,1,1,371.05,0
547,0,0,32,8,155726.85,1,1,0,67789.99,0
701,2,1,39,9,0.0,2,0,1,145894.9,0
605,2,0,52,1,63349.75,1,1,0,108887.44,0
593,0,1,38,4,129499.42,1,1,1,154071.27,0
751,1,0,52,8,0.0,2,0,1,179291.85,0
443,1,0,36,6,70438.01,2,0,1,56937.43,0
685,2,0,23,8,0.0,2,1,1,112239.03,0
718,2,0,36,9,0.0,1,1,0,45909.87,0
611,1,1,37,4,0.0,2,1,0,125696.26,0
668,0,0,37,10,152958.29,2,1,1,159585.61,0
537,0,1,41,3,138306.34,1,1,0,106761.47,0
709,1,0,23,10,0.0,2,0,0,129590.18,0
850,2,0,38,1,0.0,2,1,1,80006.65,0
745,1,1,31,3,124328.84,1,1,1,140451.52,0
795,1,0,35,8,0.0,2,1,0,167155.36,0
626,1,0,26,8,0.0,2,0,0,191420.71,0
556,2,1,39,9,89588.35,1,1,1,94898.1,0
643,2,1,46,6,0.0,2,0,0,106781.59,0
605,2,1,28,6,0.0,2,0,0,159508.52,0
586,2,1,38,2,0.0,2,1,0,87168.46,0
678,2,1,35,4,0.0,1,1,0,125518.32,0
596,2,0,39,9,0.0,1,1,0,48963.59,0
648,2,0,26,9,162923.85,1,1,0,98368.24,0
492,0,0,39,10,124576.65,2,1,0,148584.61,0
702,2,0,45,0,80793.58,1,1,1,27474.81,0
486,0,1,40,9,71340.09,1,1,0,76192.21,0
724,0,0,41,2,127892.57,2,0,1,199645.45,0
548,0,1,33,0,101084.36,1,1,0,42749.85,0
683,2,0,33,8,0.0,1,0,0,73564.44,0
762,2,1,51,3,99286.98,1,0,1,85578.63,0
627,0,1,30,4,79871.02,2,1,0,129826.89,0
516,2,0,35,10,104088.59,2,0,0,119666.0,0
800,2,1,38,2,168190.33,2,1,0,68052.08,0
464,0,1,42,3,85679.25,1,1,1,164104.74,0
626,2,1,35,3,0.0,1,0,0,80190.36,0
790,2,1,31,9,0.0,2,1,0,84126.75,0
534,2,1,34,7,121551.58,2,1,1,70179.0,0
745,2,0,46,2,122220.19,1,1,1,118024.1,0
748,2,1,26,1,77780.29,1,0,1,183049.41,0
722,2,0,37,2,0.0,1,0,0,120906.83,0
501,2,0,40,4,125832.2,1,1,1,100433.83,0
778,1,1,47,6,127299.34,2,1,0,124694.99,0
494,0,1,38,7,174937.64,1,1,0,40084.32,0
850,2,0,40,9,0.0,2,0,1,119232.33,0
592,1,0,31,7,110071.1,1,0,0,43921.36,0
590,1,1,44,3,139432.37,1,1,0,62222.81,0
758,2,1,39,6,127357.76,1,0,1,56577.0,0
506,2,0,36,5,0.0,2,1,0,164253.35,0
733,2,0,33,3,0.0,1,1,1,7666.73,0
711,2,0,38,3,0.0,2,1,0,68487.51,0
637,1,0,37,8,0.0,1,1,1,186062.36,0
468,0,0,29,1,111681.98,2,1,1,195711.16,0
539,2,0,39,3,0.0,2,1,0,36692.17,0
509,1,1,25,3,108738.71,2,1,0,106920.57,0
818,1,0,26,4,0.0,2,1,1,167036.94,0
608,2,0,33,9,89968.69,1,1,0,68777.26,0
850,1,1,32,9,0.0,2,1,1,18924.92,0
536,2,0,35,8,0.0,2,1,0,64833.28,0
753,2,0,35,3,0.0,2,1,1,184843.77,0
631,1,0,27,10,134169.62,1,1,1,176730.02,0
774,2,0,26,2,93844.69,1,1,0,28415.36,0
785,2,0,28,8,0.0,2,1,0,77231.27,0
571,2,1,33,1,0.0,2,1,0,102750.7,0
605,0,1,31,1,117992.59,1,1,1,183598.77,0
611,2,1,40,8,100812.33,2,1,0,147358.27,0
569,2,0,38,7,0.0,1,1,1,108469.2,0
658,2,0,29,4,80262.6,1,1,1,20612.82,0
788,1,0,34,6,156478.62,1,0,1,181196.76,0
525,2,1,23,5,0.0,2,1,0,160249.1,0
798,2,0,37,8,0.0,3,0,0,110783.28,0
486,0,0,37,9,115217.99,2,1,0,144995.33,0
730,2,1,35,0,155470.55,1,1,1,53718.28,0
641,2,0,37,7,0.0,2,1,0,75248.3,0
692,2,0,30,2,0.0,2,0,1,130486.57,0
591,1,0,29,1,97541.24,1,1,1,196356.17,0
710,2,1,41,2,156067.05,1,1,1,9983.88,0
639,2,1,38,4,81550.94,2,0,1,118974.77,0
765,0,0,36,8,92310.54,2,1,1,72924.56,0
622,2,1,32,6,169089.38,2,1,0,101057.95,0
806,2,0,40,5,80613.93,1,1,1,142838.64,0
757,0,0,26,8,121581.56,2,1,1,127059.04,0
555,1,0,32,4,0.0,2,1,1,54405.79,0
638,1,0,44,9,77637.35,2,1,1,111346.22,0
543,1,1,41,4,0.0,1,0,0,194902.16,0
584,2,0,31,5,0.0,2,1,0,31474.27,0
691,0,0,30,7,116927.89,1,1,0,21198.39,0
684,0,1,40,6,137326.65,1,1,0,186976.6,0
733,2,0,22,5,0.0,2,1,1,117202.19,0
599,1,1,37,2,0.0,2,1,1,143739.29,0
524,0,1,31,10,67238.98,2,1,1,161811.23,0
632,0,1,38,6,86569.76,2,1,0,98090.91,0
735,1,0,34,5,0.0,2,0,0,71095.41,0
734,2,0,34,6,133598.4,1,1,1,13107.24,0
793,1,0,38,9,0.0,2,1,0,88225.02,0
779,0,0,37,7,120092.52,2,1,0,135925.72,0
527,1,0,37,5,93722.73,2,1,1,139093.73,0
696,0,0,32,8,101160.99,1,1,1,115916.55,0
661,2,0,48,3,120320.54,1,0,0,96463.25,0
776,2,1,31,2,0.0,2,1,1,112349.51,0
701,2,0,43,2,0.0,2,1,1,165303.79,0
610,2,0,26,8,0.0,2,1,0,166031.08,0
673,2,0,30,1,64097.75,1,1,1,77783.35,0
702,1,1,26,4,135219.57,1,0,1,59747.63,0
729,2,0,32,6,93694.42,1,1,1,79919.13,0
543,1,0,35,10,59408.63,1,1,0,76773.53,0
550,2,1,40,7,114354.95,1,1,0,54018.93,0
639,0,0,35,10,128173.9,2,1,0,59093.39,0
686,1,0,34,9,0.0,2,1,0,127569.8,0
833,2,0,37,8,151226.18,2,1,1,136129.49,0
622,2,0,26,9,0.0,2,1,1,153237.59,0
597,2,1,42,4,64740.12,1,1,1,106841.12,0
842,1,1,44,2,112652.08,2,1,0,126644.98,0
587,2,0,38,0,0.0,2,1,0,47414.15,0
479,0,1,30,7,143964.36,2,1,0,41879.99,0
508,2,0,49,7,122451.46,2,1,1,75808.1,0
749,2,0,24,1,0.0,3,1,1,47911.03,0
721,0,1,36,3,65253.07,2,1,0,28737.78,0
685,1,1,25,10,128509.63,1,1,0,121562.33,0
417,2,0,34,7,0.0,2,1,0,55003.79,0
574,0,0,33,3,129834.67,1,1,0,193131.42,0
587,0,0,40,5,138241.9,2,1,0,159418.1,0
741,1,0,53,3,0.0,2,1,1,38913.68,0
584,0,1,29,7,105204.01,1,0,1,138490.03,0
607,1,0,36,8,158261.68,1,1,1,76744.72,0
689,1,1,38,6,121021.05,1,1,1,12182.15,0
543,2,0,36,4,0.0,2,1,1,141210.5,0
737,0,0,31,5,121192.22,2,1,1,74890.58,0
761,2,0,31,7,0.0,3,1,1,166698.18,0
601,2,0,44,1,100486.18,2,1,1,62678.53,0
745,2,0,35,9,92566.53,2,1,0,161519.77,0
848,1,0,40,3,110929.96,1,1,1,30876.84,0
546,2,1,27,8,0.0,2,1,1,14858.1,0
439,1,1,32,3,138901.61,1,1,0,75685.97,0
755,2,0,30,4,123217.66,2,0,1,144183.1,0
593,2,1,41,6,0.0,1,1,0,65170.66,0
701,2,0,39,2,0.0,2,1,1,82526.92,0
701,1,0,36,8,0.0,2,1,0,169161.46,0
547,0,1,30,9,72392.41,1,1,0,77077.14,0
725,2,0,44,5,0.0,1,1,1,117356.14,0
526,2,0,36,1,0.0,1,1,0,160696.72,0
700,2,0,38,8,134811.3,1,1,0,1299.75,0
666,2,1,34,9,115897.12,1,1,1,25095.03,0
630,1,0,32,4,82034.0,1,0,0,146326.45,0
779,1,1,26,4,174318.13,2,0,1,38296.21,0
611,0,1,41,2,114206.84,1,1,0,164061.6,0
685,1,0,43,9,0.0,2,1,0,107811.28,0
646,0,0,39,9,111574.41,1,1,1,30838.51,0
484,0,1,34,4,148249.54,1,0,1,33738.27,0
762,1,1,26,7,123709.46,2,1,1,169654.57,0
702,2,0,37,10,150525.8,1,1,1,94728.49,0
601,2,0,29,9,0.0,1,1,1,80393.27,0
699,2,0,53,4,0.0,2,0,1,111307.98,0
584,2,0,28,10,0.0,2,1,0,19834.32,0
699,2,0,35,5,0.0,2,1,1,78397.24,0
698,0,1,51,2,111018.98,1,1,0,86410.28,0
495,2,0,30,10,129755.99,1,0,0,172749.65,0
650,2,1,27,6,0.0,2,1,0,1002.39,0
667,1,0,38,1,87202.38,1,1,1,77866.91,0
688,0,0,26,8,146133.39,1,1,1,175296.76,0
754,1,0,39,6,170184.99,2,1,0,89593.26,0
546,1,0,42,7,139070.51,1,1,1,86945.0,0
673,1,1,37,8,0.0,2,1,1,183318.79,0
593,2,0,35,9,114193.24,1,1,0,71154.1,0
656,1,1,40,10,167878.5,1,0,1,151887.16,0
535,0,1,53,5,141616.55,2,1,1,75888.65,0
678,0,0,36,3,145747.67,2,0,1,89566.74,0
477,1,1,48,2,129120.64,1,0,1,26475.79,0
850,1,0,35,7,110349.82,1,0,0,126355.8,0
427,2,0,29,1,141325.56,1,1,1,93839.3,0
752,2,0,49,2,78653.84,1,1,0,7698.6,0
649,2,0,47,1,0.0,2,1,1,145593.85,0
799,1,1,28,3,142253.65,1,1,0,45042.56,0
839,1,1,33,10,75592.43,1,1,0,62674.42,0
540,0,0,44,3,164113.04,2,1,1,12120.79,0
696,1,1,51,5,0.0,2,1,0,55022.43,0
660,1,1,33,1,0.0,2,0,0,117834.91,0
682,2,0,48,1,138778.15,1,0,1,168840.23,0
744,2,1,43,10,147832.15,1,0,1,24234.11,0
785,2,1,36,4,135438.4,1,0,0,190627.01,0
706,2,1,29,5,112564.62,1,1,0,42334.38,0
583,2,1,27,1,125406.58,1,1,1,110784.42,0
752,2,1,30,3,0.0,2,1,1,104991.28,0
578,2,0,38,7,82259.29,1,1,0,8996.97,0
438,2,1,36,4,0.0,2,1,0,64420.5,0
652,2,0,38,6,0.0,2,1,1,145700.22,0
629,2,1,49,4,0.0,2,1,1,196335.48,0
720,2,0,52,7,0.0,1,1,1,14781.12,0
668,2,0,42,3,150461.07,1,1,0,108139.23,0
729,1,0,31,8,164870.81,2,1,1,9567.39,0
498,0,0,25,8,121702.73,1,1,1,132210.49,0
549,1,0,25,6,193858.2,1,0,1,21600.11,0
751,2,1,30,6,0.0,2,1,0,15766.1,0
632,0,1,41,3,81877.38,1,1,1,33642.21,0
678,2,0,31,2,0.0,2,1,1,58803.28,0
695,2,0,46,4,0.0,2,1,1,137537.22,0
661,2,1,41,1,0.0,2,0,1,131300.68,0
661,2,0,33,9,0.0,2,1,1,84174.81,0
559,2,1,31,3,127070.73,1,0,1,160941.78,0
503,2,0,29,3,0.0,2,1,1,143954.99,0
695,1,0,46,3,122549.64,1,1,1,56297.85,0
640,2,1,42,5,176099.13,1,1,1,8404.73,0
624,0,1,48,3,122388.38,2,0,0,30020.09,0
667,2,0,42,9,0.0,2,0,1,58137.42,0
642,2,0,26,0,0.0,1,0,0,47472.68,0
640,1,1,32,6,118879.35,2,1,1,19131.71,0
529,1,0,35,5,0.0,2,1,1,187288.5,0
563,2,1,39,5,0.0,2,1,1,17603.81,0
593,1,1,38,4,88736.44,2,1,0,67020.03,0
684,1,1,38,3,0.0,2,1,0,44255.65,0
651,0,1,41,4,133432.59,1,0,1,151303.48,0
749,0,1,40,8,141782.57,2,0,0,86333.63,0
583,2,0,24,9,135125.28,1,0,0,89801.9,0
715,2,1,31,2,112212.14,2,1,1,181600.72,0
641,2,1,36,5,66392.64,1,1,0,31106.67,0
716,0,0,27,1,122552.34,2,1,0,67611.36,0
767,2,0,43,1,76408.85,2,1,0,77837.63,0
745,0,0,36,8,145071.24,1,0,0,6078.46,0
589,2,0,34,6,0.0,2,1,1,177896.92,0
796,2,1,45,2,109730.22,1,1,1,123882.73,0
746,1,0,36,2,0.0,2,1,1,16436.56,0
742,0,0,33,0,181656.51,1,1,1,107667.91,0
750,2,1,32,5,0.0,2,1,0,95611.47,0
669,2,0,30,7,95128.86,1,0,0,19799.26,0
594,1,1,49,2,126615.94,2,0,1,123214.74,0
574,1,0,36,1,0.0,2,0,1,71709.12,0
659,0,0,36,2,76190.48,2,1,1,149066.14,0
626,0,0,35,4,88109.81,1,1,1,32825.5,0
620,2,0,42,4,0.0,2,1,0,6232.31,0
580,2,1,35,8,0.0,2,0,1,10357.03,0
686,2,1,34,3,123971.51,2,1,0,147794.63,0
540,2,0,48,0,148116.48,1,0,0,116973.48,0
634,0,0,35,6,116269.01,1,1,0,129964.94,0
632,1,0,38,1,120599.21,1,1,0,92816.86,0
501,2,1,41,3,144260.5,1,1,0,172114.67,0
786,2,0,34,9,0.0,2,1,0,144517.19,0
554,0,1,37,4,58629.97,1,0,0,182038.6,0
701,1,1,42,5,0.0,2,0,0,24210.56,0
474,2,0,45,10,0.0,2,0,0,172175.9,0
621,2,1,43,5,0.0,1,1,1,47578.45,0
669,2,0,23,1,0.0,2,0,0,66088.83,0
776,2,1,38,2,169824.46,1,1,0,169291.7,0
694,2,0,36,3,97530.25,1,1,1,117140.41,0
787,2,1,42,10,145988.65,2,1,1,79510.37,0
580,2,0,37,9,0.0,2,0,1,77108.66,0
711,2,1,25,7,0.0,3,1,1,9679.28,0
673,2,1,40,5,137494.28,1,1,0,81753.92,0
591,2,0,24,6,147360.0,1,1,1,25310.82,0
769,2,1,25,10,0.0,2,0,0,187925.75,0
657,1,0,31,3,125167.02,1,0,0,98820.39,0
497,2,0,47,6,0.0,1,1,1,90055.08,0
525,2,0,36,2,114628.4,1,0,1,168290.06,0
725,2,0,46,6,0.0,2,1,0,161767.38,0
692,2,1,28,8,95059.02,2,1,0,44420.18,0
618,2,1,24,7,128736.39,1,0,1,37147.61,0
546,2,0,24,8,156325.38,1,1,1,125381.02,0
635,2,0,29,7,105405.97,1,1,1,149853.89,0
606,2,0,40,5,0.0,2,1,1,70899.27,0
844,2,0,18,2,160980.03,1,0,0,145936.28,0
450,1,1,46,5,177619.71,1,1,0,54227.06,0
727,1,0,38,2,62276.99,1,1,1,59280.79,0
460,0,0,46,4,127559.97,2,1,1,126952.5,0
649,2,0,41,0,0.0,2,0,1,130567.02,0
758,0,1,47,9,95523.16,1,1,0,73294.48,0
490,2,1,35,7,107749.03,1,1,1,3937.37,0
815,0,0,37,2,110777.26,2,1,0,2383.59,0
838,1,1,39,5,166733.92,2,1,0,14279.44,0
803,2,0,31,9,157120.86,2,1,0,141300.53,0
664,0,1,36,2,127160.78,2,1,0,78140.75,0
736,1,1,28,2,0.0,2,1,1,117431.1,0
633,2,1,37,9,156091.97,1,1,0,72008.61,0
600,2,1,43,5,134022.06,1,1,0,194764.83,0
742,0,1,21,1,114292.48,1,1,0,31520.4,0
710,1,1,27,2,135277.96,1,1,0,142200.15,0
684,1,0,41,2,119782.72,2,0,0,120284.67,0
717,2,0,31,4,129722.57,1,0,0,41176.6,0
589,2,0,32,2,0.0,2,0,1,9468.64,0
767,2,0,36,3,139180.2,1,0,0,123880.19,0
648,2,0,33,7,134944.0,1,1,1,117036.38,0
754,2,0,28,8,0.0,2,1,1,52615.62,0
679,1,1,35,8,119182.73,1,0,0,121210.09,0
639,2,0,27,8,0.0,2,1,0,192247.35,0
774,2,1,28,1,71264.02,2,0,1,68759.57,0
517,2,0,41,2,0.0,2,0,1,75937.47,0
571,2,1,35,8,0.0,2,0,0,84569.13,0
792,1,0,36,5,92140.15,1,0,1,67468.67,0
688,2,0,26,1,0.0,2,1,1,104435.94,0
714,0,0,42,2,177640.09,1,0,1,47166.55,0
562,1,1,35,0,0.0,2,1,0,119899.52,0
704,1,0,48,8,167997.6,1,1,1,173498.45,0
698,2,0,36,2,82275.35,2,1,1,93249.26,0
611,2,0,49,3,0.0,2,1,1,142917.54,0
850,0,1,48,6,111962.99,1,1,0,111755.8,0
743,0,1,34,1,131736.88,1,1,1,108543.21,0
654,2,0,29,1,0.0,1,1,0,180345.44,0
761,0,0,36,8,108239.11,2,0,0,99444.02,0
702,2,1,46,9,98444.19,1,0,1,109563.28,0
488,0,0,32,3,114540.38,1,1,0,92568.07,0
683,2,1,35,6,187530.66,2,1,1,37976.36,0
601,0,1,42,9,133636.16,1,0,1,103315.74,0
605,2,0,52,7,0.0,2,1,1,173952.5,0
671,0,1,44,0,84745.03,2,0,1,34673.98,0
614,0,1,31,7,120599.38,2,1,1,46163.44,0
511,1,1,29,9,0.0,2,0,1,140676.98,0
850,2,0,39,4,127771.35,2,0,1,151738.54,0
793,2,1,33,0,0.0,1,0,0,175544.02,0
598,0,0,53,10,167772.96,1,1,1,136886.86,0
657,2,1,37,6,95845.6,1,1,0,122218.23,0
618,2,1,35,10,0.0,2,1,0,180439.75,0
516,1,1,33,3,0.0,2,1,1,58685.59,0
700,2,1,26,2,0.0,2,0,0,50051.42,0
745,2,0,25,5,157993.15,2,1,0,146041.45,0
696,2,0,29,8,0.0,2,1,0,191166.09,0
497,1,0,27,9,75263.16,1,1,1,164825.04,0
720,2,1,43,6,137824.03,2,1,0,172557.77,0
659,0,0,36,4,132578.92,2,1,0,84320.94,0
841,2,1,36,5,156021.31,1,0,0,122662.98,0
642,1,0,34,8,0.0,1,1,0,72085.1,0
600,1,0,36,4,0.0,2,1,0,143635.36,0
464,0,0,33,8,164284.72,2,1,1,3710.34,0
680,2,1,47,5,0.0,2,1,1,179843.33,0
630,0,1,31,2,112373.49,2,1,1,131167.98,0
577,2,1,39,10,0.0,2,1,0,10553.31,0
684,2,1,34,6,0.0,2,1,1,130928.22,0
708,1,1,41,5,0.0,1,0,1,157003.99,0
732,0,1,29,1,154333.82,1,1,1,138527.56,0
634,0,0,37,3,111432.77,2,1,1,167032.49,0
633,2,1,30,6,0.0,2,0,0,41642.29,0
559,2,0,34,2,137390.11,2,1,0,9677.0,0
694,1,1,37,3,0.0,2,1,1,147012.22,0
507,2,0,36,4,83543.37,1,0,0,140134.43,0
818,2,1,31,1,186796.37,1,0,0,178252.63,0
660,0,0,35,8,58641.43,1,0,1,198674.08,0
640,2,0,44,3,137148.68,1,1,0,92381.01,0
505,2,0,49,7,80001.23,1,0,0,135180.11,0
714,0,0,21,6,86402.52,2,0,0,27330.59,0
468,2,1,42,5,0.0,2,1,0,125305.34,0
611,1,0,51,1,122874.74,1,1,1,149648.45,0
705,2,0,25,0,97544.29,1,0,1,59887.15,0
646,0,0,46,1,170826.55,2,1,0,45041.32,0
511,0,1,41,8,153895.65,1,1,1,39087.42,0
653,2,1,43,6,0.0,2,1,1,7330.59,0
523,1,0,32,4,0.0,2,1,0,167848.02,0
741,1,0,39,7,143637.58,2,0,1,174227.66,0
456,1,0,32,9,147506.25,1,1,1,135399.21,0
725,2,0,41,7,113980.21,1,1,1,116704.25,0
717,2,0,53,6,0.0,2,0,1,97614.87,0
594,2,0,38,4,0.0,2,0,0,186884.04,0
678,0,1,25,10,76968.12,2,0,1,131501.72,0
545,2,0,38,1,88293.13,2,1,1,24302.95,0
435,2,0,36,4,0.0,1,1,1,197015.2,0
535,2,1,40,8,0.0,1,1,1,27689.77,0
722,2,1,35,2,163943.89,2,1,1,15068.18,0
561,2,0,28,7,0.0,2,1,0,7797.01,0
645,2,1,38,5,101430.3,2,0,1,4400.32,0
501,2,1,39,9,117301.66,1,0,0,182025.95,0
502,0,1,32,1,173340.83,1,0,1,122763.95,0
652,1,1,42,4,0.0,2,1,1,38152.01,0
574,2,1,33,3,134348.57,1,1,0,63163.99,0
518,2,1,45,9,105525.65,2,1,1,73418.29,0
565,2,0,36,6,106192.1,1,1,0,149575.59,0
521,2,0,25,7,0.0,2,1,1,157878.67,0
739,1,0,38,0,128366.44,1,1,0,12796.43,0
585,2,0,42,2,0.0,2,1,1,18657.77,0
542,2,1,43,8,145618.37,1,0,1,10350.74,0
788,1,0,37,8,141541.25,1,0,0,66013.27,0
435,0,0,32,2,57017.06,2,1,1,5907.11,0
577,2,0,42,9,0.0,1,1,0,74077.91,0
728,0,0,32,5,61825.5,1,1,1,156124.93,0
718,2,0,35,8,0.0,2,1,0,94820.85,0
621,2,1,40,6,0.0,1,1,0,155155.25,0
657,0,0,25,2,171770.55,1,1,0,22745.5,0
643,2,0,36,7,161064.64,2,0,1,84294.82,0
645,2,1,48,7,90612.34,1,1,1,149139.13,0
568,2,0,28,5,145105.64,2,1,0,185489.11,0
685,2,0,33,6,174912.72,1,1,1,43932.54,0
685,1,0,31,10,135213.71,1,1,1,125777.28,0
806,1,0,25,7,0.0,2,1,0,18461.9,0
604,2,0,36,6,116229.85,2,1,1,79633.38,0
648,1,1,53,6,111201.41,1,1,1,121542.29,0
545,1,1,32,4,0.0,1,1,0,94739.2,0
756,0,0,27,1,131899.0,1,1,0,93302.29,0
569,2,0,35,10,124525.52,1,1,1,193793.78,0
596,2,0,47,6,0.0,1,1,0,74835.65,0
646,2,1,45,3,47134.75,1,1,1,57236.44,0
784,1,0,35,3,0.0,2,0,0,81483.64,0
552,1,0,45,9,0.0,2,1,0,26752.56,0
729,2,0,44,5,0.0,2,0,1,9200.54,0
572,0,1,19,1,138657.08,1,1,1,16161.82,0
785,2,1,34,9,70302.48,1,1,1,68600.36,0
714,0,1,36,1,101609.01,2,1,1,447.73,0
738,1,0,35,3,0.0,1,1,1,15650.73,0
639,0,0,38,5,130170.82,1,1,1,149599.62,0
764,2,1,24,7,106234.02,1,0,0,115676.38,0
661,1,0,39,6,132628.98,1,0,0,38812.67,0
564,0,0,41,9,103522.75,2,1,1,34338.21,0
708,0,1,42,8,192390.52,2,1,0,823.36,0
592,1,0,37,9,0.0,3,1,1,10656.89,0
619,2,1,38,3,0.0,2,0,1,116467.35,0
850,0,1,44,5,128605.32,1,0,1,171096.2,0
577,2,1,37,4,0.0,1,1,1,79881.39,0
724,2,1,37,10,68598.56,1,1,0,157862.82,0
710,1,0,35,1,106518.52,1,1,1,127951.81,0
696,2,1,31,8,0.0,2,0,0,191074.11,0
675,0,1,29,8,121326.42,1,1,0,133457.52,0
745,2,0,36,8,67226.37,1,1,0,130789.6,0
697,1,1,25,5,82931.85,2,1,1,128373.88,0
635,2,1,48,8,130796.33,2,1,1,43250.3,0
789,0,0,33,8,151607.56,1,1,0,4389.4,0
694,1,0,39,0,107042.74,1,1,1,102284.2,0
706,2,1,44,4,129605.99,1,0,0,69865.49,0
807,1,1,43,0,0.0,2,0,1,85523.24,0
531,1,0,27,8,132576.25,1,0,0,7222.92,0
629,2,1,37,6,129101.3,1,1,1,23971.33,0
850,0,1,31,1,108822.4,1,1,1,132173.31,0
685,1,0,35,4,137948.51,1,1,0,113639.64,0
642,1,0,32,7,100433.8,1,1,1,39768.59,0
663,2,1,42,5,124626.07,1,1,1,78004.5,0
563,2,1,34,6,139810.34,1,1,1,152417.79,0
637,1,1,34,9,0.0,2,0,0,26057.08,0
544,2,0,37,3,84496.71,1,0,0,79972.09,0
638,2,1,48,10,138333.03,1,1,1,47679.14,0
723,2,0,25,3,0.0,2,1,1,134509.47,0
635,0,0,43,5,78992.75,2,0,0,153265.31,0
750,1,1,38,7,97257.41,2,0,1,179883.04,0
730,2,0,34,5,122453.37,2,1,0,138882.98,0
750,1,1,36,8,112940.07,1,0,1,9855.81,0
520,2,1,38,4,0.0,2,1,0,56388.63,0
652,2,1,48,8,133297.24,1,1,0,77764.37,0
550,2,1,46,7,0.0,2,1,0,130590.35,0
594,2,0,27,0,197041.8,1,0,0,151912.49,0
749,0,1,44,0,71497.79,2,0,0,151083.8,0
668,2,0,32,7,0.0,2,1,1,777.37,0
773,2,0,25,1,124532.78,2,0,1,11723.57,0
551,0,0,31,9,82293.82,2,1,1,91565.25,0
566,2,0,36,1,142120.91,1,1,0,79616.37,0
659,1,0,31,7,149620.88,2,1,1,104533.51,0
655,2,0,37,5,93147.0,2,1,0,66214.13,0
615,2,1,35,2,97440.02,2,1,1,139816.1,0
752,0,1,42,3,65046.08,2,0,1,140139.28,0
661,1,1,28,7,95357.49,1,0,0,102297.15,0
838,1,0,43,9,123105.88,2,1,0,145765.83,0
610,1,0,29,9,0.0,3,0,1,83912.24,0
811,1,0,44,3,0.0,2,0,1,78439.73,0
811,0,1,28,4,167738.82,2,1,1,9903.42,0
759,2,1,38,1,104091.29,1,0,0,91561.91,0
648,0,1,42,8,121980.56,2,1,0,4027.02,0
788,2,1,43,10,0.0,2,1,1,116111.51,0
725,0,0,39,1,50880.98,2,1,1,184023.54,0
601,0,1,26,7,105514.69,2,1,0,50070.59,0
561,1,1,33,6,0.0,2,1,0,45261.47,0
564,2,0,42,7,99824.45,1,1,1,36721.4,0
719,1,0,35,3,122964.88,1,1,1,138231.7,0
548,2,1,29,4,0.0,2,0,1,48673.18,0
635,1,0,24,4,0.0,2,1,1,70668.77,0
496,1,1,43,3,0.0,2,0,1,199505.53,0
541,0,0,40,7,95710.11,2,1,0,49063.42,0
778,0,0,41,7,139706.31,1,1,0,63337.19,0
633,2,0,31,1,0.0,1,1,0,48606.71,0
485,1,0,32,6,102238.01,2,1,1,194010.12,0
547,2,1,48,1,179380.74,2,0,1,69263.1,0
642,2,0,32,3,0.0,2,1,1,88698.83,0
718,2,1,25,4,108691.95,1,1,0,63030.97,0
582,2,1,32,4,0.0,2,1,0,59668.81,0
628,2,0,33,6,0.0,2,0,0,184230.23,0
737,0,0,35,0,133377.8,1,0,1,64050.19,0
828,1,0,34,9,0.0,2,1,1,81853.98,0
609,1,0,53,10,0.0,1,1,1,154642.91,0
730,2,0,39,1,116537.6,1,0,0,145679.6,0
631,2,1,22,3,0.0,2,0,0,30781.77,0
830,1,0,40,4,0.0,2,0,1,81622.52,0
645,2,0,29,1,130131.08,2,0,1,196474.35,0
663,2,0,46,3,0.0,2,0,1,176276.1,0
678,1,0,30,0,0.0,1,1,0,35113.08,0
521,2,0,30,2,107316.09,1,1,0,64299.82,0
625,2,1,24,1,0.0,2,1,1,180969.55,0
523,2,0,30,1,83181.29,1,1,1,138176.78,0
722,2,0,30,5,0.0,2,1,0,166376.54,0
579,2,0,35,1,0.0,2,1,0,4460.2,0
670,2,1,38,4,119624.54,2,1,1,110472.12,0
588,1,0,34,6,121132.26,2,1,0,86460.28,0
812,0,0,25,5,54817.55,1,1,0,131660.31,0
682,2,0,30,4,0.0,1,0,1,161465.31,0
625,1,1,49,2,80816.45,1,1,1,20018.79,0
607,0,0,38,3,98205.77,1,1,0,176318.27,0
600,1,1,50,6,94684.27,1,1,1,50488.91,0
602,1,1,22,7,141604.76,1,1,0,30379.6,0
675,1,0,33,3,0.0,2,1,0,45348.08,0
640,0,0,33,8,81677.22,2,0,0,34925.56,0
850,2,0,38,7,80293.98,1,0,0,126555.74,0
490,1,1,48,8,155413.06,1,1,0,187921.3,0
710,1,1,38,4,0.0,2,1,1,136390.88,0
812,2,0,34,5,103818.43,1,1,1,166038.27,0
723,2,1,20,4,0.0,2,1,1,140385.33,0
650,0,0,26,4,214346.96,2,1,0,128815.33,0
695,0,0,52,8,103023.26,1,1,1,22485.64,0
624,1,1,23,6,0.0,2,0,1,196668.51,0
503,1,0,37,6,0.0,2,0,0,136506.86,0
535,2,1,31,7,111855.04,2,1,1,36278.89,0
743,0,1,32,6,140348.56,2,1,1,163254.39,0
702,1,0,39,8,0.0,2,1,0,99654.13,0
658,2,0,29,3,145512.84,1,1,0,20207.02,0
677,0,1,41,8,146720.98,2,1,1,4195.84,0
664,2,0,32,10,107209.73,1,1,1,112340.2,0
766,0,1,38,7,130933.74,1,0,1,2035.94,0
461,1,1,35,8,0.0,1,1,0,132295.95,0
678,2,1,32,5,0.0,2,1,0,90284.47,0
796,2,0,24,8,0.0,2,1,0,61349.37,0
498,2,1,31,10,0.0,2,1,0,13892.57,0
850,1,0,22,2,0.0,2,1,1,9684.52,0
628,2,1,51,3,123981.31,2,1,1,40546.15,0
539,0,1,34,4,91622.42,1,1,1,136603.42,0
732,2,0,36,7,126195.81,1,1,1,133172.48,0
651,2,0,40,4,0.0,2,1,1,147715.83,0
813,2,0,34,0,0.0,2,1,0,43169.15,0
543,2,0,36,6,0.0,2,1,0,176728.28,0
790,2,1,26,4,141581.71,2,0,0,98309.27,0
494,1,0,38,7,0.0,2,1,1,6203.66,0
850,2,1,39,2,148586.64,1,1,1,176791.27,0
703,1,0,29,9,0.0,2,1,0,50679.48,0
432,1,0,38,7,0.0,2,1,0,150580.88,0
512,0,1,32,2,123403.85,2,1,0,80120.19,0
589,2,0,28,7,0.0,2,1,0,151645.96,0
514,2,1,46,3,106511.85,1,1,0,55072.32,0
678,2,1,38,2,0.0,2,0,0,115068.99,0
679,0,0,38,7,110555.37,2,1,0,46522.68,0
595,2,0,31,4,0.0,2,1,0,189995.86,0
690,2,1,42,3,92578.14,2,0,0,70810.6,0
479,1,0,48,5,87070.23,1,0,1,85646.41,0
519,2,0,42,8,0.0,2,1,1,101485.72,0
756,1,0,29,2,117412.19,2,1,0,4888.91,0
848,0,0,31,4,90018.45,2,1,0,193132.98,0
809,2,1,24,4,0.0,2,1,0,193518.76,0
663,1,1,33,8,122528.18,1,1,0,196260.3,0
549,0,1,45,3,143734.01,2,1,1,96404.38,0
675,2,1,32,2,155663.31,1,1,0,97658.66,0
571,0,1,34,1,101736.66,1,0,1,195651.66,0
500,1,0,37,9,125822.21,1,1,0,111698.0,0
628,2,0,37,0,0.0,2,1,1,171707.93,0
559,2,0,34,4,0.0,2,1,1,66721.98,0
769,2,1,27,2,0.0,1,1,1,57876.05,0
733,0,0,31,6,157791.07,2,0,0,177994.81,0
750,2,0,22,5,0.0,2,0,1,105125.65,0
583,2,1,42,4,0.0,2,1,0,17439.66,0
468,0,0,42,9,181627.14,2,1,0,172668.39,0
617,2,0,40,5,190008.32,2,1,1,107047.92,0
793,1,0,41,9,0.0,2,1,0,152153.74,0
630,2,0,43,9,0.0,2,1,1,34338.04,0
546,2,0,28,8,0.0,1,1,0,159254.29,0
614,0,1,30,3,131344.52,2,1,0,54776.64,0
593,0,1,29,5,101713.84,3,1,0,134594.99,0
613,1,0,34,3,0.0,1,1,1,41724.72,0
655,2,0,38,4,0.0,2,0,0,110527.71,0
700,2,1,27,6,137963.07,1,0,0,8996.79,0
826,1,1,29,4,129938.07,1,0,1,190200.53,0
652,0,0,45,2,151421.44,1,0,1,115333.43,0
538,1,0,39,2,122773.5,2,1,1,58467.08,0
729,2,0,34,3,152303.8,1,1,0,12128.69,0
615,2,0,49,3,0.0,2,1,1,49872.33,0
729,1,0,37,10,0.0,2,1,0,100862.54,0
615,2,1,30,9,0.0,1,1,0,87347.82,0
747,0,1,32,5,67495.04,2,0,1,77370.37,0
850,2,1,36,0,164850.54,1,1,1,62722.44,0
712,0,1,49,5,154776.42,2,0,0,196257.68,0
622,0,1,28,1,143124.63,2,1,0,81723.8,0
548,2,1,35,10,0.0,1,1,1,31299.71,0
607,2,1,27,2,0.0,2,1,0,63495.86,0
653,2,1,38,8,102133.38,1,1,1,166520.96,0
699,1,0,26,6,79932.41,1,0,0,150242.44,0
647,0,1,43,3,122717.53,2,1,1,87000.39,0
478,1,1,36,3,92363.3,2,1,0,44912.7,0
719,1,0,39,5,0.0,2,1,0,145759.7,0
726,2,0,34,9,0.0,2,0,0,14121.61,0
626,2,0,21,1,0.0,2,1,0,66232.23,0
807,0,1,31,1,93460.47,2,0,0,172782.69,0
621,2,0,34,6,0.0,2,1,1,99128.13,0
651,0,1,24,7,40224.7,1,1,1,178341.33,0
652,2,0,36,1,0.0,2,1,1,151314.98,0
584,0,0,47,7,130538.77,1,1,0,92915.84,0
756,2,0,37,3,132623.6,1,1,1,58974.0,0
670,2,1,35,3,103465.02,2,1,1,174627.06,0
528,2,0,30,2,128262.72,2,1,0,50771.16,0
797,2,1,29,1,0.0,2,1,1,132975.39,0
639,0,0,27,3,150795.81,1,0,1,85208.93,0
764,2,1,24,7,0.0,2,1,0,186105.99,0
676,2,1,43,2,0.0,1,1,1,55119.53,0
718,0,0,28,4,65643.3,1,1,0,28760.99,0
590,1,1,34,6,0.0,2,1,0,171021.44,0
584,2,0,38,9,104584.16,1,1,0,176678.72,0
645,2,0,41,7,0.0,1,0,1,28667.56,0
772,0,0,30,6,99785.28,2,0,0,197238.03,0
529,2,0,22,5,0.0,1,1,0,151169.83,0
463,2,0,35,2,101257.16,1,1,1,118113.64,0
630,2,1,40,7,0.0,2,1,1,34453.17,0
584,1,0,32,5,0.0,2,1,0,10956.82,0
752,0,0,30,4,81523.38,1,1,1,36885.85,0
697,2,1,47,6,128252.66,1,1,1,168053.4,0
850,2,1,32,7,0.0,2,0,0,155227.0,0
452,2,1,32,5,0.0,2,0,1,75279.39,0
694,2,1,22,4,0.0,2,1,1,11525.72,0
572,2,0,33,5,0.0,1,0,1,41139.05,0
505,0,0,29,3,145541.56,2,1,1,58019.95,0
725,0,1,33,7,115182.84,2,1,1,177279.41,0
791,2,0,37,2,163789.49,2,1,0,75832.53,0
536,2,0,46,1,65733.41,1,1,0,61094.53,0
699,1,0,47,1,0.0,2,0,1,30117.44,0
500,1,1,47,8,128486.11,1,1,0,179227.12,0
707,1,1,53,6,109663.47,1,1,1,52110.45,0
531,0,1,42,6,88324.31,2,1,0,75248.75,0
557,2,1,28,7,146445.24,2,1,0,184317.74,0
659,2,1,38,3,0.0,2,1,0,158553.1,0
575,1,1,31,6,0.0,2,1,1,95686.42,0
775,0,0,36,2,109949.05,2,0,1,71682.54,0
772,1,0,30,4,78653.05,1,1,0,1790.48,0
667,0,1,39,4,83765.35,2,1,0,118358.54,0
662,0,0,33,0,103471.52,1,1,1,162703.0,0
717,2,0,42,5,0.0,2,1,0,172665.21,0
746,2,0,24,3,137492.35,2,0,1,170142.09,0
569,2,0,28,7,0.0,2,1,0,73977.23,0
579,2,0,36,9,129829.59,1,1,1,60906.12,0
519,2,1,21,1,146329.57,2,1,1,194867.27,0
696,0,0,30,4,114027.7,1,1,1,193716.56,0
693,0,0,25,6,146580.69,1,0,1,14633.35,0
587,0,1,38,0,132122.42,2,0,0,31730.32,0
512,2,0,24,6,0.0,2,1,0,37654.31,0
689,1,1,28,3,0.0,2,1,1,192449.02,0
803,2,1,26,4,0.0,2,1,1,181208.47,0
548,0,0,32,5,175214.71,1,1,1,155165.61,0
624,1,0,46,3,0.0,2,1,1,62825.03,0
733,2,0,42,9,120094.93,1,1,0,184056.45,0
628,2,1,38,3,0.0,2,1,1,48924.73,0
633,2,1,33,3,0.0,2,1,0,191111.02,0
559,0,1,36,1,104356.94,2,0,1,54184.06,0
744,0,0,38,6,73023.17,2,1,0,78770.86,0
665,1,1,40,1,173432.55,1,0,1,116766.79,0
638,2,1,42,7,165679.92,1,0,0,32916.29,0
837,1,0,31,9,104678.62,1,0,1,50972.6,0
548,2,1,36,3,0.0,1,1,0,65996.9,0
837,0,0,38,2,126732.85,1,1,1,79577.38,0
658,2,1,44,6,148481.09,1,1,0,130529.13,0
554,2,1,38,4,137654.05,2,1,1,172629.67,0
724,0,0,30,7,115315.04,1,1,0,15216.53,0
723,2,0,42,2,99095.73,1,1,1,17512.53,0
585,0,1,39,7,165610.41,2,0,0,131852.01,0
562,1,0,32,6,161628.66,1,1,0,91482.5,0
719,2,0,32,9,146605.27,1,1,1,77119.45,0
743,2,0,42,7,77002.2,2,1,1,80428.42,0
521,2,1,39,6,0.0,2,0,1,27375.15,0
741,1,0,25,4,0.0,2,1,1,73873.65,0
622,2,0,35,8,0.0,2,1,1,131772.51,0
669,2,0,45,7,149364.58,1,0,1,173454.07,0
579,1,0,37,5,152212.88,2,0,0,120219.14,0
698,1,1,39,9,161993.89,1,0,0,90212.38,0
548,1,0,39,7,131468.44,1,1,0,164975.82,0
653,0,0,31,9,143321.97,1,1,0,83679.46,0
734,1,1,37,2,130404.92,1,0,0,34548.74,0
794,2,1,41,7,0.0,2,1,1,74275.08,0
641,2,0,30,2,87505.47,2,0,1,7278.57,0
824,2,0,30,0,133634.02,1,1,1,162053.92,0
534,1,1,33,3,151233.62,1,0,0,199336.63,0
498,2,0,34,5,0.0,2,1,1,91711.66,0
683,2,0,30,10,57657.49,1,0,0,79240.9,0
618,0,0,42,8,153572.31,2,1,1,76679.6,0
538,2,0,37,1,134752.08,1,1,0,162511.55,0
643,1,0,34,3,83132.09,1,1,1,21360.88,0
428,2,1,31,2,0.0,2,1,0,54487.43,0
718,2,1,31,0,118100.59,2,1,0,103165.15,0
645,1,0,49,2,0.0,2,0,0,10023.15,0
710,2,0,33,10,118327.17,2,1,1,192928.82,0
591,1,0,30,8,124857.69,2,0,0,50485.7,0
748,0,1,27,2,90971.85,1,1,1,131662.47,0
850,2,1,37,7,153147.75,1,1,1,152235.3,0
809,2,0,38,3,0.0,2,1,1,80061.31,0
607,1,1,27,5,100912.19,1,0,0,7631.27,0
850,2,1,31,4,0.0,2,1,1,33082.81,0
756,0,0,41,2,124439.49,2,0,1,47093.11,0
687,2,1,47,7,0.0,2,1,1,177624.01,0
724,2,0,40,6,0.0,2,0,0,106149.48,0
700,2,1,44,2,58781.76,1,1,0,16874.92,0
687,0,0,26,2,142721.52,1,1,1,153605.75,0
613,2,1,46,8,167795.6,1,0,1,44390.38,0
781,2,1,38,3,128345.69,2,1,0,63218.85,0
703,1,0,20,3,165260.98,1,1,1,41626.78,0
640,1,1,46,8,0.0,2,1,0,89043.19,0
849,0,0,37,7,143452.74,2,1,1,17294.12,0
778,2,0,38,3,145018.49,2,1,1,126702.41,0
539,0,1,38,8,82407.51,1,1,0,13123.41,0
489,0,0,28,1,79460.98,2,1,1,167973.63,0
618,1,0,38,5,126473.99,1,1,0,91972.49,0
710,0,1,30,10,133537.1,2,1,0,155593.74,0
625,2,0,52,5,164978.01,1,1,1,67788.49,0
682,1,0,46,7,128029.72,1,1,1,62615.35,0
670,1,0,42,3,81589.04,1,1,0,188227.8,0
568,1,1,26,6,0.0,2,0,0,166495.2,0
643,2,0,30,5,94443.77,1,1,1,165614.4,0
521,2,0,37,2,0.0,2,1,1,86372.24,0
615,2,0,32,7,92199.84,1,1,1,2755.53,0
575,1,0,43,3,0.0,1,1,0,83594.51,0
717,2,1,41,3,135756.96,1,1,1,103706.41,0
626,1,0,29,7,0.0,2,1,0,49361.84,0
734,1,0,39,6,0.0,1,1,1,95135.27,0
709,2,0,49,4,154344.49,2,1,1,38794.57,0
591,2,0,43,3,0.0,2,0,1,198926.36,0
664,2,0,43,9,189026.53,2,1,1,56099.86,0
431,2,0,37,0,120764.08,1,1,1,117023.08,0
647,0,1,22,3,97975.82,2,0,1,62083.0,0
578,2,0,32,4,0.0,2,1,1,141822.8,0
555,0,0,41,10,113270.2,2,1,1,185387.14,0
775,1,0,30,4,0.0,2,0,1,57461.13,0
850,0,0,39,3,124548.99,2,1,1,120380.12,0
645,1,1,37,7,0.0,2,1,0,13589.93,0
689,1,1,31,4,0.0,2,1,1,136610.02,0
769,2,1,26,7,0.0,2,1,0,176843.53,0
611,2,1,43,8,64897.75,1,1,0,114996.33,0
489,2,0,38,8,0.0,2,0,1,196990.79,0
632,2,0,44,3,107764.75,1,1,0,185667.72,0
429,2,1,27,6,117307.44,2,1,1,24020.49,0
768,1,1,44,6,60603.4,1,1,1,178045.97,0
715,1,1,35,4,40169.88,2,1,1,199857.47,0
668,0,1,32,10,92041.87,1,1,1,43595.9,0
625,0,0,26,3,130483.95,1,1,0,122810.53,0
661,1,1,42,3,0.0,2,1,0,35989.41,0
571,2,1,23,10,151097.28,1,0,1,17163.75,0
716,2,1,35,8,112808.18,1,0,1,17848.3,0
758,2,1,42,7,0.0,2,0,1,76209.56,0
653,2,1,27,9,0.0,2,1,0,96429.29,0
794,1,0,45,8,88656.37,2,1,0,116547.31,0
831,2,1,32,2,146033.62,1,1,0,191260.74,0
561,2,0,29,9,120268.13,1,1,1,173870.39,0
705,1,0,46,7,0.0,2,1,0,117273.35,0
517,1,1,29,5,0.0,2,1,0,103402.88,0
684,2,1,27,9,122550.05,2,0,1,137835.82,0
620,1,1,43,2,0.0,2,1,0,20670.1,0
757,2,0,29,8,130306.49,1,1,0,77469.38,0
739,2,1,27,6,0.0,1,1,1,57572.38,0
572,1,0,23,2,126873.52,1,0,1,67040.12,0
707,2,0,32,9,0.0,2,0,0,30807.02,0
444,2,1,40,5,84350.07,1,1,0,143835.76,0
685,0,1,30,4,84958.6,2,0,1,194343.72,0
673,0,1,29,4,99097.36,1,1,1,9796.69,0
503,0,0,30,10,136622.55,2,0,0,47310.24,0
485,0,1,30,5,156771.68,1,1,1,141148.21,0
799,0,0,28,7,167658.33,2,1,1,111138.25,0
585,1,1,33,8,0.0,2,1,0,114182.07,0
607,0,1,24,2,109483.54,2,0,1,127560.77,0
521,0,1,40,9,134504.78,1,1,0,18082.06,0
535,2,1,44,2,114427.86,1,1,1,136330.26,0
724,1,0,45,5,83888.54,1,0,1,34121.81,0
520,0,0,32,5,110029.77,1,1,0,56246.69,0
696,1,0,41,9,127523.75,1,0,1,191417.42,0
657,0,0,30,1,139762.13,2,1,1,23317.88,0
726,2,1,42,2,109471.79,1,0,1,175161.05,0
591,2,1,39,4,150500.64,1,1,0,14928.8,0
601,2,1,26,8,78892.23,1,1,1,23703.52,0
820,2,1,29,3,82344.84,1,0,1,115985.38,0
667,2,0,48,2,0.0,1,1,0,43229.2,0
573,1,1,44,4,0.0,1,1,1,94862.93,0
552,2,1,41,9,124349.34,1,1,0,135635.25,0
598,1,0,44,8,0.0,2,1,0,148487.9,0
576,0,0,28,1,119336.29,2,0,1,58976.85,0
670,2,1,31,9,0.0,1,0,1,76254.83,0
627,1,0,44,6,0.0,1,1,1,114469.55,0
683,2,0,43,8,0.0,1,1,0,96754.8,0
583,2,1,38,10,0.0,2,0,1,113597.64,0
705,2,1,24,7,100169.51,1,1,0,121408.55,0
637,2,0,33,2,145731.83,1,0,1,109219.43,0
594,0,1,26,6,135067.52,2,0,0,131211.86,0
551,2,1,38,10,0.0,2,1,1,216.27,0
672,2,1,53,7,0.0,1,1,1,136910.18,0
686,0,0,35,2,109342.82,2,0,1,86043.27,0
639,1,0,28,8,0.0,2,1,0,126561.07,0
465,2,0,25,2,78247.31,2,1,1,10472.31,0
578,2,0,23,10,88980.32,1,1,1,125222.36,0
611,1,0,34,4,0.0,2,1,0,170950.58,0
517,2,0,37,5,113308.84,1,0,1,31517.16,0
637,1,1,40,6,0.0,2,1,1,181610.6,0
806,2,1,32,3,63763.49,1,1,0,156593.09,0
633,2,1,29,7,169988.35,1,1,0,4272.0,0
624,0,1,35,0,180303.24,2,1,0,163587.9,0
568,0,1,31,1,61592.14,2,1,1,61796.64,0
806,2,0,48,4,164701.68,1,1,1,21439.49,0
726,1,1,26,1,80780.16,1,1,1,19225.85,0
552,2,0,36,8,0.0,2,0,0,132547.02,0
755,0,1,30,6,154221.37,2,0,1,62688.55,0
634,2,0,26,8,0.0,1,1,0,21760.96,0
756,2,1,26,5,101641.14,2,0,1,154460.68,0
776,2,0,37,2,0.0,1,0,1,8065.0,0
595,0,0,32,8,131081.66,2,1,1,69428.79,0
646,2,0,30,5,98014.74,1,1,1,12757.14,0
592,1,0,38,8,0.0,2,1,0,180426.2,0
574,2,0,26,8,97460.1,1,1,1,43093.67,0
850,2,0,36,1,104077.19,2,0,1,68594.0,0
850,1,1,29,1,0.0,2,1,1,197996.65,0
642,2,1,39,4,0.0,1,1,1,76821.24,0
609,2,1,39,8,141675.23,1,0,1,175664.25,0
797,1,1,31,8,0.0,2,1,0,117916.63,0
680,1,1,30,3,0.0,1,1,0,160131.58,0
449,2,0,52,6,0.0,2,0,1,123622.0,0
569,1,0,38,8,0.0,2,0,0,79618.79,0
631,2,0,35,9,112392.45,2,1,0,24472.23,0
595,0,1,25,7,106570.34,2,0,1,177025.79,0
461,2,1,28,8,0.0,1,1,1,103349.74,0
661,2,1,31,7,144162.3,2,1,1,14490.79,0
796,0,0,39,5,86350.87,2,0,0,105080.53,0
741,2,0,32,8,0.0,2,1,0,143598.7,0
747,2,0,27,10,0.0,2,0,0,13007.89,0
549,0,1,43,3,134985.66,1,1,0,6101.41,0
576,2,0,36,6,0.0,2,1,1,48314.0,0
528,2,0,37,6,103772.45,1,1,0,197111.99,0
535,2,0,33,2,133040.32,1,1,1,110299.78,0
575,1,1,37,0,0.0,2,0,0,30114.32,0
656,2,0,39,10,0.0,2,1,1,98894.64,0
440,2,0,42,2,0.0,2,1,0,49826.68,0
539,1,0,38,8,71460.67,2,1,1,10074.05,0
850,1,0,39,6,133214.13,1,0,1,20769.88,0
646,2,1,37,7,96558.66,1,0,0,163427.18,0
710,1,1,36,8,0.0,2,0,0,83206.19,0
507,1,1,29,6,0.0,2,0,1,94780.9,0
787,2,1,35,1,106266.8,1,1,1,16607.15,0
598,1,0,41,8,0.0,2,1,1,161954.43,0
796,2,0,51,6,0.0,2,0,1,194733.28,0
569,1,1,41,4,139840.36,1,1,1,163524.7,0
711,2,0,34,8,0.0,2,0,0,48260.19,0
661,0,0,35,8,124098.54,1,1,0,86678.48,0
415,2,0,32,5,145807.59,1,1,1,3064.65,0
578,1,0,23,8,0.0,2,1,0,112124.98,0
611,2,1,26,2,107508.93,2,1,1,120801.65,0
600,2,1,28,6,0.0,2,0,1,52193.23,0
661,0,1,32,1,145980.23,1,0,1,56636.28,0
850,2,1,37,3,212778.2,1,0,1,69372.88,0
764,1,1,33,9,168964.77,1,0,1,118982.51,0
838,2,1,34,8,0.0,2,1,0,27472.07,0
821,2,1,28,8,0.0,1,1,1,36754.13,0
607,1,1,36,4,98266.3,1,1,1,46416.36,0
558,2,0,38,8,113000.92,1,1,1,152872.39,0
530,0,0,23,1,137060.88,2,1,1,165227.23,0
654,0,0,37,5,112146.12,1,1,0,75927.35,0
530,2,1,33,4,129307.32,1,1,1,172930.28,0
520,1,0,43,7,0.0,2,1,1,36202.74,0
602,0,1,42,6,158414.85,1,1,1,131886.46,0
701,0,1,48,1,92072.68,1,1,1,133992.36,0
653,1,1,30,2,88243.29,2,1,1,96658.26,0
668,1,0,25,8,0.0,2,1,1,135112.09,0
730,1,1,52,7,0.0,2,0,1,122398.84,0
780,2,0,34,1,0.0,1,1,1,64804.04,0
592,2,1,38,8,119278.01,2,0,1,19370.73,0
628,2,0,34,4,158741.43,2,1,1,126192.54,0
850,1,1,29,10,0.0,2,1,1,94815.04,0
571,2,1,35,1,104783.81,2,0,1,178512.52,0
760,0,0,42,0,77992.97,2,1,1,97906.38,0
720,0,1,43,10,110822.9,1,0,0,72861.94,0
632,0,0,42,4,119624.6,2,1,1,195978.86,0
559,1,1,40,5,139129.44,1,0,1,32635.54,0
773,0,1,42,8,152324.66,2,1,0,171733.22,0
581,2,0,38,1,0.0,2,1,0,46176.22,0
524,0,1,37,9,127480.58,2,1,0,179634.69,0
676,2,0,40,8,114005.78,1,1,1,67998.45,0
594,2,0,23,5,156267.59,1,1,0,160968.44,0
668,2,1,35,6,102482.76,1,1,1,53994.64,0
678,0,0,23,10,115563.71,1,1,1,91633.53,0
545,2,0,23,2,0.0,2,1,0,189613.12,0
613,2,1,40,9,95624.36,2,1,1,60706.33,0
687,1,1,21,8,0.0,2,1,1,154767.34,0
715,2,0,28,7,160376.61,1,0,0,196853.11,0
618,0,0,41,8,37702.79,1,1,1,195775.48,0
721,2,1,35,6,118273.83,1,0,1,3086.89,0
445,0,1,34,7,131082.17,2,1,1,70618.0,0
690,2,0,38,1,94456.0,2,0,1,55034.02,0
671,1,1,42,3,0.0,2,1,1,128449.33,0
538,2,0,33,6,93791.38,1,1,1,199249.29,0
735,2,1,33,4,0.0,2,1,0,149474.69,0
592,2,1,37,7,0.0,2,1,1,126726.33,0
675,0,0,36,7,89409.95,1,1,1,149399.7,0
632,1,1,39,5,97854.37,2,1,0,93536.38,0
621,2,0,39,6,0.0,2,1,1,58883.91,0
521,1,0,29,3,60280.62,1,1,0,154271.41,0
591,1,0,36,7,135216.8,1,1,1,122022.89,0
706,0,1,28,6,124923.35,2,1,1,50299.14,0
677,2,0,38,4,0.0,2,1,0,187800.63,0
769,0,0,27,7,188614.07,1,1,0,171344.09,0
771,2,0,32,5,62321.62,1,1,1,40920.59,0
670,2,1,42,1,115961.58,2,0,1,29483.87,0
517,2,0,28,2,115062.61,1,1,0,179056.23,0
834,2,1,49,8,160602.25,2,1,0,129273.94,0
576,0,1,36,8,166287.85,1,1,1,23305.85,0
718,2,1,31,1,152663.77,1,0,1,17128.64,0
636,0,1,31,9,80844.69,2,1,1,74641.9,0
566,0,1,40,2,97001.36,2,1,0,154486.01,0
574,2,1,39,2,122524.61,2,1,0,88463.63,0
619,2,1,35,8,132292.63,1,1,0,65682.93,0
588,2,1,24,0,0.0,2,1,1,140586.08,0
739,0,0,29,3,59385.98,2,1,1,105533.96,0
685,0,1,21,6,97956.5,1,1,1,164966.27,0
594,2,1,49,4,0.0,2,1,1,23631.55,0
557,1,1,40,4,0.0,2,0,1,105433.53,0
697,2,0,27,8,141223.68,2,1,0,90591.15,0
656,2,0,18,10,151762.74,1,0,1,127014.32,0
712,0,0,43,1,141749.74,2,0,1,90905.26,0
697,2,1,25,4,165686.11,2,1,0,15467.98,0
589,2,0,38,2,0.0,1,1,0,79915.28,0
525,1,1,25,10,0.0,2,1,0,69361.95,0
680,2,0,44,3,0.0,2,1,0,86935.08,0
680,2,0,32,5,92961.61,1,1,0,116957.6,0
662,1,1,30,9,0.0,2,0,1,157884.83,0
617,2,0,30,3,132005.77,1,1,0,142940.39,0
562,2,0,35,7,0.0,1,0,0,48869.67,0
705,1,1,23,5,0.0,2,1,1,73131.73,0
516,2,1,33,7,127305.5,1,1,1,120037.36,0
573,2,1,37,6,0.0,2,1,0,193995.37,0
538,1,1,31,0,0.0,2,0,0,179453.66,0
699,2,0,39,9,0.0,1,1,0,80963.92,0
504,0,0,32,8,170291.22,2,0,1,15658.99,0
583,1,0,47,5,102562.23,1,1,0,92708.1,0
712,1,0,53,2,111061.01,2,0,0,26542.17,0
631,2,1,34,4,124379.14,1,1,0,106892.91,0
663,2,1,37,7,0.0,1,1,1,185210.63,0
506,0,1,41,3,57745.76,1,1,0,4035.46,0
703,2,1,45,7,0.0,2,1,1,68831.72,0
698,0,1,40,8,150777.1,1,1,0,114732.62,0
731,1,0,41,4,0.0,2,1,0,22299.27,0
625,2,0,34,6,0.0,2,0,0,197283.2,0
446,2,0,32,8,0.0,2,0,0,133292.94,0
669,2,1,47,9,61196.54,1,1,0,58170.24,0
581,0,0,31,6,116891.72,1,1,0,107137.3,0
748,2,0,44,2,92911.52,1,0,1,85495.24,0
680,1,1,31,9,119825.75,2,1,1,101139.3,0
655,2,1,37,7,111852.84,2,1,0,10511.13,0
690,0,0,32,0,106683.52,2,1,1,137916.49,0
695,0,0,40,7,139022.24,1,0,1,193383.13,0
773,2,0,52,4,0.0,1,0,1,144113.42,0
749,2,0,42,1,129776.72,2,0,1,143538.51,0
606,1,1,46,8,0.0,2,1,1,183717.94,0
554,2,0,24,10,0.0,1,0,0,92180.62,0
567,2,1,37,7,0.0,2,1,1,28690.9,0
594,0,0,41,2,122545.65,2,1,1,42050.24,0
513,2,1,37,6,0.0,2,1,0,110142.34,0
652,0,1,26,1,131908.35,1,1,1,179269.79,0
784,1,0,33,10,0.0,2,1,0,162022.47,0
784,1,1,40,8,0.0,2,1,0,108891.3,0
570,2,1,18,4,82767.42,1,1,0,71811.9,0
712,2,1,42,1,87842.98,1,0,0,92223.59,0
705,1,0,39,6,133261.13,1,1,1,78065.9,0
681,1,1,32,3,0.0,2,1,1,59679.9,0
620,2,0,41,0,97925.11,1,1,0,85000.32,0
711,2,0,52,5,0.0,1,1,1,159808.95,0
613,2,1,24,7,140453.91,1,1,0,129001.3,0
682,1,0,36,5,0.0,2,1,1,147758.51,0
850,1,0,37,4,137204.77,1,1,1,28865.59,0
601,2,1,41,1,0.0,2,0,1,160607.06,0
675,1,0,36,3,54098.18,2,0,1,54478.52,0
591,1,0,31,8,0.0,1,1,1,141677.33,0
602,2,0,23,7,113758.48,2,0,0,84077.6,0
554,1,1,34,8,0.0,1,0,1,106981.03,0
541,2,0,37,9,118636.92,1,1,1,73551.44,0
506,2,0,34,7,0.0,2,0,0,115842.1,0
814,0,0,44,8,95488.82,2,0,0,107013.59,0
683,2,0,30,8,110829.52,2,0,0,24938.84,0
485,0,0,51,7,144244.59,2,1,0,51113.14,0
696,0,1,31,8,122021.92,2,1,0,33828.64,0
608,2,1,30,8,0.0,2,1,0,128875.86,0
686,1,0,22,5,0.0,2,1,0,158974.45,0
790,0,0,42,1,85839.62,1,1,0,198182.73,0
654,2,1,29,4,96974.97,1,0,1,141404.07,0
452,2,0,35,4,148172.44,1,1,1,4175.68,0
719,1,0,38,0,0.0,1,1,0,126876.47,0
707,2,1,40,5,0.0,2,1,0,41052.82,0
699,2,1,49,2,0.0,1,0,0,105760.01,0
850,1,0,30,2,0.0,2,0,1,27937.12,0
828,1,0,28,8,134766.85,1,1,0,79355.87,0
850,0,0,30,5,123210.56,2,1,1,102180.27,0
712,1,0,47,1,139887.01,1,1,1,95719.73,0
634,2,0,44,9,149961.11,1,1,0,57121.51,0
730,0,0,45,6,152880.97,1,0,0,162478.11,0
685,0,0,43,9,108589.47,2,0,1,194808.51,0
809,1,0,33,9,0.0,1,1,1,124045.65,0
648,1,0,32,8,0.0,1,1,0,133653.38,0
805,0,1,33,3,105663.56,2,0,1,33330.89,0
585,2,1,39,7,0.0,2,1,0,2401.26,0
595,1,1,30,5,100683.54,1,1,1,178361.04,0
630,2,0,42,6,0.0,2,1,0,162697.93,0
627,0,0,29,5,139541.58,2,1,0,80607.33,0
631,0,1,37,2,121801.72,2,0,1,23146.62,0
776,0,0,38,5,112281.7,1,0,1,89893.6,0
676,1,1,36,4,0.0,2,1,1,3173.31,0
758,1,1,40,5,93499.82,2,0,0,123218.81,0
637,2,0,33,0,132255.99,2,0,1,74588.41,0
850,2,0,20,7,0.0,2,1,0,31288.77,0
601,1,1,44,4,0.0,2,1,0,58561.31,0
735,2,0,49,5,121973.28,1,1,0,148804.36,0
614,0,0,32,7,99462.8,2,1,1,51117.06,0
672,0,1,21,3,165878.76,2,1,1,164537.17,0
642,2,0,30,8,117494.27,1,0,0,61977.82,0
633,0,1,29,0,138577.34,1,1,0,193362.99,0
769,1,0,39,9,0.0,1,1,1,47722.79,0
796,1,0,41,8,107525.07,1,1,0,18510.41,0
715,2,0,23,7,139224.92,2,1,0,65057.71,0
695,2,1,42,7,121453.63,1,0,0,46374.64,0
747,2,1,25,4,0.0,2,0,1,42039.67,0
476,2,0,40,6,0.0,1,1,1,22735.45,0
850,2,1,39,7,79259.99,1,0,1,186910.74,0
529,2,0,30,2,116295.29,1,1,0,75285.47,0
586,0,0,34,9,74309.81,1,1,0,15034.93,0
601,0,1,33,7,114430.18,2,1,1,153012.13,0
541,2,0,29,7,127504.57,1,0,0,86173.92,0
744,0,1,41,2,84113.41,1,1,0,197548.63,0
595,1,1,23,10,101126.66,2,0,0,37042.8,0
724,0,0,33,5,103564.83,2,1,0,121085.72,0
618,2,0,37,2,168178.21,2,0,1,101273.23,0
642,0,1,30,5,129753.69,1,1,0,582.53,0
584,2,0,35,9,0.0,2,1,0,192381.21,0
758,2,1,34,1,154139.45,1,1,1,60728.89,0
717,2,0,38,7,97459.06,1,0,0,189175.71,0
611,2,0,40,1,0.0,2,1,1,102547.56,0
766,0,0,43,6,112088.04,2,1,1,36706.56,0
636,2,1,34,3,0.0,2,1,1,44756.25,0
814,2,1,48,7,0.0,2,1,1,132870.15,0
760,1,0,28,1,141038.57,2,0,0,16287.38,0
607,0,0,39,2,84468.67,2,1,1,121945.42,0
600,2,0,37,1,142663.46,1,0,1,88669.89,0
656,0,0,27,4,118627.16,2,1,1,160835.3,0
640,1,0,34,1,137523.02,1,0,0,24761.36,0
439,2,0,28,7,110976.23,2,1,0,138526.96,0
549,2,1,38,8,107283.4,1,0,0,157442.75,0
622,2,0,38,5,0.0,2,0,0,105295.77,0
715,2,0,34,4,124314.45,1,0,0,97782.92,0
657,2,1,41,5,95858.37,1,1,1,68255.88,0
703,2,0,36,2,0.0,2,1,0,108790.95,0
802,2,0,33,8,0.0,2,1,0,143706.18,0
793,1,1,36,0,0.0,1,0,0,148993.47,0
533,1,0,38,1,135289.33,2,0,1,152956.33,0
658,2,0,36,8,174060.46,1,1,1,94925.62,0
713,0,0,40,3,114446.84,2,1,1,87308.18,0
439,2,1,43,8,0.0,1,0,1,104889.3,0
763,1,1,37,6,0.0,2,1,1,149705.25,0
702,1,1,35,8,14262.8,2,1,0,54689.16,0
686,1,0,41,7,102749.72,1,0,1,194913.86,0
629,1,0,36,1,161757.87,2,1,1,146371.72,0
823,2,0,38,1,0.0,2,1,0,156603.7,0
683,0,1,35,5,95698.79,1,0,1,182566.76,0
555,2,0,37,9,124969.13,1,1,0,60194.05,0
850,1,1,39,10,0.0,2,1,1,143030.09,0
452,2,0,30,7,112935.87,1,1,1,99017.34,0
683,1,1,24,8,98567.1,1,1,0,187987.01,0
577,2,1,26,1,180530.51,1,0,0,123454.62,0
552,2,0,33,5,140931.57,1,0,1,10921.5,0
769,0,1,31,7,148913.72,2,1,0,53817.23,0
691,2,0,38,7,0.0,2,0,0,81617.4,0
739,2,0,41,5,0.0,2,0,0,143882.25,0
639,2,1,50,6,115335.32,2,1,1,53130.41,0
779,2,1,26,0,0.0,2,0,1,111906.0,0
850,0,1,33,7,134678.13,1,1,0,113177.95,0
829,2,0,38,9,0.0,2,1,0,30529.88,0
579,0,0,31,2,90547.48,2,1,1,18800.13,0
510,2,0,32,9,103324.78,1,1,1,46127.7,0
531,2,0,29,3,114590.58,1,0,0,75585.48,0
628,0,1,36,3,91286.51,1,1,0,63085.94,0
633,1,0,32,5,163340.12,2,1,1,74415.2,0
714,1,0,45,8,150900.29,2,0,1,139889.15,0
604,1,0,23,9,124577.33,1,1,1,7267.25,0
630,1,0,35,1,0.0,2,0,0,186826.22,0
850,1,1,31,4,91292.7,1,1,1,162149.07,0
798,2,1,37,4,111723.08,1,1,1,83478.12,0
569,0,0,25,9,173459.45,2,1,1,44381.06,0
547,1,1,31,9,0.0,2,0,0,99294.22,0
506,2,0,37,5,0.0,2,1,1,127543.81,0
632,2,1,36,7,0.0,2,1,1,52526.65,0
620,2,0,22,0,0.0,1,1,0,32589.45,0
700,1,1,46,5,56580.95,2,0,1,45424.13,0
696,0,0,38,6,142316.14,1,1,1,8018.49,0
767,1,0,31,6,0.0,2,1,1,195668.0,0
464,1,1,34,5,76001.57,1,1,1,158668.87,0
501,2,1,34,3,107747.57,1,1,0,9249.36,0
745,1,1,35,8,0.0,2,1,1,116581.1,0
587,2,1,36,1,134997.49,2,1,0,44688.08,0
667,2,1,48,2,0.0,2,1,1,148608.39,0
485,1,1,30,7,0.0,1,1,0,107067.37,0
518,0,1,35,8,141665.63,1,0,1,192776.64,0
581,1,1,29,8,0.0,2,1,0,46735.19,0
785,0,1,33,5,136624.6,2,1,1,169117.74,0
799,2,1,52,4,161209.66,1,1,1,89081.41,0
698,1,0,38,10,95010.92,1,1,1,105227.86,0
730,2,1,41,4,167545.32,1,1,0,128246.81,0
544,2,1,29,1,118560.55,1,1,1,164137.36,0
684,2,0,34,9,0.0,2,1,1,65257.57,0
639,1,1,28,8,97840.72,1,1,1,178222.77,0
565,0,1,38,2,158651.29,2,1,1,179445.28,0
731,1,0,25,8,96950.21,1,1,0,97877.92,0
607,2,0,45,7,123859.6,1,0,1,113051.57,0
760,2,1,32,7,0.0,2,1,1,105969.05,0
715,2,1,33,3,85227.84,1,1,1,68087.15,0
656,2,0,36,8,97786.08,2,0,1,21478.36,0
652,0,0,33,7,128135.99,1,1,0,158437.73,0
624,1,0,33,6,0.0,2,0,0,76551.7,0
634,1,0,36,2,85996.19,1,1,0,15887.68,0
850,1,1,50,10,0.0,2,1,1,33741.84,0
659,0,1,39,1,104502.11,1,1,0,20652.69,0
529,1,0,35,5,95772.97,1,1,1,112781.5,0
572,1,0,31,5,98108.79,1,0,1,119996.95,0
648,1,0,35,7,0.0,2,1,1,78436.36,0
579,2,0,31,9,0.0,1,0,1,139048.0,0
589,0,1,36,9,140355.56,2,1,0,136329.96,0
530,1,1,36,2,0.0,2,1,1,14721.8,0
831,2,0,30,2,0.0,2,0,1,3430.38,0
790,0,0,24,7,107418.27,1,0,1,160450.21,0
656,2,0,35,6,0.0,2,1,0,1485.27,0
563,1,0,32,6,0.0,2,1,1,19720.08,0
667,1,0,39,7,167557.12,1,1,1,41183.02,0
613,1,0,34,8,117300.02,1,1,0,139410.08,0
665,2,1,23,9,143672.9,1,1,1,115147.33,0
731,2,0,33,4,0.0,2,1,1,74945.11,0
584,2,1,37,1,0.0,2,1,1,180363.56,0
634,0,1,31,8,76798.92,1,0,0,196021.73,0
488,2,0,34,3,0.0,2,1,1,125979.36,0
535,1,1,49,7,115309.75,1,1,0,111421.77,0
776,2,1,29,7,178171.04,2,1,1,115818.51,0
850,1,1,38,3,0.0,2,0,1,179360.76,0
673,1,1,37,0,0.0,2,0,0,82351.06,0
627,1,1,30,6,0.0,1,1,1,113408.47,0
570,2,1,33,8,0.0,1,1,1,124641.42,0
773,1,1,33,10,0.0,1,1,1,98820.09,0
752,1,0,36,2,0.0,2,1,1,45570.84,0
535,0,0,20,9,134874.4,1,1,1,118825.56,0
786,2,1,29,4,0.0,2,1,0,103372.79,0
605,1,1,48,6,0.0,2,1,1,40062.99,0
670,1,1,32,3,0.0,2,1,0,46175.7,0
617,1,0,42,0,70105.87,1,1,1,120830.73,0
595,2,0,41,9,0.0,2,1,0,5967.09,0
757,0,0,30,6,105128.85,2,1,1,62972.13,0
746,1,0,31,2,113836.27,1,1,1,174815.54,0
503,1,0,25,7,0.0,1,0,1,192841.13,0
768,2,1,28,3,109118.05,2,0,1,50911.41,0
591,2,1,31,7,0.0,2,0,1,48778.46,0
667,2,0,44,8,122277.87,1,1,1,91810.71,0
804,2,0,24,3,0.0,2,1,0,173195.33,0
693,2,0,31,1,0.0,2,0,1,182270.88,0
729,0,0,36,8,152899.24,2,1,0,177130.33,0
632,1,1,40,3,109740.62,1,1,0,141896.74,0
536,0,0,23,6,92366.72,2,1,0,120661.71,0
726,0,0,30,5,111375.32,2,1,0,2704.09,0
523,2,0,39,3,0.0,2,1,0,6726.53,0
728,0,1,33,9,150412.14,2,1,0,170764.08,0
701,2,0,30,3,156660.72,2,1,0,45742.42,0
518,2,0,38,3,90957.81,1,0,1,162304.59,0
739,2,0,37,7,104960.46,1,0,1,80883.82,0
452,1,0,44,3,88915.85,1,1,0,69697.74,0
684,2,0,45,6,148071.39,1,1,0,183575.01,0
728,0,0,39,6,152182.83,1,0,0,161203.6,0
783,1,0,39,9,0.0,2,1,0,143752.77,0
648,0,0,34,3,95039.73,2,1,1,147055.87,0
688,2,0,52,1,0.0,2,1,1,172033.57,0
680,1,0,35,9,0.0,2,0,0,143774.06,0
516,2,1,43,2,112773.73,2,1,1,139366.58,0
624,0,0,27,9,94667.29,2,0,1,4470.52,0
623,2,0,21,10,0.0,2,0,1,135851.3,0
624,1,0,51,5,174397.21,2,1,1,172372.63,0
645,2,0,42,6,0.0,1,0,0,149807.01,0
707,2,0,33,8,136678.52,1,1,0,54290.62,0
655,1,1,36,1,135515.76,1,1,0,86013.96,0
705,1,1,24,5,177799.83,2,0,0,79886.06,0
578,0,0,34,8,147487.23,2,1,0,66680.77,0
681,0,1,48,8,139480.18,1,1,1,163581.67,0
559,1,0,25,5,0.0,2,1,1,163221.22,0
488,1,1,39,9,140553.46,1,0,0,12440.44,0
717,2,1,36,5,0.0,2,1,1,145551.6,0
666,2,1,41,10,141162.08,1,1,0,50908.48,0
582,1,0,26,4,65848.36,2,1,0,30149.21,0
733,1,1,30,0,83319.28,1,0,0,57769.2,0
693,2,0,41,4,0.0,2,0,0,156381.47,0
694,2,1,33,4,129731.64,2,1,0,178123.86,0
622,2,1,35,5,0.0,2,1,0,51112.8,0
598,1,1,38,6,0.0,2,0,0,173783.38,0
494,0,0,37,5,107106.33,2,1,0,172063.09,0
644,2,0,33,8,0.0,2,1,1,155294.17,0
554,2,1,30,9,0.0,2,1,1,40320.3,0
667,2,0,28,6,165798.1,1,1,0,147090.9,0
748,1,1,40,4,0.0,2,1,0,132368.47,0
531,1,1,45,1,126495.57,2,1,1,164741.5,0
845,0,1,41,2,81733.74,2,0,0,199761.29,0
695,1,0,28,0,96020.86,1,1,1,57992.49,0
841,1,0,41,1,0.0,2,0,1,193093.77,0
626,0,0,36,2,181671.16,2,1,1,57531.14,0
613,2,1,29,6,185709.28,2,1,1,77242.19,0
584,2,1,44,5,95671.75,2,1,1,106564.88,0
672,2,1,34,1,142151.75,2,1,1,168753.34,0
603,2,0,43,5,127823.93,1,1,1,19483.35,0
633,0,0,43,3,144164.29,1,1,1,158646.46,0
661,2,1,27,3,0.0,2,1,1,76889.79,0
632,2,0,41,0,106134.46,1,0,1,105570.39,0
684,0,0,29,8,127269.75,1,0,1,79495.01,0
687,2,0,39,7,0.0,2,1,0,26848.25,0
639,2,0,43,6,99610.92,2,1,0,187296.78,0
556,1,1,48,8,168522.37,1,1,1,151310.16,0
570,2,0,32,9,117337.54,2,0,1,62810.91,0
705,0,0,35,4,136496.12,2,1,0,116672.02,0
553,2,0,32,3,116324.53,1,1,0,77304.49,0
779,0,1,40,2,75470.23,1,1,1,52894.01,0
696,2,0,28,4,172646.82,1,1,1,116471.43,0
728,1,1,37,4,0.0,1,0,0,4539.38,0
691,0,0,27,3,160358.68,2,1,0,142367.72,0
706,2,0,30,3,98415.37,1,1,1,110520.48,0
627,0,1,30,6,57809.32,1,1,0,188258.49,0
716,0,1,18,3,128743.8,1,0,0,197322.13,0
501,0,0,24,4,130806.42,2,1,0,80241.14,0
601,2,0,41,1,123971.16,1,0,1,172814.99,0
634,2,0,45,9,0.0,2,0,0,17622.82,0
451,1,1,23,9,0.0,2,0,1,48021.71,0
458,2,1,39,9,0.0,2,1,0,116343.09,0
520,2,0,33,4,156297.58,2,1,1,166102.61,0
624,1,1,28,2,0.0,2,0,1,104353.26,0
765,2,0,51,3,123372.3,1,1,1,115429.32,0
665,1,0,41,8,0.0,2,1,0,132152.32,0
709,0,0,34,4,148375.19,2,1,1,21521.38,0
583,2,1,44,8,0.0,2,1,1,27431.62,0
782,1,0,34,6,147422.44,1,0,1,42143.61,0
547,2,1,38,5,167539.97,1,0,1,159207.34,0
840,2,1,39,1,94968.97,1,1,0,84487.62,0
667,0,1,27,3,106116.5,2,1,0,3674.71,0
723,2,0,34,5,0.0,2,0,1,12092.03,0
487,2,0,45,2,0.0,2,1,0,77475.73,0
668,2,1,31,9,0.0,2,0,0,41291.73,0
520,0,0,34,8,120018.86,2,1,1,343.38,0
549,2,0,37,2,112541.54,2,0,0,47432.43,0
567,2,1,35,5,166118.45,2,1,0,127827.18,0
712,2,1,37,1,106881.5,2,0,0,169386.81,0
689,0,0,26,4,120727.97,1,0,1,149073.88,0
747,2,0,41,5,0.0,2,1,1,22750.17,0
469,0,0,38,9,113599.42,1,0,0,11950.29,0
743,2,0,32,9,0.0,2,1,0,175252.78,0
707,2,0,47,3,0.0,2,1,0,174303.29,0
581,1,1,50,4,0.0,2,1,1,80701.72,0
737,1,0,38,6,146282.79,2,1,0,198516.2,0
445,0,1,38,6,119413.62,2,1,0,175756.36,0
703,0,1,29,3,122084.63,1,0,1,82824.08,0
765,2,0,44,6,0.0,2,1,1,159899.97,0
626,2,0,33,8,0.0,2,1,0,138504.28,0
545,0,0,37,9,110483.86,1,1,1,127394.67,0
744,2,0,31,9,120718.28,1,1,1,58961.49,0
629,0,0,28,8,108601.0,1,1,1,119647.7,0
686,1,1,36,5,0.0,2,1,1,152979.14,0
743,2,0,36,4,0.0,2,1,1,190911.02,0
626,1,1,48,2,0.0,2,1,1,95794.98,0
710,0,0,45,9,108231.37,1,1,1,188574.08,0
569,1,1,34,6,144855.34,1,0,0,196555.32,0
562,2,0,45,6,136855.24,1,1,0,46864.0,0
456,0,0,32,9,133060.63,1,1,1,125167.92,0
811,1,0,39,7,0.0,2,1,1,177519.39,0
534,2,0,24,1,0.0,1,1,1,169653.32,0
594,0,0,28,5,185013.02,1,1,0,16481.12,0
725,1,1,32,0,0.0,2,1,1,138525.19,0
595,0,1,41,9,150463.11,2,0,1,81548.38,0
679,2,1,33,1,0.0,2,0,0,69608.48,0
667,1,0,39,9,0.0,2,1,0,68873.8,0
661,2,1,37,5,136425.18,1,1,0,81102.81,0
611,0,1,40,7,128486.91,2,1,0,10109.47,0
600,2,1,38,9,0.0,2,1,1,58855.85,0
531,1,0,37,1,143407.29,2,0,1,84402.46,0
759,2,0,40,4,0.0,2,1,0,124615.59,0
678,1,1,49,8,0.0,2,0,1,98090.69,0
755,0,1,33,6,90560.3,2,1,1,42607.69,0
768,2,0,42,5,0.0,3,0,0,60686.4,0
492,2,1,31,7,0.0,2,1,1,49463.44,0
646,1,1,42,3,99836.47,1,0,1,22909.56,0
596,1,0,41,5,0.0,2,0,1,141053.85,0
642,2,0,25,7,0.0,2,1,0,102083.78,0
472,1,1,28,4,0.0,2,1,0,1801.77,0
738,0,0,35,6,101744.84,1,0,0,85185.44,0
732,1,0,33,8,0.0,1,1,0,119882.7,0
701,2,0,44,7,0.0,2,1,0,23425.78,0
683,2,0,31,2,0.0,2,0,1,77326.78,0
690,2,0,29,5,0.0,2,1,0,108577.97,0
671,2,0,30,2,0.0,1,0,1,102057.86,0
765,1,1,32,9,178095.55,1,0,0,47247.56,0
651,0,1,25,2,109175.14,2,1,0,114566.47,0
544,2,1,45,6,0.0,2,0,1,151401.33,0
790,2,1,40,9,0.0,2,1,1,70607.1,0
710,0,0,34,9,134260.36,2,1,0,147074.67,0
743,2,0,37,8,69143.91,2,0,1,105780.18,0
702,2,0,34,4,100054.77,1,1,0,109496.45,0
704,2,1,45,6,0.0,1,1,1,137739.45,0
614,2,0,38,2,116248.88,1,1,0,105140.92,0
688,2,1,32,6,123157.95,1,1,0,172531.23,0
713,2,0,44,1,63438.91,1,1,0,64375.4,0
727,2,0,18,4,133550.67,1,1,1,46941.41,0
850,2,1,38,1,106871.81,2,1,0,29333.01,0
718,1,0,45,3,105266.32,2,1,1,193724.51,0
653,2,0,41,8,102768.42,1,1,0,55663.85,0
690,2,0,35,6,112689.95,1,1,0,176962.31,0
819,2,0,38,9,122334.26,2,1,1,181507.44,0
634,1,0,34,1,0.0,2,1,0,61995.57,0
633,1,0,33,4,137847.41,2,1,0,98349.13,0
850,2,0,49,5,122486.47,1,0,1,59748.19,0
665,2,0,33,2,101286.11,1,1,1,159840.51,0
630,1,0,26,7,0.0,2,1,1,6656.64,0
668,2,0,38,10,86977.96,1,0,1,37094.75,0
660,2,1,35,6,100768.77,1,1,0,19199.61,0
608,2,0,42,5,0.0,2,1,0,178504.29,0
744,2,1,44,3,0.0,2,1,1,189016.14,0
731,2,1,40,7,118991.79,1,1,1,156048.64,0
727,2,0,28,5,0.0,2,0,1,19653.08,0
561,0,0,32,6,166824.59,1,1,0,139451.98,0
700,2,1,34,2,76322.69,1,1,0,128136.29,0
605,2,0,35,6,0.0,2,1,1,45206.57,0
511,2,0,33,7,0.0,2,0,1,158313.87,0
667,2,0,40,9,0.0,1,1,1,96670.2,0
787,2,0,33,1,126588.81,2,0,1,62163.53,0
773,0,0,43,8,81844.91,2,1,1,35908.46,0
554,2,0,40,4,0.0,1,0,1,168780.04,0
661,0,0,35,2,117212.18,1,1,1,83052.03,0
698,2,1,46,0,0.0,2,1,1,125962.02,0
646,2,0,26,4,139848.17,1,1,0,164696.27,0
757,0,1,34,9,101861.36,2,0,0,187011.96,0
699,1,0,35,2,167455.66,2,1,1,55324.49,0
667,2,1,24,4,0.0,2,0,1,34335.55,0
774,1,1,43,1,116360.07,1,1,0,17004.14,0
745,1,0,40,3,88466.82,1,0,0,116331.42,0
649,2,1,42,7,0.0,2,0,1,22974.01,0
665,1,0,38,9,0.0,1,0,1,87412.74,0
713,2,0,38,9,72286.84,2,1,1,26136.89,0
652,2,1,40,1,0.0,2,1,0,126554.96,0
739,1,0,40,1,109681.61,1,1,1,193321.3,0
699,1,0,34,8,0.0,1,1,1,76510.46,0
708,1,1,32,8,187487.63,1,1,1,120115.5,0
480,2,0,35,2,165692.91,1,1,1,197984.58,0
845,2,0,33,8,164385.53,1,1,0,150664.97,0
613,2,0,37,9,108286.5,1,1,1,114153.44,0
850,2,1,34,2,0.0,2,1,1,171706.66,0
614,1,0,35,2,127283.78,1,1,1,31302.35,0
473,1,0,48,8,0.0,2,1,0,71139.8,0
762,2,0,29,6,141389.06,1,1,0,54122.89,0
701,2,0,37,8,130091.5,1,1,1,120031.29,0
600,2,0,35,4,143744.77,2,1,0,104076.51,0
850,1,0,28,9,97408.03,1,1,1,175853.64,0
613,1,0,30,9,111927.45,1,1,1,175795.87,0
509,2,0,31,3,0.0,2,1,0,15360.91,0
509,1,0,38,2,0.0,1,0,0,168460.12,0
609,2,0,34,1,0.0,1,1,1,181177.9,0
456,2,1,33,1,188285.68,1,0,0,58363.94,0
663,1,0,33,9,0.0,2,0,0,91514.62,0
673,0,1,34,1,127122.79,3,0,1,76703.1,0
717,2,0,40,0,98241.04,1,1,0,110887.14,0
741,0,1,37,8,170840.08,2,0,0,109843.16,0
850,2,1,26,4,62610.96,2,0,1,179365.1,0
493,2,0,36,9,0.0,2,1,1,65816.53,0
686,2,1,47,5,113328.93,1,1,0,124170.9,0
666,1,0,35,2,104832.49,1,1,0,175015.12,0
733,1,1,31,9,102289.85,1,1,1,115441.66,0
631,0,1,34,6,125227.82,2,0,1,128247.03,0
714,0,1,49,5,140510.89,1,1,0,141914.94,0
711,0,0,43,2,39043.29,2,1,1,175423.69,0
722,2,0,34,8,0.0,2,1,1,133447.49,0
701,0,0,38,3,125385.49,2,0,1,52044.66,0
790,1,0,46,2,131365.37,2,1,1,180290.68,0
644,2,1,37,8,0.0,2,1,0,20968.88,0
757,1,0,44,5,140856.16,2,1,0,158735.1,0
696,2,1,30,8,0.0,2,1,1,196134.44,0
746,2,0,35,2,172274.01,1,1,0,22374.97,0
649,1,0,36,8,0.0,2,1,0,161668.15,0
565,1,0,38,0,122447.76,1,0,0,67339.34,0
835,2,0,28,2,163569.61,2,1,1,154559.28,0
785,0,1,33,6,127211.45,1,0,0,191961.83,0
621,0,1,30,2,101014.08,2,1,1,165257.31,0
717,1,1,39,6,0.0,2,1,0,93275.61,0
595,0,1,41,2,138878.81,1,0,1,112269.67,0
539,1,1,37,1,130922.81,2,0,0,2186.83,0
762,2,0,35,9,0.0,2,1,1,43075.7,0
706,1,0,20,8,0.0,2,1,1,12368.11,0
677,1,1,25,8,130866.19,1,1,0,42410.21,0
733,0,1,33,7,187257.94,1,0,1,190430.81,0
684,1,1,41,7,0.0,1,1,1,138394.37,0
679,2,0,36,6,147733.64,1,0,1,172501.38,0
478,1,0,43,1,0.0,2,1,1,197916.43,0
696,2,0,33,2,163139.27,1,1,1,7035.36,0
686,1,1,35,4,0.0,2,1,1,159676.55,0
466,2,1,36,5,119540.15,1,0,1,80603.99,0
686,2,1,41,4,129553.76,2,1,0,187599.8,0
757,2,1,49,2,0.0,2,0,0,164482.92,0
582,2,1,29,0,0.0,1,1,1,84012.81,0
623,2,1,35,5,0.0,2,1,0,101192.08,0
425,2,0,39,4,0.0,2,1,0,197226.32,0
605,2,1,33,4,0.0,2,0,1,83700.66,0
665,0,0,25,5,153611.83,2,1,0,35321.65,0
726,1,1,27,7,123826.07,1,0,1,78970.58,0
550,2,1,48,6,0.0,2,1,1,191870.28,0
732,2,1,43,6,0.0,2,1,0,65731.53,0
473,2,1,33,5,125827.43,1,0,1,145698.73,0
745,1,0,34,9,0.0,2,1,0,50046.25,0
732,2,0,36,7,0.0,2,1,1,60830.24,0
848,0,1,40,5,148495.64,1,0,0,158853.98,0
572,2,0,37,1,133043.66,1,0,0,111243.09,0
702,2,0,45,9,74989.58,1,1,1,171014.69,0
664,0,0,39,7,60263.23,1,1,0,170835.32,0
618,0,0,44,5,157955.83,2,0,0,139297.71,0
556,2,0,26,4,0.0,1,1,0,195167.38,0
619,2,1,30,7,70729.17,1,1,1,160948.87,0
658,1,0,50,2,0.0,2,1,0,52137.73,0
598,1,0,27,8,90721.52,2,1,0,109296.18,0
677,2,0,27,2,0.0,2,1,1,20092.89,0
591,2,0,33,9,131765.72,1,1,0,118782.06,0
709,2,1,40,9,131569.63,1,1,1,103970.58,0
650,0,1,25,2,114330.95,1,1,1,25325.07,0
651,1,1,45,10,135923.16,1,1,0,18732.84,0
723,2,1,49,4,0.0,2,0,1,89972.25,0
714,1,0,45,0,124693.48,1,0,1,187194.15,0
759,1,1,35,7,147936.42,1,1,1,106785.7,0
582,2,0,29,0,0.0,1,1,0,142516.35,0
697,2,1,34,2,126558.92,1,1,0,73334.43,0
488,0,1,33,4,140002.35,1,1,0,123613.81,0
781,2,0,32,6,147107.91,1,1,1,40066.95,0
645,2,0,19,9,128514.84,1,0,0,175969.19,0
597,0,1,40,9,106756.01,2,1,0,151167.94,0
561,1,1,28,3,0.0,2,1,0,191387.76,0
662,2,1,37,6,0.0,2,1,0,51229.17,0
630,2,1,36,2,110414.48,1,1,1,48984.95,0
672,1,0,33,2,0.0,2,1,1,182738.0,0
636,0,1,37,9,157098.52,1,1,1,153535.27,0
593,0,1,38,5,85626.6,1,1,1,125079.65,0
545,0,0,45,6,93796.42,2,1,1,162321.26,0
567,1,1,41,1,0.0,2,1,0,3414.72,0
583,2,0,51,6,125268.03,2,1,0,165082.25,0
681,2,1,29,2,148143.84,1,1,1,52021.39,0
762,1,0,29,10,115545.33,2,1,0,148256.43,0
648,1,0,35,7,0.0,2,0,0,122899.01,0
644,2,0,30,5,44928.88,1,1,1,10771.46,0
706,1,0,29,2,0.0,2,1,1,18255.51,0
850,2,0,35,3,162442.35,1,1,0,183566.78,0
484,1,1,39,5,0.0,2,1,1,175224.12,0
508,0,0,28,0,96213.82,2,1,0,147913.56,0
439,2,1,29,6,156569.43,1,1,0,180598.66,0
484,1,0,36,8,0.0,2,1,0,186136.48,0
803,1,1,37,1,0.0,2,0,0,7455.2,0
701,1,1,35,9,0.0,2,0,0,170996.86,0
537,2,0,37,3,0.0,2,1,1,20603.32,0
651,0,0,26,5,147037.32,1,0,0,141763.26,0
717,2,1,25,7,108664.85,2,1,0,190011.85,0
593,1,0,44,5,0.0,1,1,0,128046.98,0
706,0,0,38,5,163034.82,2,1,1,135662.17,0
794,1,0,38,9,179581.31,1,1,0,23596.24,0
824,2,0,45,3,129209.48,1,0,0,60151.77,0
554,2,1,26,7,92606.86,2,1,0,192709.69,0
731,0,0,35,2,127862.93,2,1,0,139083.7,0
625,0,1,37,4,142711.81,1,1,0,35625.41,0
592,2,1,38,4,0.0,2,1,0,35338.96,0
669,2,0,43,1,163159.85,1,0,1,15602.8,0
663,0,0,32,3,108586.86,1,1,1,182355.21,0
518,0,1,41,5,110624.99,1,1,0,89327.67,0
686,0,1,43,5,154846.24,2,1,1,151903.6,0
571,2,1,33,9,0.0,2,0,1,77519.62,0
707,2,1,31,2,82787.93,2,0,0,91423.69,0
701,0,0,32,5,102500.34,1,0,0,106287.77,0
672,2,0,34,9,0.0,2,1,0,161800.77,0
557,1,0,48,10,0.0,2,1,1,185094.48,0
479,2,1,35,2,113090.4,1,1,0,195649.79,0
730,2,1,22,9,65763.57,1,1,1,145792.01,0
616,2,0,31,3,94263.91,2,1,0,168895.06,0
639,1,0,29,4,133434.57,2,1,0,97983.44,0
815,1,1,39,6,0.0,1,1,1,85167.88,0
786,1,0,31,9,0.0,2,1,1,18210.36,0
549,2,0,50,9,94748.76,2,0,1,13608.18,0
622,2,1,38,4,98640.74,1,1,1,110457.99,0
624,2,0,26,9,74681.9,2,0,0,31231.35,0
841,2,0,34,4,0.0,2,1,0,141582.66,0
676,2,0,30,1,128207.23,1,1,1,55400.17,0
697,2,0,42,9,132739.26,2,0,0,174667.65,0
732,2,1,40,10,0.0,2,1,0,154189.08,0
623,2,0,27,4,120509.81,1,0,0,142170.44,0
541,2,0,46,4,124547.13,2,1,0,94499.06,0
773,1,1,39,4,0.0,2,0,1,182081.45,0
655,1,1,35,1,82231.51,2,1,0,88798.02,0
602,0,0,32,7,184715.86,2,1,0,113781.99,0
850,2,0,31,3,0.0,2,1,0,121866.87,0
649,1,0,51,4,0.0,1,1,1,150390.57,0
543,2,0,43,9,0.0,2,1,1,78858.07,0
600,2,1,27,3,0.0,2,0,1,125698.97,0
671,1,1,34,10,0.0,1,1,0,23235.38,0
706,1,1,42,8,95386.82,1,1,1,75732.25,0
541,0,0,51,7,90373.28,2,1,0,179861.79,0
711,0,0,34,4,133467.77,2,1,1,42976.64,0
630,1,0,30,3,0.0,2,0,1,10486.69,0
531,2,0,31,3,96288.26,1,1,0,56794.73,0
641,2,1,26,4,91547.84,2,0,1,28157.34,0
685,2,0,35,9,0.0,1,1,0,167033.83,0
702,1,0,32,8,71667.74,1,1,1,126082.18,0
654,0,0,37,2,145610.07,2,0,0,186300.59,0
596,2,1,33,1,138162.81,1,1,0,85412.54,0
549,0,1,31,9,135020.21,2,1,1,23343.18,0
754,2,0,38,2,0.0,2,1,0,180698.32,0
815,0,1,25,8,135161.67,1,1,1,136071.05,0
706,2,0,32,6,94486.47,1,1,1,146949.74,0
850,2,0,46,9,117640.39,1,1,0,88920.68,0
732,1,1,33,8,111379.55,1,1,1,45098.62,0
593,2,1,46,7,98752.51,1,1,0,145560.38,0
653,0,1,25,2,158266.42,3,1,1,199357.24,0
746,2,1,29,4,105599.67,1,1,1,43106.17,0
662,2,1,29,10,0.0,2,1,0,137508.31,0
573,2,0,31,2,0.0,2,1,1,91957.39,0
684,1,1,39,4,139723.9,1,1,1,120612.11,0
793,2,1,41,3,141806.46,1,1,0,102921.17,0
524,2,0,40,2,180516.9,1,1,0,180002.42,0
816,2,0,31,8,0.0,2,1,1,28407.4,0
608,0,0,42,8,131390.75,2,1,0,71178.09,0
704,1,0,37,4,0.0,2,0,0,25684.93,0
581,2,0,41,8,0.0,2,0,0,29737.14,0
735,1,0,29,10,0.0,2,1,1,95025.27,0
680,2,1,34,1,0.0,2,1,0,167035.07,0
663,0,1,29,4,102714.65,2,0,0,21170.81,0
665,2,1,34,5,67816.72,1,1,1,29641.58,0
758,2,0,51,8,81710.46,1,1,1,116520.07,0
621,2,0,26,2,75237.54,1,0,1,44220.4,0
764,0,0,28,10,124023.18,1,1,0,166188.28,0
589,2,1,46,10,107238.85,2,1,0,37024.28,0
555,2,0,24,5,0.0,2,1,0,27513.47,0
734,2,1,29,0,139994.66,1,1,0,17744.72,0
607,1,1,25,4,121166.89,1,0,1,115288.24,0
537,1,1,38,1,0.0,2,0,1,41233.97,0
637,2,0,40,8,125470.81,1,1,1,174536.17,0
629,2,0,32,2,0.0,2,0,1,77965.44,0
583,0,0,40,4,107041.3,1,1,1,5635.63,0
763,1,1,32,10,95153.77,1,0,1,81310.1,0
516,0,0,32,3,145166.09,2,0,0,111421.45,0
617,2,1,27,4,0.0,2,0,0,190269.21,0
700,2,0,38,9,65962.63,1,1,1,100950.48,0
689,1,1,31,3,139799.63,1,0,1,120663.57,0
626,0,0,49,9,171787.84,2,1,0,187192.23,0
686,2,0,38,6,149238.97,1,1,1,97825.23,0
627,2,0,32,10,0.0,2,1,0,103287.62,0
451,0,1,38,9,61482.47,1,1,1,167538.66,0
774,2,1,41,5,126670.37,1,1,0,102426.06,0
652,2,1,40,8,84390.8,2,0,1,107876.2,0
638,0,0,37,2,89728.86,2,1,1,37294.88,0
567,1,0,40,4,118628.8,1,0,0,91973.63,0
750,2,0,37,3,0.0,2,1,0,16870.2,0
850,2,0,39,6,96863.13,1,1,1,121681.19,0
753,2,1,38,6,142263.45,1,0,1,33730.43,0
683,1,1,36,7,0.0,2,1,0,104786.59,0
710,2,1,32,3,0.0,1,1,0,94790.34,0
645,1,1,21,1,0.0,2,0,0,28726.07,0
714,2,0,28,6,122724.37,1,1,1,67057.27,0
696,0,1,35,4,174902.26,1,1,0,69079.85,0
612,1,1,26,4,0.0,2,1,1,179780.74,0
782,1,0,23,10,98052.66,1,1,1,142587.32,0
666,2,0,46,5,123873.19,1,1,1,177844.06,0
567,2,1,45,4,0.0,2,0,1,121053.19,0
613,2,0,20,3,0.0,2,1,1,149613.77,0
718,2,0,37,8,0.0,2,1,1,142.81,0
711,2,0,38,10,0.0,2,0,0,53311.78,0
691,0,1,38,5,114753.76,1,1,0,107665.02,0
527,2,0,32,0,0.0,1,1,0,109523.88,0
476,2,1,32,6,111871.93,1,0,0,112132.86,0
619,1,1,45,0,0.0,2,0,0,113645.4,0
607,0,1,37,4,135927.06,1,0,0,180890.4,0
695,1,0,44,8,0.0,2,1,1,70974.13,0
653,2,0,33,1,0.0,2,0,0,53379.52,0
677,2,0,46,2,57037.74,1,1,1,158531.01,0
625,2,1,52,2,79468.96,1,1,1,84606.03,0
679,0,1,34,7,121063.85,1,1,0,56984.58,0
734,2,0,51,1,118537.47,1,1,1,116912.45,0
666,2,0,39,10,0.0,2,1,0,102999.33,0
592,0,1,26,4,105082.07,2,1,0,132801.57,0
814,2,1,36,6,0.0,2,1,1,98657.01,0
592,0,0,36,2,104702.65,2,1,0,107948.72,0
638,0,0,25,4,148045.45,2,1,1,114722.42,0
558,2,0,35,1,0.0,2,0,0,111687.57,0
756,2,1,24,1,0.0,2,1,0,184182.25,0
505,2,0,34,10,104498.79,1,0,1,126451.14,0
671,1,1,29,6,0.0,2,0,0,12048.67,0
801,2,0,42,6,0.0,2,1,1,95804.33,0
604,2,0,26,8,149542.52,2,0,1,197911.52,0
716,2,1,29,10,87946.39,1,1,1,182531.74,0
607,0,0,47,4,148826.32,1,1,1,79450.61,0
717,0,1,35,5,103214.71,1,1,0,172172.7,0
573,2,1,33,0,90124.64,1,1,0,137476.71,0
723,1,0,38,6,0.0,2,1,1,94415.6,0
850,1,1,24,1,0.0,2,0,1,69052.87,0
668,0,0,34,5,80242.37,2,0,0,56780.97,0
686,2,1,43,0,0.0,1,1,1,170072.9,0
850,2,0,42,0,0.0,2,1,0,44165.84,0
537,2,1,53,3,0.0,1,1,1,91406.62,0
599,1,1,46,7,81742.84,2,1,0,83282.21,0
756,1,0,30,2,145127.85,1,0,0,7554.68,0
755,2,0,38,9,148912.44,1,1,0,80416.16,0
634,1,1,41,4,0.0,2,1,1,164549.74,0
837,2,0,26,4,89900.24,2,1,0,175477.03,0
727,0,1,30,8,119027.28,2,1,1,137903.54,0
567,0,1,40,2,105222.86,2,1,0,93795.86,0
655,1,0,34,1,116114.93,1,1,1,49492.15,0
843,2,1,27,5,0.0,2,1,1,67494.23,0
705,2,1,50,4,77065.9,2,0,1,145159.26,0
660,0,1,29,6,180520.29,1,1,1,123850.58,0
553,2,0,42,1,0.0,2,0,0,23822.04,0
641,0,1,40,2,110086.69,1,1,0,159773.14,0
513,1,1,31,5,174853.46,1,1,0,84238.63,0
680,2,0,44,7,108724.98,1,0,1,72330.46,0
689,1,0,40,2,0.0,2,1,1,164768.82,0
645,1,0,36,4,59893.85,2,1,0,43999.64,0
616,0,0,29,8,149318.55,1,1,0,140746.13,0
582,2,1,32,1,116409.55,1,0,1,152790.92,0
704,2,0,31,0,0.0,2,1,0,183038.33,0
656,2,1,46,5,113402.14,2,1,1,138849.06,0
712,2,1,31,7,0.0,2,1,0,170333.38,0
748,2,0,40,0,0.0,1,0,0,60416.76,0
724,2,0,28,9,0.0,2,1,1,100240.2,0
691,2,0,50,6,136953.47,1,1,1,2704.98,0
563,2,0,33,8,0.0,2,0,1,68815.05,0
741,2,0,32,5,0.0,1,1,1,64839.23,0
778,2,0,44,8,123863.64,1,1,0,144494.94,0
848,1,0,22,7,120811.89,1,1,1,185510.34,0
634,0,0,38,2,148430.55,1,1,1,56055.72,0
505,0,0,40,6,47869.69,2,1,1,155061.97,0
692,0,0,53,7,150926.99,2,0,0,119817.19,0
633,2,0,29,10,130206.28,1,1,0,184654.87,0
833,2,1,28,4,136674.51,2,0,0,5278.78,0
592,1,1,40,2,200322.45,1,1,1,113244.73,0
587,1,0,48,1,0.0,2,1,1,8908.0,0
622,1,1,41,9,0.0,2,1,1,155786.39,0
594,0,0,28,0,142574.71,2,1,0,129084.82,0
643,0,1,34,7,160426.07,1,0,1,188533.11,0
540,2,0,25,5,116160.23,1,1,0,13411.67,0
635,1,1,34,5,98683.47,2,1,0,15733.19,0
657,2,0,32,3,118829.03,2,1,1,73127.61,0
814,2,0,31,1,118870.92,1,1,0,101704.19,0
600,2,0,32,1,0.0,1,1,1,101986.16,0
682,2,1,46,2,0.0,1,1,1,114442.66,0
682,2,0,38,4,107192.38,1,1,1,15669.17,0
566,2,0,42,3,108010.78,1,1,1,157486.1,0
550,1,0,34,3,0.0,2,0,0,131281.28,0
630,2,0,26,7,129837.72,2,0,1,197001.15,0
762,1,0,35,9,122929.42,2,0,0,149822.04,0
498,2,1,30,1,0.0,2,0,0,135795.53,0
603,2,0,35,6,128993.76,2,1,0,130483.56,0
551,2,1,36,5,0.0,1,1,0,183479.12,0
627,0,0,27,0,185267.45,2,1,1,77027.34,0
515,2,1,28,9,0.0,2,0,0,94141.75,0
605,1,1,29,3,116805.82,1,0,0,4092.75,0
567,0,0,29,5,129750.68,1,1,0,109257.59,0
568,0,1,29,2,129177.01,2,0,1,104617.99,0
571,0,0,25,6,82506.72,2,1,0,167705.07,0
554,0,1,36,3,157780.93,2,1,0,6089.13,0
629,2,0,35,1,172170.36,1,1,1,159777.37,0
638,1,0,48,2,0.0,2,1,1,7919.08,0
576,2,0,41,1,0.0,1,1,1,188274.6,0
592,2,1,27,4,0.0,2,1,1,183569.25,0
702,1,0,30,2,0.0,2,1,1,145537.32,0
647,2,1,29,0,98263.46,2,1,0,164717.95,0
593,2,0,43,9,0.0,2,1,1,76357.43,0
625,1,1,31,8,0.0,2,1,0,151843.54,0
538,0,1,28,6,164365.44,1,0,1,5698.97,0
637,1,1,22,5,98800.0,1,1,0,122865.55,0
632,2,0,27,4,193125.85,1,1,1,152665.85,0
736,2,0,27,5,51522.75,1,0,1,192131.77,0
755,2,0,23,5,84284.48,2,1,1,62851.6,0
425,1,1,39,5,0.0,2,1,0,140941.47,0
745,2,0,21,4,137910.45,1,1,1,177235.23,0
616,2,1,37,6,0.0,2,1,0,86242.18,0
587,2,0,33,5,100116.82,1,1,0,34215.58,0
850,0,0,40,4,166082.15,2,0,1,44406.17,0
601,2,1,38,0,0.0,2,1,0,165196.65,0
730,1,0,26,3,0.0,1,1,0,34542.41,0
850,0,0,53,2,94078.97,2,1,0,36980.54,0
779,1,1,34,5,0.0,2,0,1,111676.63,0
562,2,0,29,9,0.0,1,1,1,25858.68,0
767,2,1,44,2,152509.25,1,1,1,136915.15,0
542,1,0,32,2,131945.94,1,0,1,159737.56,0
586,2,0,29,3,0.0,2,1,1,142238.54,0
740,2,1,37,7,0.0,2,1,1,194270.91,0
584,2,0,35,3,146311.58,1,1,1,105443.47,0
614,2,1,19,5,97445.49,2,1,0,122823.34,0
799,1,0,35,7,0.0,2,0,1,140780.8,0
724,2,0,34,2,154485.74,2,0,0,78560.64,0
601,2,0,50,2,115625.07,1,1,0,185855.21,0
804,2,0,25,7,108396.67,1,1,0,128276.95,0
745,0,0,38,5,65095.41,2,1,1,140197.42,0
518,2,1,38,10,84764.79,1,1,1,162253.9,0
819,2,1,38,10,0.0,2,1,0,30498.7,0
520,1,1,35,4,115680.81,1,1,1,90280.7,0
625,2,1,39,5,0.0,2,1,0,32615.21,0
673,0,0,36,5,73088.06,2,0,0,196142.26,0
656,0,1,27,3,150905.03,2,1,0,16998.72,0
850,1,1,23,9,143054.85,1,0,1,62980.96,0
574,1,1,28,7,0.0,2,0,0,185660.3,0
530,0,1,42,0,99948.45,1,0,1,97338.62,0
508,2,0,44,3,115451.05,2,0,0,67234.33,0
558,0,0,32,4,108235.91,1,1,1,143783.28,0
648,1,0,42,2,98795.61,2,1,0,89123.99,0
721,2,1,37,1,0.0,2,1,0,70810.8,0
751,2,0,31,8,0.0,2,0,0,17550.49,0
662,2,0,34,2,0.0,2,0,1,21497.27,0
628,0,0,29,3,113146.98,2,0,1,124749.08,0
698,1,1,40,0,92053.44,1,1,1,143681.83,0
723,2,0,48,7,0.0,2,1,1,150694.58,0
633,0,1,29,8,104944.1,1,1,1,97684.46,0
564,2,0,31,4,0.0,2,1,0,53520.03,0
649,2,1,31,2,0.0,2,1,0,15200.61,0
622,2,1,30,4,107879.04,1,0,1,196894.62,0
718,2,0,27,2,0.0,2,0,0,26229.24,0
655,1,1,34,4,109783.69,2,1,0,134034.32,0
696,2,0,22,9,149777.0,1,1,1,198032.93,0
637,2,1,38,3,104339.56,1,0,0,119882.86,0
630,1,1,21,1,85818.18,1,1,1,133102.3,0
592,2,0,37,4,212692.97,1,0,0,176395.02,0
634,0,0,37,1,89696.84,2,1,1,193179.88,0
608,2,1,28,9,0.0,2,1,1,125062.02,0
565,0,1,32,9,68067.24,1,1,0,143287.58,0
649,2,0,38,1,122214.0,1,0,1,88965.46,0
695,2,0,45,3,0.0,2,1,1,30793.61,0
788,2,1,39,3,135139.33,1,0,1,113086.08,0
544,2,1,32,9,110728.39,1,1,1,14559.62,0
614,2,1,41,8,121558.46,1,1,1,598.8,0
453,0,1,38,8,120623.21,1,1,0,129697.99,0
829,0,1,37,3,103457.76,1,0,0,1114.12,0
749,0,0,46,10,78136.36,2,1,1,73470.98,0
667,2,0,23,1,0.0,2,1,0,91573.19,0
670,1,0,30,3,133446.34,1,0,0,3154.95,0
670,2,1,33,7,0.0,2,1,1,88187.81,0
571,2,0,32,5,131354.25,1,1,0,125256.53,0
641,0,1,37,7,62974.64,2,0,1,39016.43,0
551,0,1,30,2,143340.44,1,1,0,145796.49,0
741,0,0,36,8,116993.43,2,1,0,168816.22,0
472,2,0,31,4,58662.92,2,0,1,73322.0,0
625,2,0,45,7,137555.44,1,0,0,124607.7,0
650,0,0,34,4,142393.11,1,1,1,11276.48,0
535,2,1,38,8,0.0,2,1,0,136620.64,0
649,2,1,41,2,125785.23,1,1,1,70523.92,0
694,1,0,38,7,121527.4,1,1,0,113481.02,0
655,0,0,52,9,144696.75,1,1,1,49025.79,0
620,2,0,36,8,0.0,2,1,1,145937.99,0
577,2,1,35,10,0.0,2,1,1,25161.61,0
599,2,0,25,6,120383.41,1,1,1,24903.09,0
704,2,0,42,8,129735.3,2,1,1,179565.57,0
480,2,1,28,6,0.0,2,0,0,48131.92,0
682,2,0,42,0,0.0,1,1,1,160828.98,0
700,1,0,31,7,0.0,2,0,1,145151.96,0
492,2,0,29,1,144591.96,1,1,1,196293.76,0
624,2,0,36,6,0.0,2,0,0,84635.64,0
709,2,0,37,7,0.0,1,1,0,159486.76,0
646,0,0,50,6,145295.31,2,1,1,27814.74,0
719,0,0,28,3,106070.29,2,1,1,183893.31,0
706,0,1,47,6,120621.89,1,1,1,140803.7,0
660,2,0,38,7,0.0,2,0,1,146585.53,0
667,2,0,36,9,0.0,2,1,1,40062.29,0
705,2,0,30,1,0.0,1,1,1,181300.32,0
598,0,1,27,10,171283.91,1,1,1,84136.12,0
669,2,0,26,4,0.0,2,1,1,197594.34,0
676,2,1,32,5,0.0,2,1,1,75465.41,0
714,0,0,28,7,77776.39,1,1,0,177737.07,0
559,2,0,29,1,0.0,2,0,0,155639.76,0
564,2,1,28,1,0.0,1,1,1,162428.05,0
689,2,0,39,7,0.0,2,0,0,14917.09,0
733,0,0,38,9,111347.37,2,0,1,194872.97,0
778,1,0,40,8,104291.41,2,1,1,117507.11,0
646,2,0,24,8,0.0,2,0,0,92612.88,0
597,2,1,33,6,135703.59,2,0,0,74850.84,0
821,0,1,37,5,106453.53,2,0,1,127413.0,0
540,0,0,39,1,82531.11,1,1,0,114092.52,0
540,0,0,39,4,127278.31,1,1,1,16150.34,0
535,2,1,45,2,0.0,2,0,1,170621.55,0
627,0,0,23,5,184244.86,1,1,0,103099.22,0
515,2,1,25,7,79543.59,1,0,1,38772.82,0
697,2,1,39,6,151553.19,1,1,1,44946.29,0
652,0,0,27,2,166527.88,2,0,1,146007.7,0
579,0,0,28,6,150329.15,1,1,0,145558.42,0
760,2,0,43,8,121911.59,1,1,0,193312.33,0
769,2,0,51,9,156773.78,2,1,0,40257.79,0
498,1,0,29,8,127864.26,1,1,1,46677.9,0
705,0,1,43,7,79974.55,1,1,1,103108.33,0
648,2,1,44,2,0.0,2,1,1,58652.23,0
705,2,0,33,3,144427.96,2,1,0,113845.19,0
654,2,0,42,7,99263.09,1,1,1,67607.9,0
624,2,1,32,2,79368.87,2,1,1,145471.94,0
594,2,1,30,10,0.0,2,1,1,124071.71,0
695,1,1,34,9,0.0,2,1,1,67502.12,0
597,2,0,28,2,0.0,3,1,1,78707.97,0
737,0,1,40,2,162485.8,2,1,0,149381.32,0
694,0,0,37,1,95668.82,2,1,0,100335.55,0
683,2,0,25,4,0.0,2,1,0,152698.24,0
538,1,1,30,8,0.0,2,1,1,41192.95,0
669,2,0,37,4,0.0,1,1,0,132540.33,0
730,2,1,34,5,74197.38,2,1,0,96875.52,0
622,2,1,31,1,89688.94,1,1,1,152305.47,0
714,1,1,33,10,103121.33,2,1,1,49672.01,0
569,1,1,34,3,0.0,1,1,0,133997.53,0
628,2,0,32,9,149136.31,2,1,1,16402.11,0
600,2,0,40,1,141136.79,1,1,1,67803.83,0
693,2,1,43,4,152341.55,1,1,0,9241.78,0
704,2,0,36,7,120026.98,2,0,1,100601.73,0
527,1,0,33,9,132168.28,1,0,0,98734.15,0
553,0,0,43,6,85200.82,2,1,1,160574.09,0
575,1,0,53,1,84903.33,2,0,1,26015.8,0
626,2,1,32,0,0.0,2,0,0,187172.54,0
582,2,0,20,4,0.0,1,1,1,55763.66,0
683,1,0,40,8,0.0,1,1,0,75848.22,0
850,2,0,30,9,121535.18,1,0,0,40313.47,0
653,1,0,35,6,116662.96,2,1,1,23864.21,0
549,0,1,49,6,124829.16,1,0,1,93551.36,0
850,1,1,36,2,155180.56,2,0,0,169415.54,0
558,0,1,32,1,108262.87,1,1,1,6935.31,0
528,1,0,40,4,0.0,2,1,0,25399.7,0
801,2,0,38,5,0.0,2,1,0,66256.27,0
666,0,0,38,6,99812.88,2,1,1,158357.97,0
606,2,0,35,2,132164.26,1,0,1,164815.59,0
544,0,0,39,4,142406.43,2,1,0,146637.45,0
850,2,1,41,5,0.0,2,1,1,34827.43,0
497,2,0,41,9,0.0,1,0,0,22074.48,0
764,2,1,39,5,81042.42,1,0,1,109805.17,0
609,2,0,40,6,0.0,2,1,1,97416.34,0
748,2,0,33,1,142645.43,1,0,0,69132.66,0
534,1,0,51,3,0.0,2,0,1,20856.31,0
607,2,0,25,3,0.0,2,0,0,187048.72,0
551,1,0,32,4,0.0,2,1,0,53420.53,0
674,2,0,45,7,142072.02,1,1,0,37013.29,0
525,2,1,25,6,0.0,2,1,0,89566.64,0
645,0,0,33,8,149564.61,1,0,0,149913.84,0
755,2,1,43,9,0.0,2,1,0,18066.69,0
708,0,0,37,8,153366.13,1,1,1,26912.34,0
715,2,0,21,6,76467.16,1,1,1,173511.72,0
727,2,1,26,9,121508.28,1,1,1,146785.44,0
559,1,1,27,1,0.0,1,0,1,1050.33,0
524,2,0,22,9,0.0,2,1,0,74405.34,0
671,1,0,38,0,92674.94,2,1,0,3647.57,0
667,0,1,36,1,114391.62,1,1,1,53412.54,0
831,0,0,32,9,80262.66,1,1,0,194867.78,0
545,1,1,33,7,173331.52,1,1,0,150452.88,0
604,1,1,35,7,147285.52,1,1,1,57807.05,0
487,1,1,36,1,140137.15,1,1,0,194073.33,0
711,0,1,35,2,133607.75,1,1,1,120586.32,0
551,2,0,37,3,0.0,2,1,1,50578.4,0
559,2,1,38,8,95139.41,1,1,1,86575.46,0
620,2,1,29,3,0.0,2,0,1,153392.28,0
660,1,0,42,5,0.0,2,1,0,115509.59,0
449,2,1,37,6,0.0,2,1,0,82176.48,0
703,0,1,26,1,97331.19,1,1,0,63717.49,0
795,0,0,37,2,139265.63,2,1,1,198745.94,0
594,2,1,31,9,0.0,1,0,1,5719.11,0
586,1,0,34,5,168094.01,1,0,0,20058.61,0
613,0,1,30,5,131563.88,2,1,0,170638.98,0
601,2,0,44,3,0.0,2,1,0,30607.11,0
657,2,0,50,9,0.0,2,0,0,37171.46,0
531,2,0,31,3,0.0,1,1,1,42589.33,0
621,0,0,47,7,107363.29,1,1,1,66799.28,0
782,2,1,33,2,94493.03,1,0,1,101866.39,0
528,0,1,29,9,170214.23,2,1,0,49284.0,0
586,2,1,35,7,0.0,2,1,0,70760.69,0
691,2,1,33,1,128306.83,1,1,1,113580.79,0
568,2,1,47,7,0.0,2,1,1,45978.39,0
715,2,1,35,3,0.0,1,1,1,152012.36,0
680,0,0,32,7,175454.0,1,0,1,77349.92,0
802,1,0,41,6,0.0,2,1,0,47322.05,0
539,2,1,22,0,100885.93,2,1,1,38772.65,0
594,0,0,38,6,63176.44,2,1,1,14466.08,0
596,2,0,33,2,139451.67,1,0,0,63142.12,0
649,2,1,52,8,49113.75,1,1,0,41858.43,0
787,2,1,40,6,0.0,2,1,1,84151.98,0
604,2,0,28,7,0.0,2,0,0,58595.64,0
538,1,1,42,9,0.0,1,0,0,152855.96,0
696,2,1,33,4,0.0,2,1,1,73371.65,0
507,0,1,46,8,102785.16,1,1,1,70323.68,0
685,1,0,34,6,83264.28,1,0,0,9663.28,0
705,0,0,41,4,72252.64,2,1,1,142514.66,0
499,0,1,29,6,148051.52,1,1,0,118623.94,0
632,2,0,32,6,111589.33,1,1,1,170382.99,0
744,0,0,32,4,96106.83,1,1,1,79812.77,0
663,0,0,42,7,115930.87,1,1,0,19862.78,0
638,0,1,37,7,124513.66,2,1,0,158610.89,0
588,1,0,46,8,0.0,1,1,0,61931.21,0
687,1,0,35,8,100988.39,2,1,0,22247.27,0
599,2,0,44,10,118577.24,1,1,1,31448.52,0
718,1,0,28,6,0.0,2,1,0,146875.86,0
730,2,0,27,5,0.0,2,1,1,116081.93,0
711,1,1,28,5,0.0,2,1,1,93959.96,0
555,1,1,26,9,0.0,2,0,1,158918.03,0
850,2,1,42,9,113311.11,1,1,1,198193.75,0
678,2,1,41,9,0.0,1,0,0,13160.03,0
576,2,0,32,7,0.0,2,1,0,4660.91,0
592,2,0,42,1,147249.29,2,1,1,63023.02,0
774,2,0,36,7,103688.19,1,0,1,118971.74,0
620,2,1,29,1,138740.24,2,0,0,154700.61,0
519,1,0,39,4,111900.14,1,1,1,97577.17,0
734,1,1,37,0,152760.24,1,1,1,48990.5,0
733,2,0,51,10,141556.96,1,1,0,130189.53,0
650,2,1,43,6,0.0,2,1,1,16301.91,0
538,2,1,33,5,0.0,2,1,0,126962.41,0
577,2,1,46,1,0.0,1,1,1,158750.53,0
792,2,0,30,8,0.0,2,1,0,199644.2,0
589,2,0,29,2,0.0,2,0,1,98320.27,0
530,2,0,25,9,162560.32,1,1,0,64129.03,0
778,0,1,29,7,123229.46,1,1,0,181221.09,0
616,1,0,31,7,76665.71,2,1,1,163809.08,0
655,2,1,51,3,0.0,2,0,1,15801.02,0
721,2,0,46,1,115764.32,2,0,0,102950.79,0
499,0,0,36,5,131142.53,2,1,0,174918.46,0
696,1,1,36,7,0.0,2,1,1,82298.59,0
681,2,0,34,7,0.0,2,0,0,130686.59,0
681,1,0,30,2,111093.01,1,1,0,68985.99,0
641,1,0,42,9,132657.55,1,1,0,35367.19,0
487,2,0,37,6,0.0,2,1,1,126477.41,0
729,2,0,39,4,121404.64,1,1,1,159618.17,0
580,2,1,35,1,102097.33,1,0,1,168285.85,0
642,2,0,40,1,154863.15,1,1,1,138052.51,0
850,1,1,41,3,99945.93,2,1,0,71179.31,0
616,0,0,39,2,121704.32,2,1,0,55556.3,0
526,1,1,43,3,0.0,2,1,0,31705.19,0
523,0,0,35,8,138782.76,1,1,1,186118.93,0
663,2,0,35,9,0.0,2,1,1,195580.28,0
840,2,0,30,8,136291.71,1,1,0,54113.38,0
570,0,0,42,0,107856.57,2,1,0,127528.84,0
491,0,0,19,2,125860.2,1,0,0,129690.5,0
584,2,0,49,8,172713.44,1,1,0,113860.81,0
810,2,1,51,5,0.0,2,0,1,184524.74,0
625,2,1,39,3,130786.92,1,0,1,121316.07,0
535,2,1,29,2,112367.34,1,1,0,185630.76,0
729,1,1,45,7,91091.06,2,1,0,71133.12,0
655,2,1,26,7,106198.5,1,0,1,32020.42,0
751,2,0,47,5,142669.93,2,1,0,162760.96,0
525,2,0,33,1,112833.35,1,0,1,175178.56,0
532,2,1,40,5,0.0,2,0,1,177099.71,0
696,1,1,43,4,0.0,2,1,1,66406.37,0
786,0,1,32,2,104336.43,2,0,0,59559.81,0
596,0,0,47,5,140187.1,2,1,1,174311.3,0
683,2,0,39,4,0.0,2,1,0,171716.81,0
551,2,0,31,1,0.0,2,1,1,185105.44,0
526,1,0,30,8,0.0,1,1,0,36251.0,0
849,2,1,41,9,115465.28,1,1,0,103174.5,0
471,2,1,27,4,0.0,2,1,0,122642.09,0
628,1,0,43,3,184926.61,1,1,0,122937.57,0
674,0,0,43,8,85957.88,2,1,0,8757.39,0
797,2,0,32,10,114084.6,1,0,1,125782.29,0
590,1,1,29,2,166930.76,2,1,0,122487.73,0
588,2,1,27,8,0.0,1,1,0,20066.38,0
577,2,0,29,7,0.0,2,1,1,55473.15,0
571,2,1,38,6,107193.82,2,0,0,38962.94,0
680,2,0,36,3,116275.12,1,1,1,63795.8,0
648,1,1,27,7,0.0,2,1,1,163060.43,0
618,2,0,39,2,91068.56,1,1,0,26578.69,0
648,0,0,41,5,123049.21,1,0,1,5066.76,0
759,2,1,39,6,0.0,2,1,1,140497.67,0
585,2,0,40,7,0.0,2,0,0,146156.98,0
774,2,1,42,3,137781.65,1,0,0,199316.19,0
697,0,1,48,2,108128.96,2,1,1,103944.37,0
605,1,0,39,10,105317.73,2,1,0,138021.36,0
676,2,0,20,1,80569.73,1,0,0,68621.98,0
678,2,1,22,4,174852.89,1,1,1,28149.06,0
770,2,0,36,2,89800.14,1,1,1,105922.69,0
659,2,0,43,1,106086.42,2,1,0,26900.63,0
693,2,0,21,1,0.0,2,1,1,3494.02,0
744,2,0,47,9,0.0,2,1,0,113163.17,0
829,1,1,26,8,101440.36,2,1,1,19324.5,0
716,2,0,38,4,0.0,2,1,0,189678.7,0
671,2,0,34,7,106603.74,2,1,1,26387.71,0
835,0,1,29,10,130420.2,2,0,0,106276.55,0
636,2,1,38,1,0.0,1,1,0,45015.38,0
649,1,0,29,2,45022.23,1,1,1,173495.77,0
621,0,0,27,1,74298.43,1,1,1,52581.96,0
784,1,0,48,7,0.0,2,1,1,182609.97,0
783,1,1,37,1,136689.66,1,1,0,197890.65,0
615,2,0,32,4,0.0,2,1,1,6225.63,0
762,2,0,53,1,102520.37,1,1,1,170195.4,0
607,2,0,35,2,0.0,2,1,1,114190.3,0
601,2,1,34,5,0.0,2,1,0,27022.57,0
812,2,0,44,4,115049.15,2,1,0,165038.41,0
680,2,0,33,1,123082.08,1,1,0,134960.98,0
631,2,1,33,8,0.0,2,0,0,117374.22,0
569,2,1,43,7,0.0,2,1,1,77703.19,0
584,0,0,33,3,88311.48,2,1,1,177651.38,0
582,2,1,40,9,0.0,3,1,1,60954.45,0
609,2,0,32,7,71872.19,1,1,1,151924.9,0
506,1,0,35,6,110046.93,2,1,0,26318.73,0
503,2,0,42,8,104430.08,1,1,1,147557.71,0
503,2,1,28,5,0.0,2,1,0,125918.17,0
806,0,0,31,10,138653.51,1,1,0,190803.37,0
653,2,1,31,7,102575.04,1,1,1,11043.54,0
674,1,0,32,2,0.0,2,1,0,140579.17,0
798,2,0,32,7,0.0,2,0,1,37731.95,0
740,2,1,30,8,105209.54,1,1,0,1852.58,0
531,0,1,32,0,109570.21,2,1,1,172049.84,0
556,2,0,35,10,0.0,2,1,1,192751.18,0
678,0,1,43,2,153393.18,2,1,1,193828.27,0
587,0,0,33,6,132603.36,1,1,0,55775.72,0
527,1,1,36,6,0.0,2,1,1,102280.29,0
757,0,1,34,1,129398.01,2,0,0,44965.44,0
468,1,0,28,3,0.0,2,1,0,170661.02,0
693,2,0,29,2,151352.74,1,0,0,197145.89,0
770,2,1,30,8,0.0,2,1,0,100557.03,0
716,2,1,22,8,0.0,2,1,1,92606.98,0
439,2,0,36,2,165536.28,2,1,1,123956.83,0
538,0,0,25,5,62482.95,1,1,1,102758.43,0
743,2,0,40,8,68155.59,1,1,0,94876.65,0
656,2,0,37,2,0.0,2,0,1,67840.81,0
666,2,1,31,2,79589.43,1,0,0,4050.57,0
627,1,0,41,5,100880.76,1,0,1,134665.25,0
480,0,1,25,3,174330.35,2,0,0,181647.13,0
792,2,0,19,7,143390.51,1,1,0,33282.84,0
476,0,0,30,3,134366.42,1,1,0,68343.53,0
539,2,1,24,3,0.0,2,1,1,198161.07,0
810,0,0,35,3,96814.46,2,1,1,120511.03,0
763,0,0,32,9,160680.41,1,1,0,30886.35,0
640,2,1,29,3,0.0,2,1,0,2743.69,0
655,2,1,47,10,0.0,2,1,0,167778.62,0
526,0,0,31,5,145537.21,1,1,0,132404.64,0
554,2,1,45,6,0.0,2,1,1,181204.5,0
560,1,1,28,1,0.0,2,1,1,120880.72,0
623,0,0,42,1,149332.48,2,1,0,100834.22,0
620,2,0,32,7,0.0,2,1,1,34665.79,0
561,2,0,21,4,0.0,1,1,1,36942.35,0
753,2,1,39,7,155062.8,1,1,1,16460.77,0
721,1,0,43,3,88798.34,1,0,0,45610.63,0
451,2,0,33,6,0.0,2,1,0,184954.11,0
590,1,1,23,7,0.0,2,1,0,196789.9,0
634,0,0,27,3,107027.52,1,1,0,173425.68,0
676,2,0,29,4,140720.93,1,1,0,36221.18,0
642,2,0,30,8,80964.57,2,1,0,174738.2,0
736,1,1,26,4,135889.13,1,1,1,165692.03,0
656,2,0,43,7,134919.85,1,1,0,194691.95,0
832,1,1,34,6,138190.13,2,0,1,146511.2,0
631,0,0,37,9,131519.49,2,1,1,51752.18,0
648,0,1,39,3,126935.98,2,0,1,57995.74,0
615,2,0,39,4,133707.09,1,1,1,108152.75,0
682,2,1,27,1,97893.2,1,1,0,166144.98,0
694,2,0,34,5,127900.03,1,1,0,101737.8,0
694,2,0,37,10,143835.47,1,0,1,33326.71,0
607,2,0,44,0,0.0,2,1,1,81140.09,0
645,2,1,40,3,129596.77,1,1,1,103232.6,0
653,1,0,30,4,0.0,2,1,0,120736.04,0
619,0,1,41,8,142015.76,2,1,0,114323.66,0
752,1,0,44,6,83870.33,1,1,0,178722.24,0
643,1,1,34,8,117451.47,1,1,0,65374.86,0
573,0,1,35,9,206868.78,2,0,1,102986.15,0
686,2,1,39,3,111695.62,1,0,0,136643.84,0
702,2,1,29,6,149218.39,1,1,1,9633.01,0
652,2,0,51,7,0.0,2,0,1,43496.36,0
641,1,0,32,7,0.0,2,1,1,24267.28,0
574,1,0,34,5,0.0,2,0,0,28269.86,0
643,2,1,31,3,167949.48,1,1,0,143162.34,0
834,2,0,23,4,131254.81,1,1,0,20199.3,0
591,2,0,28,5,0.0,2,1,1,48606.92,0
470,1,0,34,9,0.0,2,0,1,89013.67,0
608,1,0,34,7,86656.13,1,0,1,59890.29,0
665,2,1,38,5,0.0,2,1,0,156439.56,0
651,2,1,39,6,0.0,1,1,0,24176.44,0
677,1,0,40,5,0.0,2,1,0,88947.56,0
665,0,0,32,1,132178.67,1,0,0,11865.76,0
485,2,1,27,3,0.0,2,1,0,141449.86,0
577,1,0,43,6,0.0,2,1,1,149457.81,0
722,0,0,29,1,107233.85,2,1,0,24924.92,0
528,2,1,27,7,176227.07,2,0,1,139481.53,0
542,2,1,39,4,109949.39,2,1,1,41268.65,0
552,2,1,34,5,0.0,2,1,1,1351.41,0
575,1,1,37,9,133292.45,1,1,0,111175.09,0
669,2,1,43,1,160474.59,1,1,1,95963.14,0
636,2,0,43,6,0.0,2,1,0,43128.95,0
637,0,1,36,10,145750.45,2,1,1,96660.76,0
516,1,1,45,8,109044.3,1,0,1,115818.16,0
801,2,1,32,4,75170.54,1,1,1,37898.5,0
692,2,1,42,2,0.0,2,1,0,145222.93,0
585,2,1,28,6,105795.9,1,1,1,41219.09,0
590,2,0,32,5,0.0,2,1,0,59249.83,0
690,2,1,26,3,118097.87,1,1,0,61257.83,0
697,0,0,29,0,172693.54,1,0,0,141798.98,0
610,2,0,36,4,129440.3,2,1,0,102638.35,0
599,1,0,36,4,0.0,2,0,0,13210.56,0
544,2,0,23,1,96471.2,1,1,0,35550.97,0
635,1,0,24,4,140197.18,1,1,1,142935.83,0
722,2,0,20,6,0.0,2,1,0,195486.28,0
564,2,1,33,4,135946.26,1,1,0,63170.0,0
607,0,0,36,8,143421.74,1,1,0,97879.02,0
525,2,0,26,7,153644.39,1,1,1,63197.88,0
606,1,1,53,1,109330.06,1,1,1,75860.01,0
686,0,1,27,1,115095.88,2,0,0,78622.46,0
827,1,0,46,1,183276.32,1,1,1,13460.27,0
572,2,0,33,9,68193.72,1,1,0,19998.31,0
726,2,1,32,8,0.0,2,0,0,185075.63,0
579,0,0,31,6,139729.54,1,0,1,135815.38,0
663,2,0,36,10,0.0,2,1,0,136349.55,0
505,0,1,37,10,122453.97,2,1,1,52693.99,0
576,0,0,30,7,132174.41,2,0,0,93767.03,0
555,1,1,24,2,0.0,2,0,1,197866.55,0
524,2,0,30,1,0.0,2,1,0,126812.85,0
776,1,0,39,2,104349.45,1,0,0,79503.05,0
850,0,1,32,0,116968.91,1,0,0,175094.62,0
603,0,0,35,1,105346.03,2,1,1,130379.5,0
691,2,0,26,9,136623.19,1,1,0,153228.0,0
583,2,1,29,10,0.0,2,1,1,111285.85,0
679,2,1,33,6,0.0,2,1,1,98015.85,0
646,2,0,36,6,124445.52,1,1,0,88481.32,0
559,2,1,34,5,68999.66,2,1,1,66879.27,0
595,1,0,36,6,85768.42,1,1,1,24802.77,0
684,1,0,34,9,100628.0,2,1,1,190263.78,0
673,1,1,32,0,0.0,1,1,1,72873.33,0
802,1,0,38,7,0.0,2,0,1,57764.65,0
762,1,1,19,6,0.0,2,1,0,55500.17,0
621,0,1,31,8,100375.39,1,1,1,90384.26,0
411,2,1,36,10,0.0,1,0,0,120694.35,0
815,2,0,24,7,171922.72,1,0,1,178028.96,0
631,0,1,32,2,146810.99,2,1,1,180990.29,0
791,1,0,25,7,0.0,1,1,0,89666.28,0
516,2,0,35,5,128653.59,1,1,0,127558.26,0
734,2,0,37,3,80387.81,1,0,1,77272.62,0
641,2,0,31,10,155978.17,1,1,0,91510.71,0
585,2,1,38,5,0.0,1,1,1,87363.56,0
507,2,1,29,4,89349.47,2,0,0,180626.68,0
735,1,0,38,7,86131.71,2,0,0,93478.96,0
698,0,1,36,7,121263.62,1,1,1,13387.88,0
841,2,0,31,2,0.0,2,1,0,173240.52,0
614,2,0,51,3,0.0,2,1,1,5552.37,0
738,2,0,35,5,161274.05,2,1,0,181429.87,0
422,2,1,33,2,0.0,2,1,0,102655.31,0
537,1,0,30,1,103138.17,1,1,1,96555.42,0
707,0,1,40,3,109628.44,1,1,0,189366.03,0
664,0,0,33,7,97286.16,2,1,0,143433.33,0
850,2,1,33,7,118004.26,1,1,0,183983.82,0
584,1,0,32,9,85534.83,1,0,0,169137.24,0
658,2,0,25,3,0.0,2,0,1,173948.4,0
790,2,1,41,2,126619.27,1,1,0,198224.38,0
640,2,0,44,7,111833.47,1,1,0,67202.74,0
652,1,0,37,7,0.0,2,1,0,68789.93,0
775,2,1,32,2,108698.96,2,1,1,161069.73,0
584,2,1,39,2,112687.69,1,1,1,127749.61,0
635,0,1,48,4,81556.89,2,1,0,191914.37,0
814,2,0,48,9,136596.85,1,1,1,185791.9,0
678,2,1,31,1,0.0,2,0,1,130446.65,0
693,2,0,37,1,0.0,2,1,1,82867.55,0
640,2,1,30,6,107499.7,1,1,1,187632.22,0
773,1,1,23,8,0.0,2,1,0,56759.79,0
736,2,1,30,9,0.0,2,1,0,34180.33,0
693,2,1,28,8,0.0,2,1,1,158545.25,0
496,2,1,41,1,176024.05,2,1,0,182337.98,0
751,2,1,39,3,0.0,2,1,1,84175.34,0
754,1,1,19,9,0.0,1,1,0,189641.11,0
568,0,1,26,10,109819.16,2,1,0,154491.39,0
592,1,1,41,2,138734.94,1,1,0,90020.74,0
558,0,0,25,10,111363.1,2,1,0,197264.35,0
825,2,0,34,9,0.0,2,1,1,31933.06,0
653,2,0,34,5,118838.75,1,1,1,52820.13,0
593,1,0,35,4,161637.75,1,1,1,20008.46,0
601,0,0,35,8,71553.83,1,1,0,177384.45,0
654,2,1,40,3,0.0,2,1,0,167889.1,0
572,2,1,38,7,0.0,2,1,1,133122.62,0
523,2,1,28,2,121164.11,1,1,1,59938.81,0
506,1,0,50,3,0.0,2,1,0,12016.79,0
664,2,1,31,7,104158.84,1,1,0,134169.85,0
527,2,1,25,6,0.0,2,0,1,96758.58,0
629,2,1,40,6,0.0,2,1,1,139356.3,0
430,2,0,35,1,118894.22,1,0,0,2923.61,0
712,2,0,24,2,0.0,1,0,1,121232.51,0
682,2,0,30,9,0.0,2,1,1,2053.42,0
634,2,1,41,8,68213.99,1,1,1,6382.46,0
487,1,1,31,1,0.0,2,1,0,158750.13,0
808,1,0,47,8,139196.0,1,0,1,74028.36,0
527,2,1,32,7,0.0,2,1,1,44099.75,0
802,1,0,40,5,0.0,2,1,1,175043.69,0
850,2,1,43,3,0.0,2,0,0,2465.8,0
738,2,0,18,4,0.0,2,1,1,47799.15,0
817,2,0,34,5,129278.43,1,0,0,165562.84,0
735,2,0,31,3,119558.35,1,0,0,72927.68,0
619,0,1,41,5,92467.58,1,1,0,38270.47,0
671,2,0,27,5,0.0,2,0,0,120893.07,0
581,1,1,31,6,0.0,2,1,0,188377.21,0
690,1,0,36,10,0.0,2,1,0,55902.93,0
688,1,1,24,3,0.0,2,1,1,102195.16,0
729,0,0,29,5,109676.52,1,1,1,25548.47,0
718,2,1,29,3,0.0,1,0,1,134462.29,0
712,0,0,53,6,134729.99,2,1,1,132702.64,0
474,2,0,37,3,98431.37,1,0,0,75698.44,0
565,0,0,33,8,130368.31,2,1,0,105642.43,0
658,2,1,31,7,123974.96,1,1,0,102153.75,0
725,2,0,45,1,129855.32,1,0,0,24218.65,0
825,2,0,40,6,132308.22,1,0,0,117122.5,0
670,1,0,35,2,124268.64,2,0,1,84321.03,0
474,0,1,34,9,176311.36,1,1,0,160213.27,0
591,2,0,40,2,99886.42,2,1,1,88695.19,0
508,2,1,31,7,0.0,2,1,1,6123.15,0
695,2,1,36,2,0.0,2,0,1,167749.54,0
660,0,0,24,5,85089.3,1,1,1,71638.0,0
687,0,0,41,10,134318.21,2,1,1,198064.52,0
658,0,0,29,5,75395.53,2,0,1,54914.92,0
844,2,0,38,7,111501.66,1,1,1,119333.38,0
602,0,1,48,7,76595.08,2,0,0,127095.14,0
759,2,1,33,9,160541.36,2,0,0,93541.14,0
747,0,0,38,2,129728.6,1,1,0,89289.54,0
673,2,0,47,1,0.0,2,0,0,108762.16,0
703,2,1,33,8,190566.65,1,1,1,79997.14,0
644,2,0,37,2,186347.97,2,1,0,92809.73,0
803,1,1,45,7,0.0,2,1,1,128378.04,0
604,1,1,26,3,0.0,2,1,0,155248.62,0
738,2,0,49,6,106770.82,1,1,0,123499.27,0
698,0,0,39,9,133191.19,2,0,1,53289.49,0
766,1,0,41,6,99208.46,2,1,0,62402.38,0
599,0,0,25,7,108380.72,1,1,1,79005.95,0
674,2,1,32,7,85757.93,1,1,1,95481.0,0
570,2,1,46,3,0.0,2,0,0,820.46,0
623,0,0,33,8,96759.42,1,1,1,174777.98,0
710,2,0,30,6,0.0,2,1,1,8991.17,0
466,2,0,29,6,0.0,2,1,1,2797.27,0
759,2,1,22,5,0.0,1,1,0,22303.17,0
820,2,0,33,2,132150.26,2,1,0,23067.97,0
759,2,0,41,9,0.0,2,0,1,190294.12,0
676,2,0,31,3,78990.15,1,1,1,124777.14,0
591,2,1,33,4,113743.37,1,1,0,124625.08,0
690,2,1,26,5,157624.84,1,1,1,49599.27,0
573,2,1,23,2,0.0,1,1,0,122964.18,0
632,1,1,29,7,80922.75,1,1,0,7820.78,0
632,2,0,40,3,193354.86,2,1,0,149188.41,0
832,0,1,40,9,107648.94,2,1,1,134638.97,0
430,0,0,36,1,138992.48,2,0,0,122373.42,0
711,2,1,37,8,113899.92,1,0,0,80215.2,0
582,0,0,26,6,114450.32,1,1,1,14081.64,0
605,2,0,39,3,0.0,2,1,0,199390.45,0
657,2,1,37,2,0.0,2,1,1,7667.48,0
532,2,0,38,9,0.0,2,0,0,30583.95,0
612,2,1,42,10,75497.51,1,0,0,149682.78,0
792,2,1,42,2,0.0,2,1,0,92664.09,0
674,2,1,26,10,0.0,2,1,1,138423.1,0
680,2,0,31,1,0.0,2,1,1,3148.2,0
593,2,1,39,0,117704.73,1,1,0,197933.5,0
679,0,0,35,1,130463.55,2,1,1,37341.17,0
493,1,0,32,8,46161.18,1,1,1,79577.4,0
688,1,0,42,5,0.0,2,0,0,197602.29,0
769,0,0,43,4,110182.54,2,1,1,87537.32,0
581,1,0,49,10,0.0,2,0,0,41623.59,0
465,2,0,41,9,117221.15,1,1,0,168280.95,0
641,2,1,35,4,0.0,2,0,0,125986.18,0
625,2,0,37,1,177069.24,2,1,1,96088.54,0
468,2,0,36,3,61636.97,1,0,0,107787.42,0
790,2,0,26,5,0.0,1,1,0,20510.79,0
587,0,1,37,6,104414.03,1,1,0,192026.02,0
676,0,1,34,4,89437.03,1,1,1,189540.95,0
571,2,0,41,8,0.0,1,1,1,63736.17,0
700,2,1,32,3,0.0,1,0,0,95740.37,0
445,2,1,30,3,0.0,2,1,1,127939.19,0
746,2,0,36,7,142400.77,1,1,1,193438.69,0
596,2,0,36,2,0.0,2,1,1,12067.39,0
850,0,1,30,8,154870.28,1,1,1,54191.38,0
436,1,0,43,5,0.0,2,1,1,35687.43,0
660,0,0,28,1,118402.25,2,1,0,14288.93,0
649,2,0,37,9,87374.88,2,1,1,247.36,0
560,1,1,31,5,125341.69,1,1,0,79547.39,0
710,0,0,49,10,129164.88,1,1,1,193266.72,0
513,2,0,40,3,141004.46,1,1,0,105028.46,0
607,2,1,21,0,0.0,2,1,0,116106.52,0
619,0,0,40,9,103604.31,2,0,0,140947.05,0
612,2,0,24,1,182705.05,1,1,1,171837.06,0
842,2,0,29,8,0.0,2,1,1,123437.05,0
770,2,1,37,9,0.0,2,0,0,22710.72,0
773,2,1,40,10,0.0,2,0,1,69303.15,0
470,0,0,39,5,117469.91,2,0,0,63705.9,0
781,1,0,35,4,80790.74,1,1,0,116429.51,0
697,1,1,37,7,168066.87,1,1,0,35450.53,0
692,0,1,43,2,69014.49,2,0,0,164621.43,0
791,2,0,28,4,0.0,1,1,0,174435.48,0
538,0,1,42,1,98548.62,2,0,1,94047.75,0
820,2,1,49,1,0.0,2,1,1,119087.25,0
679,1,1,26,3,76554.06,1,1,1,184800.27,0
649,2,1,36,2,0.0,2,0,1,75035.48,0
632,2,1,27,3,107375.82,1,1,1,62703.38,0
594,2,0,40,9,122417.17,2,0,1,190882.69,0
720,1,0,33,6,97188.62,1,0,0,91881.29,0
769,2,0,31,4,61297.05,2,1,1,7118.02,0
623,1,1,40,7,0.0,1,1,1,25904.12,0
537,2,0,28,3,157842.07,1,1,0,86911.49,0
468,2,0,46,7,91443.75,1,1,0,10958.18,0
729,1,1,34,9,53299.96,2,1,1,42855.97,0
543,1,0,37,3,0.0,2,1,1,78915.68,0
499,1,0,39,6,0.0,2,1,1,81409.0,0
784,0,0,28,2,70233.74,2,1,1,179252.73,0
614,1,1,25,10,75212.28,1,1,0,58965.04,0
671,2,1,31,7,41299.03,1,0,1,102681.32,0
587,1,1,35,3,83286.56,1,1,0,125553.52,0
593,1,0,43,10,0.0,2,0,0,53478.02,0
570,0,0,35,6,85668.59,1,1,0,105525.36,0
655,2,1,45,7,57327.04,1,0,1,47349.0,0
632,1,0,47,3,0.0,2,1,0,178822.32,0
681,2,1,37,7,69609.85,1,1,1,72127.83,0
591,0,0,46,4,129269.27,1,1,0,163504.33,0
779,2,0,27,1,0.0,2,1,1,190623.02,0
686,2,1,41,7,152105.57,2,0,1,132374.41,0
850,2,1,32,5,106290.64,1,1,0,121982.73,0
646,0,1,30,10,100548.67,2,0,0,136983.77,0
543,2,0,35,5,137482.19,1,0,0,62389.35,0
490,2,1,37,3,116465.53,1,0,1,24435.77,0
640,2,0,45,1,0.0,1,1,1,10908.33,0
445,1,0,45,10,0.0,2,0,1,90977.48,0
761,2,0,36,9,127637.92,1,1,1,81062.93,0
426,2,1,34,3,0.0,2,1,1,61230.83,0
777,2,0,37,1,0.0,1,1,1,126837.72,0
534,2,0,35,2,81951.74,2,1,0,115668.53,0
777,2,1,42,5,147531.82,1,1,1,38819.45,0
806,1,0,18,3,0.0,2,1,1,86994.54,0
790,2,1,33,10,135120.72,1,0,0,195204.99,0
643,1,1,32,2,0.0,1,0,0,131301.74,0
584,1,1,37,8,0.0,2,0,1,100835.19,0
638,2,1,34,7,0.0,2,1,1,198969.78,0
771,1,0,18,1,0.0,2,0,0,41542.95,0
600,2,1,39,5,0.0,2,0,0,118272.07,0
627,1,0,49,4,111087.5,1,0,1,146680.25,0
659,2,1,38,9,0.0,2,1,1,132809.18,0
835,2,0,35,6,127120.07,1,1,0,28707.69,0
763,2,1,35,7,115651.6,2,1,1,104706.29,0
625,0,0,31,4,77743.01,2,1,0,75335.68,0
799,2,1,30,9,0.0,2,1,0,136827.96,0
692,2,0,28,5,61581.97,1,1,1,70179.91,0
623,2,1,24,5,0.0,2,1,0,116160.04,0
677,0,1,44,4,148770.61,2,1,1,191057.76,0
662,1,0,37,5,94901.09,1,1,1,48233.75,0
534,2,0,29,7,174851.9,1,1,1,79178.31,0
667,2,0,42,6,0.0,1,1,0,88890.05,0
672,2,0,43,5,0.0,1,0,0,63833.09,0
692,1,1,34,4,109699.08,1,1,1,37898.91,0
731,1,0,33,1,0.0,1,1,0,130726.96,0
468,2,1,32,8,137649.47,1,0,0,198714.29,0
542,1,0,43,6,113567.94,1,1,0,89543.25,0
770,0,0,37,5,141547.26,2,0,1,180326.83,0
647,0,0,51,4,131156.76,1,1,0,29883.63,0
604,2,0,31,6,134837.58,1,1,0,192029.19,0
833,2,1,39,3,0.0,2,1,0,1710.89,0
658,1,0,36,1,0.0,2,0,1,84927.42,0
675,2,0,34,1,124619.33,2,0,1,163667.56,0
765,2,0,41,4,124182.21,1,0,0,100153.43,0
699,0,1,31,10,125837.86,2,1,0,189392.66,0
676,1,1,30,5,0.0,2,0,1,157888.5,0
746,1,1,25,3,104833.79,1,0,0,71911.3,0
470,1,1,31,2,101675.22,2,1,0,45033.75,0
714,1,0,20,3,0.0,2,0,1,150465.93,0
664,0,0,36,6,71142.77,2,1,0,122433.09,0
697,0,0,31,3,108805.42,2,0,1,123825.83,0
541,2,1,32,4,0.0,1,1,1,114951.42,0
647,2,0,28,8,0.0,2,1,1,91055.27,0
757,2,0,23,2,80673.96,2,1,0,93991.65,0
778,0,0,31,9,182275.23,2,1,0,190631.23,0
639,0,1,41,5,98635.77,1,1,0,199970.74,0
637,2,0,33,5,0.0,2,1,0,139947.17,0
686,2,0,35,4,0.0,1,1,0,8816.37,0
506,0,0,28,8,53053.76,1,0,1,24577.34,0
757,2,0,28,7,120911.75,2,1,1,131249.46,0
721,2,0,41,2,0.0,2,1,0,168219.75,0
489,1,0,40,3,221532.8,1,1,0,171867.08,0
446,2,1,51,4,105056.13,1,0,0,70613.52,0
677,2,0,37,3,88363.03,1,0,1,117946.3,0
769,2,0,29,2,123757.52,2,1,0,84872.66,0
652,0,1,37,9,145219.3,1,1,0,159132.83,0
722,0,1,32,5,106807.64,1,1,1,76998.69,0
643,2,0,36,0,148159.71,1,0,0,55835.66,0
796,0,1,40,1,99745.95,1,1,0,177524.19,0
720,0,1,37,8,156282.79,1,1,0,45985.52,0
613,2,0,41,7,0.0,2,1,0,60297.72,0
610,2,0,33,4,111582.11,1,0,0,113943.17,0
588,0,1,34,10,129417.82,1,1,0,153727.32,0
479,2,1,26,1,0.0,2,1,1,19116.97,0
682,2,0,37,5,0.0,2,0,1,112554.68,0
677,2,1,36,7,0.0,1,1,0,47318.75,0
850,0,0,40,6,94607.08,1,1,0,36690.49,0
746,2,1,21,8,166883.07,2,0,1,194563.65,0
635,1,1,37,3,0.0,2,1,0,91086.73,0
664,0,0,25,6,172812.72,2,1,1,108008.65,0
558,0,1,36,0,126606.63,2,1,1,172363.52,0
730,2,0,33,0,0.0,2,1,0,1474.79,0
773,2,0,41,4,0.0,2,1,1,24924.92,0
711,2,0,36,9,137688.71,1,1,1,46884.1,0
695,0,0,27,6,125552.96,1,1,0,105291.26,0
640,2,1,33,1,167298.42,1,0,1,145381.65,0
470,1,0,31,4,55732.92,2,1,1,103792.53,0
604,1,1,39,7,98544.11,1,1,1,52327.57,0
493,0,1,35,8,178317.6,1,0,0,197428.64,0
671,2,1,48,8,115713.84,2,0,0,83210.84,0
656,2,0,46,9,143267.14,2,0,0,193099.43,0
739,1,0,19,5,89750.21,1,1,0,193008.52,0
560,1,1,26,3,116576.45,1,1,0,157567.37,0
827,0,1,47,8,143001.5,2,1,0,108977.5,0
681,2,0,23,7,157761.56,1,0,0,147759.84,0
740,2,1,37,5,0.0,2,1,1,27528.4,0
663,1,0,31,4,103430.11,2,0,1,36479.27,0
555,1,0,27,5,0.0,2,0,0,96398.51,0
638,0,1,39,0,122501.28,2,1,1,95007.8,0
778,2,0,42,6,0.0,2,1,1,106197.44,0
679,2,0,45,3,146758.24,1,1,0,48466.89,0
593,2,1,32,3,0.0,2,1,1,151978.36,0
597,2,0,41,4,153198.23,1,1,1,92090.36,0
537,2,0,38,3,0.0,2,0,0,141023.01,0
542,2,0,34,8,101116.06,1,1,0,196395.05,0
688,0,1,46,0,74458.25,1,0,1,6866.31,0
542,0,0,33,8,142871.27,2,0,0,77737.86,0
754,0,0,35,6,98585.94,2,0,1,106116.84,0
731,2,0,30,7,0.0,2,1,1,184581.68,0
494,1,0,27,2,0.0,2,1,0,22404.64,0
497,0,0,35,7,110053.62,2,1,1,92887.06,0
632,2,1,28,5,118890.81,1,0,1,145157.97,0
751,0,1,37,0,151218.98,1,1,1,109309.29,0
733,2,0,42,9,150507.21,1,0,1,169964.12,0
701,1,1,21,9,0.0,2,1,1,26327.42,0
525,0,0,33,4,131023.76,2,0,0,55072.93,0
653,2,0,29,2,0.0,2,1,1,41671.81,0
850,2,0,28,4,0.0,2,1,1,12409.01,0
646,0,1,52,6,111739.4,2,0,1,68367.18,0
750,2,0,43,6,113882.31,1,1,1,74564.41,0
764,2,0,24,7,98148.61,1,1,0,26843.76,0
658,2,1,32,9,0.0,2,1,0,156774.75,0
727,2,0,32,1,59271.82,1,1,1,46019.43,0
687,2,1,31,2,0.0,2,0,1,145411.39,0
631,1,0,33,2,0.0,2,1,1,158268.84,0
797,2,0,30,10,69413.44,1,1,1,74637.57,0
650,1,0,25,7,160599.06,2,1,1,28391.52,0
850,1,0,22,3,0.0,1,1,1,144385.54,0
620,1,0,44,8,0.0,2,1,1,15627.51,0
482,2,1,35,2,133111.73,1,0,1,79957.95,0
695,1,1,39,5,0.0,2,0,0,102763.69,0
706,2,0,18,2,176139.5,2,1,0,129654.22,0
668,2,1,32,2,0.0,2,1,1,40652.33,0
679,0,0,35,1,110245.13,1,1,1,178291.09,0
703,2,1,45,5,0.0,2,1,0,131906.44,0
613,1,0,35,4,123557.65,2,0,1,170903.4,0
571,2,0,40,10,112896.86,1,1,1,121402.53,0
595,2,1,39,7,120962.13,1,0,0,23305.01,0
745,0,0,48,10,96048.55,1,1,0,74510.65,0
589,2,1,21,3,0.0,2,0,1,55601.44,0
749,2,0,37,10,185063.7,2,1,1,134526.87,0
678,2,1,22,6,118064.93,2,1,1,195424.01,0
603,2,0,46,2,0.0,2,1,1,59563.49,0
604,2,1,34,7,0.0,2,1,0,193021.49,0
612,2,1,35,3,0.0,1,1,1,48108.72,0
629,1,1,44,6,125512.98,2,0,0,79082.76,0
652,1,1,42,3,83492.07,2,1,0,37914.12,0
565,2,0,34,7,0.0,1,0,0,74593.84,0
645,2,0,30,1,125739.26,1,1,1,193441.23,0
639,1,1,39,1,141789.15,1,1,0,92455.96,0
709,0,0,22,0,112949.71,1,0,0,155231.55,0
823,2,0,34,3,105057.33,1,1,0,9217.92,0
665,0,1,27,2,147435.96,1,0,0,187508.06,0
646,0,0,39,0,154439.86,1,1,0,171519.06,0
568,2,0,30,8,73054.37,2,1,1,27012.0,0
473,0,0,40,8,152576.25,2,1,0,73073.68,0
731,2,1,41,9,152243.57,1,1,1,88783.59,0
619,2,0,25,4,0.0,1,1,0,145524.36,0
715,0,0,42,2,88120.97,2,1,1,21333.22,0
686,2,1,31,1,0.0,2,1,0,4802.25,0
730,1,0,29,2,0.0,2,1,0,14174.09,0
683,1,0,38,3,126152.84,1,0,0,15378.75,0
796,0,0,40,2,113228.38,2,1,1,46415.09,0
447,2,1,32,10,0.0,1,1,1,151815.76,0
498,0,0,37,8,108432.88,2,1,1,14865.05,0
663,1,0,27,8,0.0,1,1,1,188007.99,0
498,0,1,44,2,120702.67,2,1,1,98175.74,0
627,2,1,32,1,0.0,1,1,0,106851.7,0
649,2,0,45,7,0.0,2,0,1,75204.21,0
587,0,1,39,6,101851.8,2,1,0,7103.71,0
776,0,1,37,1,93124.04,2,1,1,196079.32,0
605,2,0,32,9,0.0,2,1,1,55724.24,0
596,2,1,39,10,86546.29,1,0,1,131768.98,0
427,2,0,33,8,0.0,1,1,1,13858.95,0
629,2,0,39,2,129669.32,2,1,0,82774.07,0
496,1,0,29,2,0.0,2,1,0,55389.59,0
717,1,1,36,2,164557.95,1,0,1,82336.73,0
777,2,0,23,6,0.0,2,1,1,163225.48,0
535,1,0,35,8,118989.92,1,1,1,135536.72,0
744,2,0,29,1,0.0,1,0,0,82422.97,0
755,2,0,31,5,0.0,2,0,1,194660.78,0
593,1,1,45,6,79259.75,1,1,0,55347.28,0
721,2,0,40,9,118129.87,1,1,1,160277.65,0
835,1,0,38,7,86824.09,1,0,0,175905.97,0
590,0,1,40,2,117641.43,2,0,0,92198.05,0
837,2,0,49,8,103302.37,1,1,1,50974.57,0
841,2,0,27,8,0.0,1,1,0,171922.72,0
584,1,0,36,4,82696.09,2,0,0,83058.14,0
769,2,0,29,4,145471.37,1,1,0,188382.77,0
599,1,0,34,2,101506.66,1,0,0,198030.24,0
698,2,0,47,5,156265.31,2,0,0,1055.66,0
477,2,0,27,1,128554.98,1,1,1,133173.19,0
477,0,0,34,8,139959.55,2,1,1,189875.83,0
745,1,0,34,7,132944.53,1,1,1,31802.92,0
749,2,1,35,3,0.0,3,1,1,132649.85,0
528,0,0,22,5,93547.23,2,0,1,961.57,0
750,2,0,33,2,152302.72,1,1,0,71333.44,0
543,2,1,31,2,147674.26,1,1,1,16658.76,0
624,2,0,37,0,0.0,2,0,0,112104.55,0
596,0,1,27,2,151027.56,1,1,0,170320.58,0
640,2,1,31,9,138857.59,1,1,0,48640.77,0
752,0,1,45,3,105426.5,2,0,1,89773.45,0
660,0,0,28,2,170890.05,2,1,0,41758.9,0
609,1,1,45,4,89122.3,1,1,1,199256.98,0
705,2,1,38,3,123894.43,1,1,0,21177.1,0
444,2,0,36,7,0.0,2,0,1,138743.86,0
496,2,0,32,4,127845.83,1,1,0,66469.2,0
554,2,1,22,8,0.0,2,0,1,142670.61,0
537,2,0,26,7,106397.75,1,0,0,103563.23,0
700,1,1,43,0,0.0,2,1,0,59475.35,0
458,1,1,35,5,166492.48,1,1,0,135287.74,0
850,2,1,28,2,0.0,2,1,1,38773.74,0
699,1,0,31,6,114493.68,1,0,0,138396.32,0
615,0,1,44,9,126104.98,2,0,1,110718.02,0
604,2,1,40,1,0.0,2,1,0,123207.17,0
668,1,0,34,0,0.0,1,0,0,99984.86,0
594,1,1,38,10,0.0,2,1,0,58332.91,0
470,2,0,30,3,101140.76,1,1,1,50906.65,0
701,0,0,41,0,150844.94,1,0,1,127623.36,0
664,1,0,35,1,115024.5,1,0,1,169665.79,0
477,2,1,30,6,131286.46,1,1,0,194144.45,0
756,2,1,42,9,0.0,2,1,0,35673.42,0
625,2,1,40,7,141267.67,1,0,1,177397.49,0
646,2,0,30,7,0.0,2,1,0,153566.97,0
650,2,0,33,0,98064.97,1,1,0,52411.99,0
664,2,1,31,9,114519.57,2,0,1,79222.02,0
725,2,1,44,10,0.0,1,0,1,93777.61,0
576,2,0,39,9,84719.98,1,0,0,191063.36,0
850,2,1,39,0,104386.53,1,1,0,105886.77,0
627,2,0,31,8,128131.73,1,1,0,96131.47,0
667,2,0,44,2,122806.95,1,0,0,15120.86,0
548,1,0,44,8,0.0,1,1,0,16989.77,0
587,2,1,36,1,70784.27,1,1,0,30579.82,0
850,2,1,29,10,0.0,2,1,1,199775.67,0
722,2,0,46,5,0.0,2,1,0,179908.71,0
555,1,1,35,1,0.0,2,1,0,101667.0,0
609,0,0,38,6,140752.06,2,0,1,171430.16,0
734,1,1,39,6,92126.26,2,0,0,112973.34,0
718,0,1,39,7,93148.74,2,1,1,190746.38,0
598,1,1,23,6,0.0,2,1,0,153229.19,0
711,2,0,28,8,0.0,2,1,1,64286.39,0
681,2,0,38,6,153722.47,1,1,0,101319.76,0
712,2,0,34,8,114088.32,1,1,0,92794.61,0
554,2,1,48,7,0.0,2,1,1,63708.07,0
611,2,1,37,6,0.0,2,1,0,110782.88,0
560,0,0,41,4,152532.3,1,0,0,10779.69,0
646,1,0,32,1,0.0,2,1,0,183289.22,0
680,2,0,34,3,143292.95,1,1,0,66526.01,0
631,2,0,26,1,149144.61,1,0,1,123697.95,0
746,2,0,36,9,127157.04,1,1,1,155700.15,0
654,0,0,43,9,84673.17,2,0,1,82081.35,0
687,0,0,33,9,135962.4,2,1,0,121747.96,0
708,0,0,32,3,151691.44,2,1,1,172810.51,0
679,0,1,32,0,88335.05,1,0,0,159584.81,0
636,2,1,45,7,139859.23,1,1,1,108402.54,0
695,2,0,45,9,43134.65,1,0,1,77330.35,0
677,2,0,42,5,99580.13,1,1,0,21007.96,0
720,2,1,34,6,110717.38,1,1,1,9398.45,0
653,1,1,36,3,0.0,2,0,0,110525.6,0
674,2,1,28,3,0.0,1,1,0,51536.99,0
620,0,0,40,5,108197.11,2,1,0,49722.34,0
623,2,0,40,6,0.0,2,1,1,66119.07,0
547,2,1,29,6,104450.86,1,1,1,37160.28,0
530,2,0,39,2,0.0,2,1,0,197923.05,0
746,2,1,34,4,0.0,1,0,1,65166.6,0
512,2,1,31,7,0.0,2,0,0,49326.07,0
630,2,0,40,8,0.0,2,1,1,42495.81,0
570,1,0,21,7,116099.82,1,1,1,148087.62,0
605,2,0,39,6,111169.91,1,0,0,9641.4,0
530,1,0,37,4,0.0,2,1,1,164844.37,0
813,0,1,25,5,123616.43,1,0,1,132959.33,0
704,1,1,37,9,155619.58,1,1,1,135088.58,0
565,0,0,31,2,89558.39,2,1,1,4441.54,0
526,0,1,32,6,131938.92,2,1,1,1795.93,0
488,2,1,22,6,0.0,2,1,1,66393.89,0
519,2,0,39,1,97700.02,1,1,1,30709.03,0
709,2,0,31,6,0.0,2,1,1,71009.84,0
710,0,0,34,8,147833.3,2,0,1,1561.58,0
653,2,1,46,5,0.0,2,1,0,49707.85,0
418,2,1,39,2,0.0,2,0,0,9041.71,0
670,0,1,33,9,84521.48,2,0,1,198017.05,0
723,0,1,28,5,91938.31,1,1,0,143481.85,0
549,0,0,45,6,124240.93,1,1,1,146372.51,0
543,2,1,42,5,0.0,2,0,0,101905.34,0
595,1,0,37,2,157084.99,1,1,0,134767.13,0
673,0,1,25,3,108244.82,2,1,1,103573.96,0
741,2,1,21,9,0.0,2,0,1,139259.54,0
508,0,1,41,5,82161.7,2,1,0,187776.49,0
752,2,1,36,2,119912.46,1,1,0,124354.92,0
809,2,0,36,9,68881.59,2,0,1,109135.11,0
575,1,0,30,2,0.0,2,1,1,82222.86,0
643,1,1,45,9,150840.03,2,1,0,155516.35,0
496,2,1,29,4,0.0,2,1,0,164806.89,0
597,2,0,44,8,78128.13,2,0,1,109153.04,0
603,0,0,46,4,98899.76,2,1,1,86190.34,0
655,1,0,37,1,0.0,1,1,1,106040.97,0
782,2,1,35,4,0.0,1,1,1,119565.34,0
581,1,0,46,2,79385.21,2,0,0,188492.82,0
658,2,0,44,2,168396.34,1,1,1,14178.73,0
686,0,0,43,2,134896.03,1,1,1,97847.05,0
539,1,0,36,6,0.0,3,1,1,118959.64,0
850,2,0,29,1,0.0,2,0,0,152996.89,0
763,1,1,39,7,0.0,2,1,0,19458.75,0
634,0,0,43,3,212696.32,1,1,0,115268.86,0
539,2,0,39,3,139153.68,2,1,0,147662.33,0
764,2,0,41,7,0.0,2,0,0,134878.34,0
653,2,1,40,0,0.0,2,1,0,35795.85,0
566,1,0,44,5,0.0,2,1,0,66462.79,0
714,0,0,29,6,92887.13,1,1,1,69578.49,0
548,2,0,29,5,83442.98,1,0,1,177017.39,0
646,0,1,36,6,144773.29,2,1,0,53217.3,0
706,2,1,35,8,178032.53,1,0,1,42181.68,0
680,2,0,23,5,140007.19,1,0,1,31714.08,0
698,2,0,37,5,98400.61,2,0,0,25017.28,0
581,1,1,46,1,0.0,2,1,0,104272.04,0
707,1,1,32,4,132835.56,1,0,0,136877.24,0
761,2,1,26,1,0.0,2,1,1,199409.19,0
736,0,1,25,9,81732.88,2,1,0,136497.28,0
649,1,0,20,5,0.0,2,1,1,58309.54,0
649,2,0,46,5,0.0,2,1,1,76946.6,0
612,2,1,31,8,117989.76,1,1,1,54129.86,0
657,1,0,40,10,0.0,2,1,1,52990.7,0
511,2,1,31,5,137411.29,1,0,1,161854.98,0
554,0,0,43,5,99906.89,1,0,0,24983.39,0
794,1,1,28,5,0.0,2,0,1,86699.98,0
594,2,1,34,7,141525.55,1,0,0,9443.15,0
652,1,1,33,3,124832.51,1,1,0,195877.06,0
729,2,1,34,9,132121.71,1,0,1,105409.31,0
625,2,0,39,2,0.0,2,1,0,100403.05,0
633,2,0,43,5,0.0,2,1,1,48249.88,0
535,2,0,47,0,160729.1,1,0,1,145986.35,0
702,2,1,29,10,88378.6,1,1,0,88550.28,0
712,2,0,33,2,182888.08,1,1,0,3061.0,0
607,2,0,31,8,0.0,2,1,1,43196.5,0
748,1,1,23,8,85600.08,1,0,0,134077.71,0
815,2,0,35,4,0.0,2,0,1,198490.33,0
602,2,0,32,10,0.0,2,1,1,116052.92,0
649,0,0,40,4,95001.33,1,0,1,123202.99,0
509,2,0,30,6,0.0,2,1,0,180598.86,0
685,1,0,40,7,74896.92,1,1,0,198694.2,0
536,2,1,22,5,89492.62,1,0,0,42934.43,0
711,1,0,38,3,128718.78,1,0,0,114793.45,0
761,1,0,27,8,0.0,2,1,0,63297.7,0
566,0,0,22,7,144954.75,2,1,0,102246.0,0
620,1,0,21,9,0.0,2,0,0,154882.79,0
837,0,0,37,6,94001.61,2,1,0,140723.05,0
638,2,0,24,1,0.0,2,0,1,162597.15,0
834,1,0,38,8,0.0,2,1,1,66485.26,0
691,2,0,24,6,0.0,2,1,1,92811.2,0
706,1,0,38,8,0.0,2,0,1,46635.11,0
633,2,0,37,7,141546.35,1,1,1,124830.11,0
666,2,0,30,7,109805.3,1,0,1,163625.56,0
708,2,0,32,10,86614.06,2,1,1,172129.26,0
730,0,0,38,0,38848.19,2,0,0,94003.11,0
696,1,0,40,3,153639.11,1,1,1,138351.68,0
701,1,1,33,7,123870.07,1,1,0,97794.71,0
604,2,0,30,5,0.0,2,1,0,75786.55,0
665,2,0,39,10,46323.57,1,1,0,136812.02,0
696,2,0,19,1,110928.51,1,1,1,2766.63,0
520,2,0,38,5,0.0,2,1,0,163185.76,0
634,0,1,29,8,130036.21,2,0,1,69849.55,0
750,2,1,26,1,151510.17,2,1,1,19921.72,0
530,1,1,41,4,0.0,2,0,1,147606.71,0
654,2,0,37,6,83568.55,1,1,0,47046.72,0
648,2,1,43,7,139972.18,1,1,0,143668.58,0
835,1,0,45,3,100212.13,1,1,0,152577.62,0
446,2,1,39,1,90217.07,1,1,0,191350.48,0
694,0,0,33,4,124067.32,1,1,1,77906.87,0
554,1,0,46,4,0.0,2,0,1,57320.92,0
813,2,0,32,1,122889.88,1,1,1,26476.18,0
480,2,0,40,6,148790.61,1,0,1,79329.7,0
715,0,1,32,3,104857.19,2,1,0,114149.8,0
620,1,0,31,2,166833.86,2,1,1,135171.6,0
721,2,0,42,4,102936.72,1,0,0,1187.88,0
680,0,0,44,0,129974.79,2,1,1,33391.38,0
535,2,0,38,8,85982.07,1,1,0,9238.35,0
655,2,1,20,7,134397.61,1,0,0,28029.54,0
662,0,0,39,5,139822.11,2,1,1,146219.9,0
463,0,1,41,8,123151.51,2,1,0,70127.93,0
501,0,0,27,4,95331.83,2,1,0,132104.76,0
603,1,1,42,6,0.0,1,1,1,90437.87,0
688,1,0,37,7,138162.41,2,1,1,113926.31,0
430,2,0,38,9,0.0,2,1,1,12050.77,0
601,1,1,42,4,96763.89,1,1,1,199242.65,0
769,2,1,38,2,0.0,2,0,0,75578.67,0
479,1,0,27,2,172463.45,1,1,1,40315.27,0
701,2,0,37,8,107798.85,1,1,0,16966.73,0
593,2,0,36,2,70181.48,2,1,0,80608.12,0
738,1,0,38,5,177997.07,1,0,1,19233.41,0
635,1,0,31,1,0.0,2,1,0,135382.23,0
658,2,0,32,8,0.0,1,1,1,80410.68,0
687,1,1,36,5,0.0,1,1,0,17696.22,0
650,2,0,37,9,0.0,2,1,0,17974.08,0
720,1,0,21,2,123200.78,1,1,1,180712.28,0
618,1,0,33,4,0.0,2,1,1,77550.18,0
803,0,0,41,9,137742.9,2,1,1,166957.82,0
616,0,0,41,10,113220.2,2,1,1,114072.91,0
550,1,0,51,5,0.0,2,1,0,153917.41,0
655,1,1,28,3,113811.85,2,0,1,76844.23,0
510,2,1,26,6,136214.08,1,0,0,159742.33,0
557,2,0,39,8,146200.01,1,1,0,177944.64,0
676,2,0,37,10,106242.67,1,1,1,166678.28,0
640,2,1,29,4,0.0,2,1,0,44904.26,0
529,1,0,31,6,0.0,1,1,0,10625.91,0
697,1,0,30,1,0.0,2,0,0,735.79,0
823,2,1,44,1,0.0,2,0,1,182495.7,0
565,0,1,32,4,90322.99,2,0,1,118740.37,0
631,1,0,23,3,0.0,2,1,0,13813.24,0
646,2,1,34,3,131283.11,1,0,0,130500.65,0
676,1,0,48,1,131659.59,2,0,1,14152.15,0
810,2,1,38,9,153166.17,1,1,1,93261.69,0
581,1,0,30,0,53291.86,1,0,0,196582.28,0
718,2,1,35,2,167924.95,1,1,0,43024.64,0
713,2,0,43,5,86394.14,1,1,1,130001.13,0
781,1,0,33,3,0.0,2,1,1,42556.33,0
656,1,0,47,1,0.0,2,1,1,197961.93,0
583,2,1,31,4,158978.79,1,1,0,12538.92,0
721,1,0,33,5,0.0,2,0,1,117626.9,0
850,1,1,45,4,114347.85,2,1,1,109089.04,0
693,2,1,39,4,0.0,2,0,1,142331.39,0
520,2,0,34,4,134007.9,1,1,1,193209.11,0
759,0,0,31,4,98899.91,1,1,1,47832.82,0
755,0,0,40,2,137430.82,2,0,0,176768.59,0
662,2,1,47,6,0.0,2,1,1,129392.75,0
503,2,1,37,8,0.0,2,1,1,97893.32,0
599,0,0,39,2,188976.89,2,0,1,176142.09,0
583,1,1,40,4,0.0,2,1,0,114093.73,0
513,2,0,29,10,0.0,2,0,1,25514.77,0
820,1,0,34,10,97208.46,1,1,1,59553.34,0
597,1,1,26,7,0.0,2,1,0,110253.2,0
637,2,0,32,5,0.0,1,0,0,148769.08,0
696,2,0,34,9,150856.79,1,0,1,8236.78,0
635,0,1,37,9,146748.07,1,0,1,11407.58,0
662,1,0,33,3,0.0,2,0,1,68064.83,0
683,1,0,41,0,148863.17,1,1,1,163911.32,0
815,1,0,28,6,0.0,2,0,1,185547.71,0
671,1,0,34,10,153360.02,1,1,0,140509.86,0
709,0,1,39,9,124723.92,1,1,0,73641.86,0
702,0,0,28,1,103033.83,1,1,1,40321.87,0
558,2,0,40,6,0.0,2,1,0,173844.89,0
691,1,0,40,1,0.0,2,1,1,145613.17,0
700,2,1,30,9,0.0,1,1,1,174971.64,0
667,2,0,33,4,0.0,2,1,1,131834.75,0
580,2,1,23,5,113923.81,2,0,0,196241.43,0
571,1,1,31,3,0.0,2,1,1,194667.92,0
561,2,0,37,5,0.0,2,1,0,83093.25,0
529,2,0,28,9,0.0,2,1,1,52545.24,0
670,2,0,36,7,0.0,2,0,0,59571.5,0
666,0,1,21,1,121827.43,2,1,1,99818.31,0
628,1,0,42,7,0.0,2,0,1,172967.87,0
652,1,1,38,1,103895.31,1,0,1,159649.44,0
692,1,1,49,9,0.0,2,1,0,178342.63,0
675,1,0,32,10,0.0,2,1,0,191545.65,0
639,0,1,37,5,151242.48,1,0,1,49637.65,0
554,2,0,39,2,129709.62,1,1,0,173197.12,0
533,2,0,47,9,83347.25,1,1,1,137696.25,0
540,1,1,28,6,84121.04,1,0,1,80698.54,0
704,1,0,33,3,0.0,2,1,0,73018.74,0
678,2,0,43,5,102338.19,1,1,1,79649.62,0
712,2,1,29,3,87375.78,2,0,0,166194.53,0
789,0,0,51,3,104677.09,1,1,0,74265.38,0
775,0,0,32,8,121669.23,1,0,1,125898.39,0
564,0,0,40,7,108407.34,1,1,1,83681.2,0
841,0,1,33,7,154969.79,2,1,1,99505.75,0
850,1,0,39,0,141829.67,1,1,1,92748.16,0
500,2,0,45,2,109162.82,1,1,1,126145.08,0
655,2,0,44,8,87471.63,1,0,1,188593.98,0
666,2,1,33,2,147229.65,1,1,1,56410.17,0
658,2,1,24,2,0.0,2,1,1,84694.49,0
654,2,0,32,6,0.0,2,1,1,137898.57,0
623,2,1,39,1,160903.2,1,0,0,78774.36,0
761,2,1,33,6,138053.79,2,1,0,148779.41,0
757,0,0,31,8,149085.9,2,1,1,197077.36,0
726,2,0,34,3,0.0,2,1,0,196288.46,0
587,1,0,41,8,85109.21,1,1,0,1557.82,0
605,0,1,43,8,125338.8,2,1,0,23970.13,0
850,2,1,38,0,106831.69,1,0,1,148977.72,0
751,2,0,29,3,159597.45,1,1,0,39934.41,0
627,0,1,37,7,147361.57,1,1,1,133031.96,0
736,2,0,43,4,176134.54,1,1,1,52856.88,0
627,2,1,35,7,0.0,2,0,1,193022.44,0
636,2,0,34,1,84055.43,1,0,0,37490.84,0
850,1,0,34,8,199229.14,1,0,0,68106.29,0
516,2,0,37,8,0.0,1,1,0,101834.58,0
513,1,1,42,10,0.0,2,0,1,73151.25,0
564,2,1,27,6,0.0,1,0,0,7819.76,0
636,2,1,35,2,0.0,2,1,1,23129.46,0
712,2,0,29,3,102540.61,1,1,1,189680.79,0
568,2,0,51,4,0.0,3,1,1,66586.56,0
754,0,1,39,8,129401.87,1,1,1,87684.93,0
709,2,1,32,7,0.0,2,1,1,199418.02,0
510,2,1,32,1,0.0,2,0,1,28515.17,0
716,1,0,33,2,0.0,2,1,1,92916.53,0
607,0,0,36,10,106702.94,2,0,0,198313.69,0
656,1,0,26,4,139584.57,1,1,0,36308.93,0
486,2,0,26,2,0.0,2,1,1,31399.4,0
675,1,0,35,8,0.0,2,1,0,29062.25,0
755,2,1,29,4,148654.84,2,1,1,28805.09,0
656,1,0,32,5,136963.12,1,1,0,133814.28,0
644,0,0,47,9,137774.11,2,1,0,151902.78,0
598,2,1,32,4,111156.52,1,1,1,167376.26,0
850,1,1,31,3,121237.65,1,1,1,31022.56,0
679,2,0,36,1,97234.58,1,1,0,188997.08,0
550,1,0,45,0,0.0,2,0,1,70399.71,0
628,1,1,39,8,107553.33,1,1,0,117523.41,0
529,1,1,43,5,0.0,2,0,0,79476.63,0
668,0,1,46,7,161806.09,1,1,1,173052.19,0
526,2,0,30,9,0.0,2,0,0,100995.68,0
791,2,1,52,7,0.0,1,1,1,122782.5,0
573,2,0,27,2,128243.03,1,1,1,11631.34,0
565,2,1,38,5,126645.13,1,1,1,168303.55,0
656,2,0,37,7,112291.34,1,1,0,153157.97,0
447,2,1,44,5,89188.83,1,1,1,75408.24,0
437,1,0,28,2,109161.25,1,1,0,152987.42,0
627,1,1,25,4,0.0,1,1,1,194313.93,0
767,2,1,34,8,0.0,2,1,0,94767.77,0
686,2,0,26,7,0.0,2,1,0,1540.89,0
543,0,1,25,1,146566.01,1,0,1,161407.48,0
701,0,0,23,5,186101.18,2,1,1,76611.33,0
648,1,0,36,8,146943.38,2,1,1,130041.45,0
651,1,1,36,8,0.0,2,1,0,91652.43,0
633,2,1,36,6,125130.28,1,0,0,125961.48,0
740,2,1,37,9,0.0,2,1,1,73225.31,0
592,2,1,34,9,0.0,2,1,1,20460.2,0
670,2,1,41,10,0.0,3,1,0,81602.02,0
628,2,0,36,3,0.0,2,1,1,8742.91,0
745,2,0,47,5,0.0,2,0,0,145789.71,0
705,2,0,32,3,0.0,2,0,0,129576.99,0
559,2,1,42,7,0.0,2,1,1,190040.29,0
595,2,0,29,6,150685.79,1,1,0,87771.06,0
492,2,0,35,4,141359.37,2,1,0,39519.53,0
498,2,1,29,9,0.0,1,1,0,190035.83,0
655,2,1,39,6,94631.26,2,1,1,148948.52,0
636,2,1,39,3,118336.14,1,1,0,184691.77,0
634,2,1,45,2,0.0,1,1,1,143458.31,0
732,2,1,34,8,122338.43,2,1,0,187985.85,0
617,2,1,30,8,0.0,1,1,1,92621.9,0
573,2,0,26,8,86270.93,2,1,1,90177.3,0
531,2,0,44,3,0.0,2,1,1,34416.79,0
489,2,1,38,5,117289.92,1,0,0,85231.88,0
601,2,0,35,2,0.0,2,1,1,118983.18,0
452,0,0,33,7,153663.27,1,1,0,111868.23,0
728,1,1,29,1,0.0,1,1,1,83056.22,0
590,0,1,27,8,123599.49,2,1,0,1676.92,0
490,2,0,29,4,0.0,2,1,0,32089.57,0
635,2,0,29,1,0.0,1,0,1,24865.54,0
782,0,0,35,7,98556.89,2,1,0,117644.36,0
790,1,1,37,3,0.0,3,0,0,98897.32,0
794,1,1,46,8,134593.79,1,1,1,46386.37,0
515,2,0,41,8,0.0,2,1,1,185054.14,0
746,1,0,24,10,68781.82,1,0,1,47997.39,0
709,2,0,32,4,147307.91,1,0,1,40861.55,0
711,2,1,41,3,145754.91,1,1,1,101455.07,0
748,2,0,44,4,112610.77,1,0,1,2048.55,0
465,2,0,33,5,0.0,2,0,1,78698.09,0
640,1,1,34,3,77826.8,1,1,1,168544.85,0
536,2,0,32,7,178011.5,2,1,0,22375.14,0
670,0,1,32,4,102954.68,2,0,1,134942.45,0
775,0,0,51,2,123783.25,1,1,1,134901.57,0
759,0,0,30,4,101802.67,1,0,0,8693.8,0
604,2,0,33,3,148659.48,1,0,0,42437.75,0
554,1,1,41,4,112152.89,1,0,1,36242.19,0
487,2,1,53,10,89550.85,1,0,1,90076.85,0
725,2,0,35,7,75915.75,1,1,0,150507.43,0
732,0,1,42,2,118889.66,2,0,0,87422.15,0
623,2,0,40,5,118788.57,1,1,0,192867.4,0
781,2,1,42,3,156555.54,1,1,1,175674.01,0
577,0,1,31,4,61211.18,1,1,1,145250.43,0
731,1,1,37,1,128932.4,1,1,1,180712.52,0
650,1,1,23,5,0.0,1,1,1,180622.43,0
779,2,0,32,10,80728.15,1,1,0,86306.75,0
733,1,0,44,3,106070.89,1,0,1,101617.43,0
579,0,1,42,3,137560.38,2,1,1,85424.34,0
775,2,0,40,9,126212.64,1,1,0,70196.57,0
602,2,0,38,7,111835.94,2,1,0,124389.61,0
615,2,0,30,8,0.0,2,0,0,3183.15,0
700,0,1,28,3,99705.69,2,0,0,146723.72,0
615,2,0,32,1,0.0,2,0,0,2139.25,0
555,1,0,50,7,128061.0,2,1,1,62375.1,0
476,2,1,40,4,0.0,2,0,0,182547.04,0
770,1,0,46,9,190678.02,1,1,1,14725.36,0
641,2,1,40,7,0.0,1,1,0,126996.67,0
784,2,0,38,5,136712.91,1,0,1,169920.92,0
638,2,0,34,5,133501.36,1,0,1,155643.04,0
632,0,0,30,1,58668.02,1,1,1,78670.52,0
492,2,1,28,9,0.0,2,1,0,95957.09,0
609,1,0,34,7,140694.78,2,1,0,46266.63,0
701,0,0,36,7,95448.32,2,1,0,189085.07,0
651,2,0,34,4,91562.99,1,1,1,123954.15,0
508,2,0,31,8,72541.48,1,1,0,129803.08,0
489,2,0,34,5,0.0,1,0,0,43540.59,0
567,1,1,45,1,157320.51,1,1,0,62193.92,0
714,1,0,27,3,0.0,3,1,1,129130.09,0
678,0,1,30,1,139676.95,2,0,1,16146.0,0
781,2,1,19,3,0.0,2,1,1,124297.32,0
691,1,0,21,3,103000.94,1,1,1,104648.58,0
724,0,0,34,6,118235.7,2,0,0,157137.23,0
850,2,0,38,5,0.0,2,1,0,16491.64,0
714,1,0,25,2,0.0,1,1,1,132979.43,0
559,2,1,43,1,0.0,2,1,1,196645.87,0
577,1,1,44,8,115557.0,1,0,1,127506.76,0
647,0,1,35,3,166518.63,2,1,0,147930.46,0
528,2,1,26,10,102073.67,2,0,0,166799.93,0
635,0,1,44,2,79064.85,2,0,1,113291.75,0
840,1,1,36,6,0.0,2,1,0,141364.27,0
695,2,0,43,1,100421.1,1,1,1,101141.28,0
564,2,0,26,7,84006.88,2,0,0,183490.99,0
805,2,1,31,4,0.0,2,1,0,4798.12,0
558,1,0,45,4,0.0,1,1,0,131807.14,0
657,2,1,39,4,80293.81,1,1,0,97192.76,0
641,2,1,42,7,125437.14,2,0,0,164128.58,0
755,2,0,36,8,0.0,2,1,0,176809.87,0
483,2,0,48,1,0.0,2,1,1,110059.38,0
545,0,1,44,2,127536.44,1,1,0,108398.63,0
571,1,1,22,3,108117.1,1,0,1,53328.7,0
634,1,1,35,10,0.0,1,1,0,82634.41,0
523,0,0,27,8,61688.61,2,1,0,147059.16,0
501,2,1,40,2,0.0,2,0,0,141946.92,0
648,0,0,33,5,138664.24,1,1,0,29076.27,0
662,2,1,22,2,126362.57,2,1,1,97382.8,0
725,2,0,39,4,160652.45,2,1,0,57643.55,0
628,2,0,31,0,88421.81,1,0,0,72350.47,0
688,0,0,41,2,112871.19,2,0,1,65520.74,0
850,0,0,41,8,60880.68,1,1,0,31825.84,0
614,2,1,34,5,0.0,2,1,0,185561.89,0
669,2,0,29,7,0.0,2,1,1,138145.62,0
492,2,0,39,7,0.0,2,0,1,71323.23,0
622,2,1,39,9,83456.79,2,0,0,38882.34,0
645,2,0,42,4,98298.18,1,1,1,676.06,0
728,2,0,37,0,0.0,2,1,1,72203.8,0
651,2,0,35,2,86911.8,1,1,0,174094.24,0
783,0,1,42,2,139707.28,1,1,0,2150.22,0
553,1,1,39,1,142876.98,2,1,0,44363.42,0
660,2,0,30,7,146301.31,1,0,0,96847.91,0
718,2,0,38,7,0.0,2,1,0,38308.34,0
787,2,0,51,0,58137.08,1,0,1,142538.31,0
775,0,1,38,6,179886.41,2,0,0,153122.58,0
479,0,0,24,6,107637.97,2,0,1,169505.83,0
660,2,1,20,6,167685.56,1,1,0,57929.9,0
659,0,0,39,8,52106.33,2,1,1,107964.36,0
743,2,1,39,8,0.0,1,1,0,94263.44,0
845,1,1,38,2,112803.92,1,1,0,179631.85,0
604,1,0,43,2,145081.72,1,1,1,23881.62,0
564,1,1,35,9,0.0,2,1,1,105837.38,0
637,0,1,27,7,135842.89,1,1,1,101418.05,0
527,2,1,31,1,112203.25,1,1,0,182266.01,0
687,2,0,34,7,129895.19,1,0,1,28698.17,0
503,0,0,42,9,153279.39,1,1,1,151336.96,0
666,2,1,40,2,0.0,2,0,0,36371.27,0
615,0,0,39,5,113193.51,2,1,1,52166.25,0
712,0,0,27,8,113174.21,2,1,0,147261.58,0
764,2,1,24,0,0.0,2,1,0,88724.49,0
471,2,0,42,3,164951.56,1,1,0,190531.77,0
608,1,0,27,4,153325.1,1,1,1,199953.33,0
682,1,1,47,10,134032.01,1,1,0,144290.97,0
587,0,1,32,3,125445.04,2,1,1,130514.78,0
714,0,1,35,6,126077.43,2,1,1,53954.24,0
630,1,1,31,1,0.0,2,1,1,169802.73,0
648,0,1,28,8,90371.09,1,1,1,146851.73,0
785,2,1,40,3,0.0,2,1,1,96832.82,0
601,0,1,47,1,142802.02,1,1,1,57553.02,0
717,2,1,28,1,90537.16,1,0,1,74800.99,0
707,2,1,44,6,0.0,2,1,1,192542.17,0
771,2,1,23,7,156123.73,1,1,0,72990.62,0
602,2,1,35,5,0.0,2,1,0,31050.02,0
616,0,1,42,6,117899.95,2,0,0,150266.81,0
621,1,0,33,4,0.0,2,1,1,40299.23,0
674,2,0,26,6,166257.96,1,1,1,149369.41,0
633,1,1,46,3,0.0,2,1,0,120250.58,0
508,2,0,26,7,205962.0,1,1,0,156424.4,0
613,2,1,21,7,105627.95,1,1,1,36560.51,0
712,2,0,32,9,100606.02,1,1,0,165693.06,0
624,2,1,38,3,0.0,2,1,1,163666.85,0
676,2,0,38,1,0.0,2,0,1,35644.79,0
683,0,1,32,0,138171.1,2,1,1,188203.58,0
489,2,1,31,7,139395.08,1,0,1,6120.84,0
739,2,0,29,1,0.0,2,1,1,164484.78,0
701,2,1,37,3,0.0,2,1,1,164268.28,0
565,0,1,40,1,89994.71,2,0,1,121084.27,0
666,2,0,36,3,0.0,2,1,0,35156.54,0
578,2,0,34,4,175111.11,1,1,1,74858.3,0
809,0,0,33,8,148055.74,1,0,0,199203.21,0
684,1,1,31,8,0.0,2,1,0,188637.05,0
544,2,0,40,8,0.0,2,1,0,61581.2,0
713,0,0,47,1,95994.98,1,1,0,197529.23,0
633,2,0,37,2,0.0,2,1,0,182258.17,0
672,0,1,23,10,110741.56,1,1,0,80778.5,0
661,2,0,35,5,0.0,1,1,0,155394.52,0
749,1,1,28,3,0.0,1,1,0,3408.7,0
641,2,0,41,6,0.0,2,1,0,65396.79,0
633,0,0,30,2,109786.82,2,1,1,139712.81,0
413,1,0,35,2,0.0,2,1,1,60972.84,0
538,2,0,31,1,0.0,2,1,0,1375.46,0
437,2,1,39,0,102721.49,1,0,0,22191.82,0
660,0,1,23,6,166070.48,2,0,0,90494.72,0
646,0,1,29,4,105957.44,1,1,0,15470.91,0
767,2,0,36,3,0.0,1,0,0,65147.27,0
640,2,0,40,8,110340.68,1,1,1,157886.6,0
778,2,0,33,1,0.0,2,1,0,85439.73,0
679,0,0,52,9,135870.01,2,0,0,54038.62,0
549,2,0,31,4,0.0,2,0,1,25684.85,0
598,2,0,47,2,0.0,2,1,1,186116.54,0
655,2,1,45,0,0.0,2,1,0,166830.71,0
494,2,0,30,3,85704.95,1,0,1,27886.06,0
653,2,1,42,1,0.0,2,1,1,5768.32,0
645,2,1,37,1,0.0,2,1,1,68987.55,0
751,0,0,34,9,108513.25,2,1,1,27097.82,0
528,2,0,35,3,156687.1,1,1,0,199320.77,0
696,0,0,31,3,150604.52,1,0,0,5566.6,0
716,2,1,44,6,155114.9,1,0,0,133871.83,0
602,2,1,35,8,0.0,2,1,1,152843.53,0
590,2,1,32,0,127763.24,1,1,0,100717.54,0
825,1,1,32,1,0.0,2,1,1,42935.15,0
850,1,0,31,6,82613.56,2,1,0,149170.92,0
789,2,1,32,7,69423.52,1,1,0,107499.39,0
701,2,1,42,6,86167.82,1,1,0,153342.38,0
570,2,0,30,2,131406.56,1,1,1,47952.45,0
536,0,1,44,4,121898.82,1,0,0,131007.18,0
771,0,0,32,9,77487.2,1,0,0,33143.04,0
656,2,0,33,7,138705.02,2,1,0,37136.15,0
761,1,0,37,7,132730.17,1,1,0,199293.01,0
709,2,1,30,5,0.0,2,0,1,161388.22,0
592,2,0,28,2,116498.22,1,1,0,144290.25,0
599,2,1,41,1,0.0,2,1,0,96069.82,0
572,0,1,35,1,139979.07,1,1,0,185662.84,0
611,0,1,43,9,127216.31,2,0,1,17913.25,0
696,2,1,41,8,0.0,2,0,0,28276.83,0
669,2,1,38,8,0.0,2,1,0,84049.16,0
726,1,0,30,8,134152.29,1,1,1,147822.44,0
750,1,1,39,7,119565.92,1,1,0,87067.73,0
850,1,1,29,7,0.0,2,1,0,23237.25,0
617,1,0,38,7,0.0,1,1,1,27239.28,0
560,1,1,27,7,124995.98,1,1,1,114669.79,0
629,1,0,39,5,0.0,2,0,0,116748.14,0
660,0,1,52,4,86891.84,1,1,0,90877.76,0
676,2,0,38,8,0.0,2,1,1,133692.88,0
581,1,0,43,9,78022.61,1,0,1,30662.91,0
798,2,0,34,9,154495.79,1,1,0,191395.88,0
705,2,0,38,1,189443.72,1,0,1,106648.58,0
714,1,1,31,6,152926.6,1,1,1,50899.91,0
697,0,0,43,7,115371.94,2,1,0,64139.1,0
609,2,0,37,6,0.0,2,0,1,22030.72,0
548,1,0,38,0,178056.54,2,1,0,38434.73,0
656,2,0,41,2,0.0,2,1,0,158973.77,0
710,1,1,31,5,0.0,2,1,0,9561.73,0
710,1,0,33,1,0.0,2,1,0,168313.17,0
718,2,1,37,7,0.0,2,1,1,55100.09,0
586,0,0,32,1,149814.54,1,1,0,31830.06,0
617,1,1,36,7,115617.24,1,1,1,71519.4,0
630,2,0,28,9,0.0,2,0,0,32599.35,0
673,1,0,39,8,138160.0,1,1,1,110468.51,0
477,0,1,36,3,117700.86,1,0,0,74042.0,0
662,2,1,37,5,0.0,2,1,0,151871.84,0
579,2,1,39,3,166501.17,2,1,0,93835.64,0
610,2,1,25,2,0.0,2,1,0,123723.83,0
581,2,0,30,1,0.0,2,1,0,199464.08,0
592,2,0,39,7,0.0,2,1,0,83084.33,0
681,2,1,18,1,98894.39,1,1,1,9596.4,0
658,0,0,37,3,168735.74,2,0,0,70370.24,0
792,2,0,34,1,0.0,1,0,1,86330.32,0
624,1,1,36,0,0.0,2,1,0,111605.9,0
562,0,0,31,4,127237.25,2,0,1,143317.42,0
678,0,0,36,1,117864.85,2,1,0,27619.06,0
650,0,0,23,4,93911.3,2,1,0,69055.45,0
593,1,1,46,2,76597.79,1,1,1,54453.72,0
652,2,1,40,4,79927.36,2,1,1,33524.6,0
554,1,1,27,4,0.0,2,1,1,135083.73,0
584,0,0,32,8,40172.91,1,1,1,137439.34,0
516,2,0,33,7,115195.58,1,1,1,11205.5,0
789,0,1,43,9,116644.29,2,1,1,60176.1,0
598,0,0,20,8,180293.84,2,1,1,29552.7,0
669,0,1,30,7,139872.81,1,1,0,188795.85,0
645,2,1,24,3,34547.82,1,1,1,11638.17,0
659,2,1,32,9,0.0,2,1,1,93155.75,0
833,0,0,29,1,96462.25,2,0,1,48986.18,0
697,1,1,40,7,130334.35,2,0,1,116951.1,0
580,0,0,39,3,119688.81,1,1,0,137041.26,0
691,2,0,38,1,0.0,2,0,0,44653.5,0
478,2,1,32,6,71187.24,1,1,1,110593.62,0
572,2,1,47,2,0.0,2,1,0,36099.7,0
501,2,0,37,4,0.0,2,0,0,12470.3,0
624,1,1,38,8,0.0,2,1,0,95403.41,0
595,2,1,39,9,136422.41,1,1,1,151757.81,0
603,2,0,30,8,0.0,2,1,1,47536.46,0
602,2,1,25,0,0.0,2,1,1,101274.17,0
500,2,1,34,6,0.0,1,1,1,140268.45,0
422,2,0,41,6,153238.88,1,1,0,11663.09,0
615,2,0,35,7,0.0,2,1,0,150784.29,0
711,2,1,32,1,0.0,2,1,0,126188.42,0
633,2,1,44,7,0.0,2,1,0,29761.29,0
650,2,1,31,1,160566.11,2,0,0,27073.81,0
567,2,0,38,6,127678.8,2,0,0,45422.89,0
638,2,0,46,9,139859.54,1,1,0,38967.29,0
641,2,1,38,3,0.0,2,1,0,116466.19,0
574,2,1,34,5,112324.45,2,1,1,17993.43,0
642,0,0,30,8,134497.27,1,0,0,43250.54,0
722,1,1,35,1,120171.58,1,1,0,125240.8,0
623,2,0,23,1,106012.2,2,0,1,191415.94,0
681,2,0,25,5,0.0,1,0,1,90860.97,0
530,2,1,34,8,0.0,2,0,1,141872.52,0
581,1,0,34,1,0.0,2,0,1,81175.25,0
589,0,0,38,8,92219.21,1,1,0,99106.97,0
555,0,0,48,3,142055.41,2,0,1,79134.78,0
745,2,1,46,7,0.0,2,1,1,67769.94,0
730,2,0,34,1,0.0,2,1,1,126592.01,0
565,2,1,44,1,0.0,2,0,1,89602.81,0
778,2,0,37,3,141803.77,1,0,1,179421.84,0
812,2,0,24,10,0.0,2,1,1,156906.15,0
526,2,0,42,1,0.0,1,0,1,168486.02,0
680,2,0,33,2,108393.35,1,0,1,39057.67,0
567,1,0,43,2,115643.58,2,0,0,174606.35,0
564,1,0,48,5,132876.23,1,1,0,79259.77,0
709,2,1,24,3,110949.41,1,1,1,168515.61,0
510,2,1,45,10,103821.47,2,0,1,77878.62,0
506,2,1,32,3,0.0,1,1,1,80823.02,0
605,2,0,39,7,0.0,1,0,1,119348.28,0
650,1,0,32,1,132187.73,2,1,1,178331.36,0
489,0,0,38,2,126444.08,2,1,1,82662.73,0
659,0,1,30,8,154159.51,1,1,0,40441.1,0
753,2,1,43,5,0.0,2,1,0,109881.71,0
477,0,0,48,8,129250.0,2,1,1,157937.35,0
619,2,1,33,2,167733.51,2,1,1,65222.48,0
619,0,1,31,2,56116.3,2,0,0,2181.94,0
758,2,1,30,3,141581.08,1,1,0,156249.06,0
516,0,0,50,7,139675.07,2,1,0,45591.23,0
789,2,1,27,8,66201.96,1,1,1,79458.12,0
485,0,0,34,3,133658.24,1,1,0,70209.83,0
446,0,0,25,3,136202.78,1,1,0,176743.51,0
522,2,1,34,3,0.0,2,1,1,3894.34,0
805,0,1,26,8,42712.87,2,1,1,28861.69,0
781,2,1,28,4,0.0,2,1,0,177703.15,0
670,0,0,31,1,142631.54,2,1,1,175894.24,0
670,2,0,33,2,141204.65,2,1,0,76257.46,0
524,0,1,25,7,131402.21,1,0,0,193668.49,0
734,1,1,39,3,92636.96,2,1,1,125671.29,0
622,1,0,39,9,0.0,2,0,1,100862.36,0
843,2,1,38,8,134887.53,1,1,1,10804.04,0
687,2,0,48,4,0.0,2,1,1,170893.85,0
700,1,0,28,8,159900.38,1,0,0,22698.56,0
410,0,1,50,2,102278.79,2,1,0,89822.48,0
537,2,1,41,0,0.0,2,0,1,175262.49,0
780,2,1,43,0,0.0,1,0,1,15705.27,0
620,0,0,35,0,76989.97,1,1,1,17242.79,0
697,2,1,23,10,0.0,2,1,1,79734.23,0
786,2,0,35,3,0.0,2,1,0,92712.97,0
850,0,1,39,5,114491.82,1,1,0,99689.48,0
445,2,0,31,7,145056.59,1,1,1,175893.53,0
637,0,0,41,2,138014.4,2,1,0,140298.24,0
756,2,1,23,1,112568.31,1,1,1,113408.11,0
644,2,0,33,2,0.0,1,1,0,96420.58,0
850,0,0,41,1,176958.46,2,0,1,125806.3,0
703,0,1,38,9,99167.54,1,1,0,65720.92,0
684,1,1,42,3,103210.27,1,1,0,31002.03,0
777,1,1,35,3,0.0,2,1,1,17257.72,0
676,0,0,48,3,80697.44,1,0,0,101397.86,0
708,2,1,44,2,161887.81,2,1,0,84870.23,0
809,2,0,24,7,109558.36,1,1,0,183515.13,0
588,2,0,38,1,124271.26,1,1,0,75969.19,0
623,2,0,43,1,0.0,2,1,1,146379.3,0
537,1,0,42,1,190569.23,1,0,1,127154.8,0
769,2,0,48,2,96542.16,2,0,1,197885.72,0
690,2,0,33,5,0.0,2,1,0,138017.68,0
497,0,0,24,6,111769.14,2,1,0,55859.27,0
622,1,0,37,4,0.0,2,1,0,4459.5,0
602,1,0,30,9,113672.18,2,0,0,102135.92,0
543,2,1,32,7,147256.86,1,1,0,112771.95,0
520,1,0,45,7,107023.03,1,1,0,32903.93,0
669,2,0,37,1,125529.55,1,1,1,162260.93,0
631,1,1,41,0,0.0,1,0,0,87959.83,0
838,1,0,35,0,0.0,2,0,1,197305.91,0
652,2,0,27,10,107303.72,2,0,0,44435.76,0
660,2,0,33,0,72783.42,1,0,0,181051.99,0
692,1,1,44,8,0.0,1,0,1,159069.37,0
588,2,1,35,0,0.0,2,1,1,155485.24,0
533,0,1,22,10,115743.6,1,0,0,43852.05,0
850,2,0,43,4,161256.53,1,1,1,140071.57,0
511,2,0,27,8,0.0,2,1,1,49089.36,0
530,1,0,44,6,0.0,2,0,0,55893.37,0
554,2,0,31,1,0.0,2,0,1,192660.55,0
585,0,1,40,3,162261.01,2,1,0,137028.51,0
754,2,0,39,3,74896.33,1,0,0,34430.16,0
837,0,0,35,0,144037.6,1,1,0,145325.32,0
567,2,1,23,9,93522.2,1,0,1,81425.61,0
800,1,0,38,1,0.0,2,1,0,51553.43,0
646,2,0,18,10,0.0,2,0,1,52795.15,0
627,0,0,38,8,106922.92,2,0,1,84270.09,0
505,2,0,26,8,112972.57,1,1,0,145011.62,0
619,0,1,33,3,100488.92,2,0,1,36446.74,0
757,2,1,44,4,123322.15,1,1,0,137136.29,0
648,2,0,32,0,0.0,1,0,1,117323.31,0
621,1,0,42,8,68683.68,1,1,1,74157.71,0
543,0,0,49,6,59532.18,1,1,0,104253.56,0
658,2,1,43,7,140260.36,2,1,0,2748.72,0
633,0,0,50,7,88302.65,1,1,1,195937.16,0
648,2,1,19,1,0.0,2,0,1,22101.86,0
501,0,0,40,5,114655.58,1,0,0,126535.92,0
705,2,1,35,3,0.0,2,0,1,66331.01,0
710,2,1,31,1,0.0,2,1,0,20081.3,0
725,2,0,43,2,165896.0,2,1,0,130795.52,0
638,2,1,32,0,0.0,2,1,0,160129.99,0
791,2,0,36,6,111168.97,1,1,1,189969.91,0
607,2,1,32,6,0.0,2,0,0,196062.01,0
535,2,0,30,6,103804.97,1,1,1,125710.53,0
757,2,0,32,9,0.0,2,1,0,115950.96,0
570,0,0,29,4,122028.65,2,1,1,173792.77,0
850,2,1,35,5,0.0,1,1,1,80992.8,0
454,1,0,40,2,123177.01,1,1,0,148309.98,0
720,2,1,37,2,120328.88,2,1,1,138470.21,0
743,1,1,36,8,92716.96,1,1,1,33693.78,0
493,1,1,48,7,0.0,2,1,0,48545.1,0
557,1,0,34,3,0.0,1,0,1,123427.98,0
850,2,0,40,1,76914.21,1,1,0,174183.44,0
799,2,1,32,3,106045.92,2,1,1,17938.0,0
756,2,0,34,1,103133.26,1,1,1,90059.04,0
752,2,0,38,0,145974.79,2,1,1,137694.23,0
696,1,1,36,3,0.0,3,1,0,65039.9,0
630,1,1,49,1,0.0,2,0,1,162858.29,0
659,1,1,38,9,0.0,2,1,1,35701.06,0
685,1,0,39,9,0.0,2,1,1,18826.06,0
559,1,1,31,1,139183.06,1,0,1,143360.56,0
615,1,0,19,5,0.0,2,1,0,159920.92,0
580,0,1,36,3,74974.89,1,1,1,12099.67,0
487,1,0,44,6,61691.45,1,1,1,53087.98,0
646,0,1,35,1,121952.75,2,1,1,142839.82,0
811,2,1,35,7,0.0,1,1,1,178.19,0
526,1,0,35,5,0.0,2,1,1,105618.14,0
767,1,0,37,7,0.0,2,1,1,24734.25,0
548,2,1,33,1,80107.83,2,0,1,82245.67,0
737,1,1,45,2,0.0,2,0,1,177695.67,0
711,1,0,36,8,0.0,2,1,0,55207.41,0
752,2,1,53,8,114233.18,1,1,1,51587.04,0
710,2,1,37,5,0.0,2,1,0,115403.31,0
510,2,1,22,3,156834.34,1,0,0,44374.44,0
577,2,1,34,2,0.0,2,1,1,84033.35,0
529,2,0,42,1,157498.9,1,1,1,82276.62,0
757,1,1,44,9,0.0,2,1,0,177528.92,0
621,1,0,34,8,0.0,1,0,0,47972.65,0
709,1,0,35,2,0.0,2,1,0,104982.39,0
756,1,0,19,4,130274.22,1,1,1,133535.29,0
788,2,1,41,6,0.0,1,1,1,25571.37,0
705,2,1,39,5,149379.66,2,1,0,96075.55,0
483,2,0,29,9,0.0,1,1,1,81634.45,0
719,1,0,35,1,100829.94,1,1,1,165008.97,0
793,0,1,32,1,96408.98,1,1,1,138191.81,0
593,2,0,41,6,0.0,2,1,1,99136.49,0
690,2,0,39,6,0.0,2,1,0,160532.88,0
512,1,0,39,3,0.0,1,1,0,134878.19,0
802,1,0,41,5,0.0,2,1,1,134626.3,0
450,1,1,34,2,0.0,2,1,0,175480.93,0
651,0,0,41,1,90218.11,1,1,0,174337.68,0
697,2,1,33,1,87347.7,1,1,0,172524.51,0
611,2,0,28,2,0.0,2,0,0,25395.83,0
643,2,1,33,0,137811.75,1,1,1,184856.89,0
822,2,0,37,3,105563.0,1,1,0,182624.93,0
632,2,0,38,4,0.0,2,0,0,192505.62,0
575,1,1,26,7,0.0,2,1,0,112507.63,0
672,2,0,31,6,91125.75,1,1,0,177295.92,0
517,1,0,39,3,0.0,2,0,1,12465.51,0
621,1,0,39,8,0.0,2,1,0,36122.96,0
600,2,0,29,8,0.0,2,0,1,34747.43,0
640,2,0,28,7,0.0,2,1,1,131097.9,0
752,2,1,36,1,86837.95,1,1,1,105280.55,0
613,2,0,26,4,100446.57,1,0,1,149653.81,0
484,2,1,32,3,0.0,2,1,1,139390.99,0
511,2,1,33,3,0.0,2,1,0,132436.71,0
786,1,1,32,6,114512.59,1,1,0,15796.66,0
727,2,0,35,5,136364.46,1,0,0,142754.71,0
622,2,0,31,5,106260.67,1,1,1,2578.43,0
794,2,0,24,10,146126.75,1,1,1,88992.05,0
741,1,1,42,9,121056.63,2,1,0,39122.58,0
687,2,0,34,5,128270.56,1,1,0,191092.62,0
660,1,0,30,4,0.0,2,1,0,129149.06,0
660,2,0,35,7,0.0,2,1,0,13218.6,0
762,2,0,32,10,191775.65,1,1,0,179657.83,0
561,1,0,34,4,85141.79,2,1,1,29217.37,0
609,2,0,26,10,126392.18,1,0,1,43651.49,0
803,2,0,28,3,0.0,2,1,0,159654.0,0
556,2,1,40,9,129860.37,1,0,0,17992.94,0
411,2,1,35,2,0.0,2,1,1,93825.78,0
654,2,0,29,2,91955.61,1,1,0,37065.66,0
670,0,1,36,2,84266.44,2,0,0,38614.69,0
655,2,1,36,2,147149.59,1,1,1,87816.86,0
752,2,1,36,7,0.0,2,1,0,184866.86,0
534,2,1,23,5,104822.45,1,0,1,160176.47,0
635,2,0,42,1,146766.72,2,0,1,164357.1,0
530,2,1,48,0,0.0,1,1,0,85081.09,0
687,1,0,35,3,0.0,2,1,1,176450.19,0
684,2,1,41,6,135203.81,2,1,1,121967.88,0
706,0,0,23,2,93301.97,2,0,1,127187.04,0
490,0,0,33,5,96341.0,2,0,0,108313.34,0
796,2,0,44,8,165326.2,1,1,1,57205.55,0
849,2,0,27,0,0.0,2,0,1,157891.86,0
779,2,1,41,10,99786.2,1,1,0,86927.53,0
794,1,1,22,4,114440.24,1,1,1,107753.07,0
748,1,0,36,4,141573.55,1,1,0,82158.14,0
464,2,1,33,10,147493.7,2,1,0,100447.53,0
590,2,1,29,4,0.0,2,1,0,121846.81,0
522,0,1,37,3,95022.57,1,1,1,129107.59,0
648,2,1,34,3,0.0,1,1,0,54726.43,0
754,2,0,37,6,0.0,1,1,1,116141.72,0
763,2,0,40,3,0.0,2,1,0,134281.11,0
790,1,0,32,3,0.0,1,1,0,91044.47,0
581,2,0,37,7,0.0,2,1,1,74320.75,0
703,2,0,43,8,0.0,2,1,0,9704.66,0
571,2,1,33,9,102017.25,2,0,0,128600.49,0
657,1,1,27,8,0.0,2,0,0,6468.24,0
737,2,0,44,7,0.0,2,0,0,57898.58,0
793,1,0,29,8,96674.55,2,0,0,192120.66,0
751,1,0,33,4,79281.61,1,1,0,117547.76,0
579,2,0,31,6,0.0,2,1,0,26149.25,0
655,0,1,36,10,122314.39,1,1,0,9181.66,0
614,0,0,43,8,140733.74,1,1,1,166588.76,0
562,1,0,41,5,165445.04,2,1,0,85787.31,0
711,0,1,53,5,123805.03,1,1,0,102428.51,0
620,2,0,37,0,107548.94,1,1,0,71175.94,0
437,2,0,49,9,111634.29,2,0,1,166440.32,0
552,1,1,34,4,0.0,2,1,0,140286.69,0
765,0,0,34,5,86055.17,2,1,1,104220.5,0
764,1,0,29,5,0.0,2,1,0,65868.28,0
585,2,1,32,8,144705.87,2,0,0,171482.56,0
784,2,0,31,7,0.0,2,1,1,143204.41,0
605,2,0,41,5,91612.91,1,1,1,28427.84,0
699,1,0,40,2,0.0,1,1,0,78387.32,0
544,2,1,40,7,0.0,1,0,1,161076.92,0
735,2,0,41,7,179904.0,1,1,1,137180.95,0
652,2,0,30,2,176166.56,2,1,1,152210.81,0
694,2,0,42,3,156864.2,2,0,0,88890.75,0
741,2,1,44,7,0.0,2,1,1,190534.76,0
590,1,0,30,3,0.0,2,1,0,83090.35,0
809,1,1,33,3,0.0,2,0,1,141426.78,0
523,2,0,34,2,161588.89,1,1,1,51358.66,0
596,1,1,29,6,0.0,2,1,0,116696.77,0
597,2,1,36,9,0.0,2,1,1,7156.09,0
734,0,1,47,10,91522.04,2,1,1,138835.91,0
710,2,0,45,1,0.0,2,1,1,36154.66,0
539,1,1,39,6,62052.28,1,0,1,59755.14,0
542,2,0,32,7,107871.72,1,1,0,125302.64,0
682,1,1,50,10,128039.01,1,1,1,102260.16,0
515,2,0,33,2,0.0,2,1,1,136028.97,0
651,0,0,34,2,90355.12,2,0,0,193597.94,0
792,0,0,36,5,115725.24,2,0,0,1871.25,0
674,0,1,36,6,100762.64,1,1,0,182156.86,0
513,1,0,39,7,89039.9,2,1,1,146738.83,0
561,2,0,34,1,78829.53,1,1,1,12148.2,0
627,0,0,30,6,112372.96,1,1,1,118029.09,0
683,2,1,29,0,157829.12,1,0,0,129891.66,0
420,0,1,31,1,108377.75,2,1,1,9904.63,0
505,0,0,43,6,127146.68,1,0,0,137565.87,0
577,2,0,36,3,121092.47,2,0,1,143783.46,0
773,0,0,34,10,126979.75,1,0,0,36823.28,0
763,2,1,38,0,152582.2,2,0,0,31892.82,0
592,2,0,36,1,126477.42,1,0,0,179718.17,0
528,1,0,43,7,97473.87,2,1,1,159823.16,0
630,2,0,53,5,138053.67,1,0,1,114110.97,0
529,2,1,31,2,164003.05,2,1,1,60993.23,0
772,1,1,39,4,122486.11,2,1,1,140709.25,0
567,2,0,36,1,0.0,2,0,0,8555.73,0
628,0,1,45,6,53667.44,1,1,0,115022.94,0
658,2,0,20,7,0.0,2,0,0,187638.34,0
629,1,0,34,1,121151.05,1,0,0,119357.93,0
731,1,0,42,9,101043.63,1,1,1,192175.52,0
775,0,0,33,3,83501.66,2,1,0,128841.31,0
660,1,0,33,2,80462.24,1,0,0,150422.35,0
752,2,0,39,3,0.0,1,1,0,188187.05,0
655,2,0,37,6,109093.41,2,1,0,1775.52,0
543,1,1,46,5,140355.6,1,1,1,85086.78,0
811,2,0,42,10,0.0,2,1,1,3797.79,0
689,0,0,45,0,130170.82,2,1,0,150856.38,0
531,2,1,42,2,0.0,2,0,1,90537.47,0
515,2,0,40,0,109542.29,1,1,1,166370.81,0
782,2,0,36,1,148795.17,2,1,1,195681.43,0
604,1,0,41,3,0.0,1,0,0,11819.84,0
655,1,1,35,1,106405.03,1,1,1,82900.25,0
689,1,0,38,2,0.0,1,1,1,82709.8,0
681,1,0,30,2,128393.29,1,1,1,180593.45,0
643,0,0,41,2,127841.52,1,1,0,172363.41,0
617,2,1,24,4,137295.19,2,1,1,91195.12,0
743,2,0,39,6,0.0,2,1,0,44265.28,0
828,0,1,25,7,144351.86,1,1,0,116613.26,0
776,1,0,35,8,106365.29,1,1,1,148527.56,0
540,0,0,35,7,127801.88,1,0,1,84239.46,0
616,0,1,45,4,122793.96,1,1,1,62002.04,0
615,2,0,30,7,0.0,2,1,1,156346.84,0
543,2,0,30,4,140916.81,1,1,0,157711.18,0
553,2,1,31,4,0.0,2,1,1,89087.4,0
554,0,0,26,4,121365.39,1,1,1,8742.36,0
684,1,1,36,4,0.0,1,1,0,117038.96,0
452,2,1,35,7,0.0,2,1,0,164241.67,0
629,2,0,40,9,0.0,1,1,0,106.67,0
659,1,1,33,8,115409.6,1,0,1,1539.21,0
493,2,1,33,8,90791.69,1,1,1,59659.53,0
554,2,1,44,6,92436.86,1,1,0,126033.9,0
807,2,1,36,4,0.0,2,0,1,147007.33,0
500,0,0,44,9,160838.13,2,1,0,196261.64,0
559,1,1,40,7,144470.77,1,1,1,18917.95,0
584,1,1,38,3,0.0,2,1,1,4525.4,0
754,1,0,35,4,0.0,2,1,1,9658.41,0
740,2,0,36,7,0.0,1,1,1,13177.4,0
733,2,0,48,5,0.0,1,0,1,117830.57,0
755,0,1,37,0,113865.23,2,1,1,117396.25,0
534,2,0,36,4,120037.96,1,1,0,36275.94,0
656,1,0,33,4,0.0,2,1,0,116706.0,0
575,2,0,40,5,0.0,2,1,1,122488.59,0
758,1,1,35,5,0.0,2,0,0,100365.51,0
682,2,0,50,6,121818.84,2,0,1,124151.37,0
501,2,1,29,8,0.0,2,1,0,112664.24,0
746,0,0,34,6,141806.0,2,1,1,183494.87,0
638,2,1,29,9,103417.74,1,1,1,15336.4,0
734,2,0,45,2,0.0,2,1,0,99593.28,0
555,2,0,40,10,43028.77,1,1,0,170514.21,0
626,2,0,44,10,0.0,2,0,0,164287.86,0
681,0,0,37,8,73179.34,2,1,1,25292.53,0
709,2,0,38,5,0.0,2,1,1,81452.29,0
562,0,0,33,8,92659.2,2,1,0,1354.25,0
684,0,1,46,3,102955.14,2,1,0,154137.33,0
631,0,1,29,2,96863.52,2,1,1,31613.35,0
657,1,0,34,5,154983.98,1,1,0,27738.01,0
606,1,0,38,7,128578.52,1,1,1,193878.51,0
660,2,1,38,5,110570.78,2,1,0,195906.59,0
829,1,0,50,7,0.0,2,0,1,178458.86,0
567,1,0,29,8,0.0,2,1,0,156125.72,0
850,2,1,33,3,0.0,2,1,1,11159.19,0
712,1,1,44,2,0.0,2,0,0,45738.94,0
562,2,0,30,3,111099.79,2,0,0,140650.19,0
755,2,1,29,3,0.0,3,1,0,4733.94,0
793,1,0,25,3,100913.57,1,0,0,10579.72,0
471,1,0,26,8,0.0,2,1,1,179655.87,0
707,2,0,42,2,16893.59,1,1,1,77502.56,0
784,1,0,38,10,122267.85,1,0,0,145759.93,0
703,2,0,32,1,125685.79,1,1,1,56246.72,0
704,1,0,36,8,127397.34,1,1,0,151335.24,0
662,2,0,38,0,105271.56,1,0,1,179833.45,0
636,0,1,28,2,115265.14,1,0,0,191627.85,0
640,1,0,36,4,0.0,1,0,0,173016.46,0
739,1,0,31,1,0.0,2,1,1,58469.75,0
767,0,0,23,2,139542.82,1,0,1,28038.28,0
714,2,0,37,9,148466.93,2,0,1,151280.96,0
707,2,0,29,4,0.0,2,1,0,139953.94,0
577,2,1,35,4,108155.49,1,1,0,105407.79,0
633,2,1,42,1,0.0,2,1,0,56865.62,0
849,0,0,41,10,84622.13,1,1,1,198072.16,0
614,1,1,41,7,146997.64,2,0,0,137791.18,0
558,2,1,47,9,0.0,2,1,0,103787.28,0
832,2,1,27,10,98590.25,1,1,0,30912.89,0
567,2,1,26,2,0.0,2,1,1,78651.55,0
655,1,1,29,9,0.0,2,0,1,85736.26,0
641,2,1,42,6,0.0,2,0,0,121138.77,0
676,2,0,35,5,106836.67,2,1,0,84199.78,0
472,2,0,29,8,102490.27,1,0,1,181224.56,0
644,0,0,34,9,112746.54,2,0,0,141230.07,0
598,2,0,38,0,125487.89,1,0,0,158111.71,0
792,1,0,25,8,142862.21,1,1,1,130639.01,0
700,2,1,37,7,0.0,2,1,0,17040.82,0
616,2,0,34,10,0.0,2,1,0,25662.27,0
743,1,0,35,6,79388.33,1,1,1,193360.69,0
427,2,0,37,5,0.0,2,1,1,121485.1,0
731,2,0,29,10,0.0,2,1,1,162452.65,0
610,2,1,31,6,107784.65,1,1,1,141137.53,0
653,1,1,38,9,149571.94,1,1,0,118383.18,0
774,2,0,49,1,142767.39,1,1,1,8214.41,0
719,1,0,50,2,0.0,2,0,0,10772.13,0
688,0,0,45,9,103399.87,1,0,0,129870.93,0
474,2,1,30,9,0.0,2,0,0,63158.22,0
505,0,0,43,5,136855.94,2,1,0,171070.52,0
610,2,0,37,0,0.0,1,1,0,114514.64,0
705,1,1,46,5,89364.91,1,0,1,139162.15,0
669,2,1,29,7,146011.4,1,0,0,50249.16,0
650,1,0,20,8,0.0,2,1,1,113469.65,0
550,0,0,29,9,145294.08,2,1,0,147484.13,0
572,1,1,26,5,0.0,2,1,0,119381.41,0
662,1,0,20,9,104508.77,2,0,0,73107.53,0
714,1,0,44,7,0.0,1,0,1,6923.11,0
600,2,1,32,1,78535.25,1,1,0,64349.6,0
847,1,1,37,9,112712.17,1,1,0,116097.26,0
710,1,1,28,6,0.0,1,1,0,48426.98,0
682,2,1,33,8,74963.5,1,1,1,32770.56,0
642,2,0,26,1,138023.79,2,0,1,117060.2,0
536,1,1,28,4,0.0,1,1,1,136197.65,0
754,2,1,47,1,185513.67,1,1,0,27438.83,0
741,0,0,38,4,128015.83,1,1,0,58440.43,0
757,2,0,31,10,39539.39,2,0,0,192519.39,0
721,2,0,40,3,0.0,1,1,1,144874.67,0
700,2,0,37,3,77608.46,2,1,1,175373.46,0
663,2,0,26,5,141462.13,1,1,0,440.2,0
677,1,1,35,0,0.0,2,0,0,76637.38,0
655,2,0,27,2,131691.33,1,1,0,49480.66,0
832,1,0,29,8,93833.86,1,0,1,10417.87,0
721,1,1,46,7,137933.39,1,1,1,67976.57,0
508,2,1,38,3,166328.65,2,0,1,22614.19,0
588,0,1,42,2,164307.77,1,1,0,48498.19,0
691,0,0,38,9,163965.69,2,0,1,103511.26,0
664,2,0,40,7,125608.72,1,1,0,122073.48,0
479,1,0,37,6,118433.94,1,0,1,160060.9,0
518,2,0,40,4,0.0,2,0,1,194416.58,0
850,2,0,34,6,0.0,1,0,1,52796.31,0
626,2,1,29,4,105767.28,2,0,0,41104.82,0
774,1,0,32,9,0.0,2,1,0,10604.48,0
719,1,1,48,5,0.0,2,0,0,78563.66,0
485,2,1,25,3,134467.26,1,1,1,113266.09,0
784,0,0,38,1,138515.02,1,1,1,171768.76,0
850,0,0,32,2,128647.98,2,0,0,54416.18,0
669,2,1,38,9,121858.98,1,1,0,130755.34,0
721,2,1,49,1,120108.56,1,0,1,183421.76,0
515,2,1,37,0,196853.62,1,1,1,132770.11,0
774,2,1,35,3,121418.62,1,1,1,24400.37,0
585,1,0,36,10,0.0,2,1,1,180318.6,0
695,2,1,29,9,0.0,2,1,0,111565.45,0
729,0,1,42,4,97495.8,2,0,0,2002.5,0
713,2,1,42,3,0.0,2,0,0,82565.01,0
555,1,0,33,5,127343.4,1,0,1,121789.3,0
699,1,1,50,0,158633.61,1,1,0,193785.87,0
510,2,0,44,6,0.0,2,1,1,175518.31,0
842,1,0,46,9,0.0,1,0,0,17268.02,0
608,2,0,31,7,79962.92,2,1,0,60901.72,0
850,2,1,36,10,0.0,2,1,1,100750.03,0
642,2,0,36,4,0.0,2,1,1,195224.91,0
850,2,0,33,7,140956.99,1,0,0,3510.18,0
455,1,1,43,6,0.0,1,1,1,81250.79,0
544,1,0,30,8,145241.63,1,1,1,80676.83,0
651,0,0,31,7,138008.06,2,1,0,129912.74,0
814,2,1,31,4,0.0,2,1,1,142029.17,0
537,2,0,39,2,0.0,2,1,1,137651.6,0
553,2,0,37,2,0.0,2,1,0,33877.29,0
800,1,0,38,9,0.0,1,1,0,78744.39,0
791,2,0,34,7,0.0,2,1,0,96734.46,0
699,1,1,29,9,127570.93,2,1,0,164756.81,0
756,2,1,28,6,0.0,1,1,1,164394.65,0
850,0,0,22,7,91560.58,2,0,0,10541.38,0
760,0,0,34,6,121303.77,2,1,1,59325.21,0
569,1,0,43,8,161546.68,2,0,1,178187.28,0
661,1,1,35,5,128415.45,1,1,0,142626.49,0
694,2,0,38,1,0.0,2,0,1,156858.2,0
728,2,1,28,4,142243.54,2,1,0,33074.51,0
639,2,0,32,9,0.0,2,1,0,111340.36,0
663,1,0,30,4,0.0,3,1,0,101371.05,0
826,1,0,41,5,146466.46,2,0,0,180934.67,0
735,1,0,36,5,0.0,2,1,0,105152.17,0
663,2,1,39,8,0.0,2,1,1,101168.9,0
562,1,1,29,9,120307.58,1,1,1,6795.61,0
696,2,0,27,4,87637.26,2,0,0,196111.35,0
850,1,0,38,2,94652.04,1,1,1,171960.76,0
719,2,1,22,7,114415.84,1,1,1,177497.4,0
604,2,0,40,1,84315.02,1,0,0,36209.1,0
782,1,1,27,3,0.0,2,1,0,143614.01,0
512,0,0,42,9,93955.83,2,1,0,14828.54,0
569,2,0,36,1,67087.69,1,1,0,154775.7,0
753,0,0,30,1,110824.52,1,1,1,57896.27,0
430,2,1,33,8,0.0,1,1,1,69759.91,0
756,2,0,28,8,179960.2,1,1,0,89938.08,0
493,2,0,38,3,134006.77,1,1,0,89578.32,0
777,0,1,37,10,121532.17,2,1,1,73464.88,0
779,1,1,38,7,0.0,2,1,1,138542.87,0
702,1,1,38,2,0.0,1,1,1,161888.63,0
551,2,0,35,7,129717.3,2,0,0,86937.2,0
749,0,0,22,4,94762.16,2,1,1,42241.54,0
752,0,0,29,4,129514.99,1,1,1,102930.46,0
637,1,0,43,3,172196.23,1,1,1,104769.96,0
724,2,0,28,5,97612.12,1,1,1,96498.14,0
685,2,0,20,4,104719.94,2,1,0,38691.34,0
625,2,1,38,7,0.0,1,1,0,164804.02,0
584,1,1,29,4,0.0,2,1,0,88866.92,0
550,2,1,22,7,139096.85,1,1,0,129890.94,0
803,1,0,43,3,0.0,1,1,0,72051.44,0
481,1,0,39,1,111233.09,1,1,1,123995.15,0
701,2,0,23,3,0.0,2,1,0,38960.59,0
751,2,0,29,10,147737.63,1,0,1,94951.27,0
675,2,0,35,8,0.0,2,1,1,56642.97,0
733,0,0,40,5,125725.02,2,1,1,50783.1,0
701,2,0,29,2,0.0,2,1,0,176943.59,0
554,1,0,26,8,149134.46,1,1,1,177966.24,0
723,2,0,30,3,124119.54,1,1,0,162198.32,0
766,0,0,44,3,116822.7,1,0,0,197643.24,0
597,2,1,24,1,103219.47,1,1,0,60420.07,0
574,2,0,41,1,0.0,2,0,0,70550.0,0
672,1,0,43,5,0.0,2,1,1,64515.5,0
717,2,0,38,7,0.0,2,1,1,158580.05,0
521,2,1,32,2,136555.01,2,1,1,129353.21,0
669,2,0,39,3,119452.03,1,1,1,171575.54,0
462,0,1,24,9,69881.09,2,0,1,64421.02,0
619,2,0,39,5,0.0,2,1,1,158444.61,0
665,2,1,44,7,0.0,2,1,1,66548.58,0
655,1,1,27,9,0.0,2,0,0,108008.05,0
463,1,0,20,8,204223.03,1,1,0,128268.39,0
807,0,1,31,1,141069.18,3,1,1,194257.11,0
728,2,0,38,1,115934.74,1,1,1,139059.05,0
582,2,0,52,2,151457.88,1,0,1,40893.61,0
704,0,1,35,3,154206.07,2,1,1,40261.49,0
714,2,1,26,9,89928.99,1,1,0,46203.31,0
628,2,0,30,8,89182.09,1,1,1,13126.9,0
809,0,0,41,1,79706.25,2,1,0,165675.01,0
560,2,1,27,5,0.0,2,1,0,131919.48,0
811,2,0,31,7,117799.28,1,1,1,182372.35,0
584,2,0,26,4,0.0,2,1,0,147600.54,0
691,2,0,28,1,0.0,2,0,0,92865.41,0
588,0,0,33,9,150186.22,2,1,1,65611.01,0
529,2,0,32,9,147493.89,1,1,0,33656.35,0
622,2,0,43,8,0.0,2,1,0,100618.17,0
683,2,1,42,8,0.0,2,0,1,198134.9,0
575,2,0,29,4,121823.4,2,1,1,50368.87,0
577,1,1,40,1,0.0,2,1,1,108787.0,0
652,1,1,40,7,100471.34,1,1,1,124550.88,0
687,1,0,31,3,0.0,2,0,0,48228.1,0
822,2,0,32,8,116358.0,1,1,0,108798.36,0
656,0,1,23,4,163549.63,1,0,1,21085.12,0
745,0,0,51,3,99183.9,1,1,1,28922.25,0
684,1,1,41,1,134177.06,1,0,0,177506.66,0
635,1,1,38,1,0.0,2,1,0,90605.05,0
582,2,0,30,2,0.0,2,1,1,132029.95,0
613,1,0,19,5,0.0,1,1,1,176903.35,0
659,2,1,32,2,155584.21,1,0,1,153662.88,0
745,2,1,28,6,0.0,2,1,0,154389.18,0
604,1,1,41,10,0.0,2,1,1,166224.39,0
509,0,0,32,9,170661.47,1,1,1,21646.2,0
706,0,1,29,6,185544.36,1,1,0,171037.63,0
695,2,0,36,6,114007.5,2,1,0,118120.88,0
640,2,1,33,6,84719.13,2,1,1,113048.79,0
672,2,0,39,2,0.0,2,1,0,87372.49,0
701,2,0,39,9,140236.98,1,0,1,146651.99,0
634,1,0,25,9,0.0,2,1,1,8227.91,0
531,1,1,42,6,75302.85,2,0,0,57034.35,0
699,2,0,27,1,0.0,2,1,0,93003.21,0
449,1,1,31,1,113693.0,1,0,0,82796.29,0
684,1,1,36,5,174180.39,1,1,0,119830.08,0
714,2,1,40,0,0.0,2,1,0,62762.12,0
712,1,1,48,8,0.0,2,1,0,183235.33,0
683,2,0,36,5,115350.63,1,1,1,122305.91,0
654,1,0,40,5,105683.63,1,1,0,173617.09,0
700,2,0,37,1,135179.49,1,1,0,160670.37,0
744,1,0,31,0,117551.23,1,1,0,158958.9,0
645,0,0,25,1,157404.02,2,1,0,93073.04,0
525,1,0,36,3,77910.23,1,1,0,67238.01,0
732,2,0,25,0,110942.9,1,0,0,172576.56,0
721,2,1,40,7,0.0,2,1,1,122580.48,0
622,2,0,32,5,179305.09,1,1,1,149043.78,0
654,0,0,31,5,150593.59,2,1,1,105218.45,0
850,0,1,25,8,69385.17,2,1,0,87834.24,0
667,0,0,27,2,138032.15,1,1,0,166317.71,0
620,2,0,41,3,0.0,2,1,1,137309.06,0
616,2,0,29,9,0.0,1,1,1,166984.44,0
710,1,1,29,3,119670.18,1,1,0,188022.44,0
717,1,0,33,1,99106.73,1,0,0,194467.23,0
786,0,0,24,2,120135.55,2,1,1,125449.47,0
651,2,1,39,8,0.0,1,1,0,137452.57,0
680,1,0,42,0,0.0,1,1,0,136377.21,0
646,2,1,51,4,101629.3,1,0,0,130541.1,0
807,0,0,47,1,171937.27,1,1,1,65636.92,0
727,2,0,47,7,0.0,2,1,0,193305.35,0
787,2,0,25,5,0.0,2,1,0,47307.9,0
806,2,0,34,6,0.0,2,0,0,100809.99,0
603,2,0,31,1,129743.75,1,1,0,109145.2,0
684,0,0,32,3,102630.13,2,1,1,127433.47,0
558,0,0,41,2,124227.14,1,1,1,111184.67,0
695,2,1,23,1,0.0,2,1,1,141756.32,0
789,2,0,31,4,175477.15,1,1,1,172832.9,0
597,2,1,29,1,132144.35,1,1,0,158086.33,0
405,0,0,31,5,133299.67,2,1,1,72950.14,0
658,2,0,39,7,0.0,2,1,0,48378.4,0
633,2,0,35,10,0.0,2,1,0,65675.47,0
589,2,0,46,9,0.0,2,1,0,170676.67,0
750,0,1,37,1,133199.71,2,1,1,27366.77,0
812,0,0,33,2,127154.14,2,0,1,105383.49,0
539,1,0,39,2,0.0,2,1,1,48189.94,0
670,0,1,42,5,49508.79,3,1,1,100324.01,0
673,2,0,41,5,0.0,1,1,1,65657.29,0
598,1,1,39,5,0.0,2,1,1,83103.46,0
776,1,0,30,6,0.0,2,0,1,63908.86,0
606,1,1,23,10,70417.79,1,0,1,90896.04,0
686,1,0,38,7,111484.88,1,1,1,76076.2,0
850,1,0,38,1,146343.98,1,0,1,103902.11,0
606,0,0,27,2,130274.26,2,1,0,147533.09,0
627,2,1,21,7,98993.02,1,1,1,169156.64,0
850,1,0,36,0,0.0,2,1,0,141242.57,0
850,0,0,32,9,141827.33,2,1,1,149458.73,0
724,2,1,40,6,110054.45,1,1,1,86950.72,0
579,2,0,28,4,0.0,2,1,1,176925.69,0
727,1,0,28,1,0.0,1,1,0,40357.39,0
669,1,0,22,10,0.0,2,1,0,176163.74,0
774,2,1,32,4,0.0,2,0,0,114899.13,0
639,1,1,27,8,133806.54,2,1,0,6251.3,0
835,2,0,32,8,124993.29,2,1,1,27548.06,0
637,1,1,44,0,157622.58,1,1,1,120454.2,0
589,0,0,48,5,126111.61,1,0,1,133961.19,0
591,2,0,42,9,161651.37,2,1,1,131753.97,0
723,2,1,40,7,142856.95,2,0,0,38019.74,0
733,1,0,35,8,102918.38,1,1,1,45959.86,0
731,2,1,30,5,0.0,2,1,0,189528.72,0
654,2,0,47,10,0.0,2,1,0,170481.98,0
828,2,0,37,4,0.0,2,1,0,94845.45,0
590,1,0,22,7,125265.61,1,1,1,161253.08,0
657,2,0,37,4,82500.28,1,1,1,115260.72,0
516,2,1,47,6,109387.33,1,0,0,121365.45,0
561,2,0,37,1,100443.36,2,0,1,101693.73,0
575,1,0,28,7,0.0,1,1,1,10666.05,0
623,2,1,28,4,0.0,2,1,0,41227.67,0
642,2,1,40,7,0.0,2,1,0,10712.82,0
671,2,1,42,6,0.0,2,1,0,197202.48,0
495,2,1,40,1,140197.71,2,1,0,150720.39,0
850,2,1,28,1,105245.34,1,0,1,74780.13,0
630,2,0,50,8,0.0,2,0,1,79377.45,0
588,2,0,32,1,0.0,2,1,1,8763.87,0
562,0,0,35,3,142296.13,1,0,1,177112.7,0
695,2,0,28,5,171069.39,2,1,1,88689.4,0
589,2,1,39,7,0.0,2,0,0,95985.64,0
607,2,1,31,1,102523.88,1,1,1,166792.71,0
794,2,0,35,6,0.0,2,1,1,68730.91,0
644,0,1,44,8,106022.73,2,0,0,148727.42,0
636,1,1,36,1,0.0,1,1,0,43134.58,0
599,0,0,36,3,128960.21,2,1,1,40318.33,0
507,2,1,35,2,0.0,2,1,0,97633.93,0
682,2,1,48,7,0.0,2,1,0,65069.03,0
714,2,1,24,7,0.0,2,1,0,166335.0,0
696,2,1,25,8,126442.59,1,1,0,121904.44,0
599,1,0,51,0,0.0,1,1,1,175235.99,0
577,2,0,37,2,127261.35,1,1,0,56185.05,0
733,1,1,32,5,0.0,2,1,0,131625.14,0
647,2,1,33,4,0.0,1,1,0,152323.04,0
831,2,1,34,2,0.0,2,0,0,165840.94,0
543,0,0,30,6,73481.05,1,1,1,176692.65,0
679,2,0,34,7,160515.37,1,1,0,121904.14,0
751,2,0,29,1,135536.5,1,1,0,66825.33,0
701,1,0,28,1,103421.32,1,0,1,76304.73,0
698,2,0,33,5,135658.73,2,0,1,39755.0,0
451,2,1,36,2,0.0,2,1,1,180142.42,0
665,2,0,28,8,191402.82,2,1,0,83238.4,0
726,0,0,50,9,94504.35,1,0,1,5078.9,0
549,2,1,46,7,0.0,1,1,1,109057.56,0
803,2,0,33,6,0.0,2,1,0,115676.61,0
663,2,0,43,4,87624.03,2,1,0,149401.33,0
714,2,1,25,4,0.0,2,0,0,82500.84,0
704,2,0,39,5,0.0,1,1,0,6416.92,0
659,0,0,34,9,134464.58,2,1,0,178833.34,0
635,1,0,35,2,113635.16,1,1,0,90883.12,0
530,1,1,36,7,0.0,2,1,0,80619.09,0
661,0,0,41,5,122552.48,2,0,1,120646.4,0
531,1,0,31,2,118899.45,2,0,0,41409.36,0
694,2,1,29,5,99713.87,1,0,0,112317.89,0
731,2,1,36,6,0.0,1,0,0,152128.36,0
556,2,1,36,2,134208.22,1,0,1,177670.57,0
647,0,1,41,1,85906.65,3,1,0,189159.97,0
850,0,0,32,3,137714.25,1,0,1,159403.68,0
573,1,0,33,1,160777.9,1,1,1,149536.15,0
591,2,0,45,5,0.0,2,1,1,155492.87,0
723,2,0,21,4,0.0,2,0,0,24847.02,0
617,2,0,25,1,102585.88,2,1,1,115387.4,0
457,0,0,42,4,126772.57,1,0,1,126106.4,0
787,0,1,38,3,158373.23,1,1,1,28228.35,0
651,2,1,34,9,0.0,2,1,0,138113.71,0
612,0,0,42,5,141927.1,1,1,1,43018.98,0
724,2,1,34,2,0.0,2,1,1,118863.38,0
648,0,0,44,9,111369.79,2,1,1,91947.74,0
569,1,0,35,3,116969.35,1,0,0,94488.82,0
765,0,1,34,8,136729.51,2,0,0,47058.21,0
603,1,0,46,2,0.0,2,1,0,174478.54,0
568,1,0,28,1,127289.28,1,0,0,45611.51,0
573,1,0,38,4,0.0,2,1,1,196517.43,0
771,1,1,41,5,0.0,2,0,1,92914.67,0
763,2,0,35,9,0.0,1,1,1,31372.91,0
410,2,1,35,7,117183.74,1,1,1,109733.73,0
728,2,0,33,8,129907.63,1,0,1,36083.96,0
712,2,0,35,7,124616.23,1,1,1,69320.97,0
680,2,0,31,9,0.0,2,1,0,36145.53,0
721,2,0,35,10,0.0,2,1,0,71594.26,0
620,2,1,42,1,0.0,2,0,1,65565.92,0
774,1,1,36,8,117152.3,1,0,0,101828.39,0
563,2,0,35,3,106250.72,1,0,0,39546.32,0
850,0,1,27,8,111837.78,2,1,1,110805.79,0
681,2,0,47,9,97023.21,1,1,1,2168.13,0
631,2,1,31,8,137687.72,1,1,0,190067.12,0
614,1,1,40,3,113348.5,1,1,1,77789.01,0
704,1,0,24,10,122109.78,1,1,1,127654.37,0
786,2,0,32,2,120452.4,2,0,0,79602.86,0
534,2,1,53,7,0.0,2,1,1,80619.17,0
590,1,0,34,0,65812.35,2,0,1,160346.3,0
597,2,0,33,9,0.0,2,1,0,49374.82,0
667,0,0,32,0,103846.65,1,1,0,20560.69,0
627,2,0,37,2,125190.86,1,0,1,84584.69,0
708,2,1,33,8,0.0,2,0,1,15246.83,0
527,0,1,28,2,123802.98,2,1,1,155846.69,0
592,2,0,37,3,96651.03,1,1,1,3232.82,0
465,2,0,33,8,0.0,2,1,0,177668.55,0
628,2,0,39,6,0.0,2,0,0,134441.6,0
815,2,0,37,1,166115.42,1,1,0,67208.3,0
817,2,1,37,6,81070.34,2,1,0,80985.88,0
717,2,0,35,4,0.0,1,1,1,167573.06,0
641,2,1,53,0,123835.52,2,0,1,160110.65,0
624,2,0,51,10,123401.43,2,1,1,127825.25,0
579,0,0,49,4,169377.31,1,1,1,123535.05,0
698,2,0,38,2,130015.24,1,1,1,41595.3,0
645,2,0,32,4,0.0,2,0,1,97628.08,0
691,2,0,34,8,133936.04,2,1,0,91359.79,0
638,2,0,34,6,114543.27,1,1,1,97755.29,0
705,2,1,31,3,119794.67,1,0,0,182528.44,0
720,2,0,33,9,0.0,2,1,1,142956.48,0
553,1,0,44,4,0.0,1,1,0,10789.3,0
658,2,1,29,8,0.0,2,0,1,130461.09,0
636,1,0,45,3,0.0,2,1,1,159463.8,0
527,0,1,41,10,136733.24,1,1,1,57589.29,0
717,0,1,28,9,82498.14,2,0,0,40437.67,0
614,1,0,39,3,151914.93,1,0,0,56459.45,0
587,1,0,51,3,83739.32,1,0,1,148798.45,0
710,2,0,38,3,130588.82,1,1,1,154997.64,0
507,2,0,42,6,0.0,2,1,0,34777.23,0
609,0,0,33,6,94126.67,1,0,0,93718.16,0
786,2,0,32,9,0.0,2,1,0,133112.41,0
710,2,0,38,2,0.0,2,1,0,96.27,0
779,1,0,33,3,0.0,2,1,0,30804.68,0
733,2,1,44,6,168165.84,1,0,1,197193.49,0
583,0,1,26,10,72835.56,2,1,0,96792.15,0
627,2,0,41,3,0.0,2,1,0,132719.8,0
666,0,0,31,3,123212.08,2,1,1,112157.31,0
620,1,0,38,0,0.0,2,1,1,38015.34,0
614,1,1,39,6,0.0,2,1,1,164018.98,0
606,2,0,40,6,119501.88,2,1,0,46774.94,0
700,0,1,39,5,144550.83,2,1,1,189664.43,0
564,2,0,35,4,0.0,1,1,0,158937.55,0
620,1,0,42,9,121490.05,1,1,1,29296.74,0
610,1,0,46,5,91897.8,1,1,0,54394.28,0
609,1,0,39,2,139443.75,2,1,0,9234.06,0
683,0,0,35,5,144961.97,1,0,1,26796.73,0
633,0,0,42,3,126041.02,1,0,1,11796.89,0
676,0,0,28,1,69459.05,2,1,1,128461.29,0
693,2,0,38,7,198338.77,2,1,1,14278.18,0
709,2,0,36,0,0.0,2,1,0,46811.77,0
565,2,0,34,6,0.0,1,1,1,63173.64,0
681,2,0,29,8,0.0,1,1,0,66367.33,0
503,1,1,36,9,0.0,2,1,1,16274.67,0
656,2,0,40,2,0.0,2,1,1,180553.48,0
687,1,1,50,5,0.0,2,1,0,110230.4,0
686,1,0,22,8,0.0,2,0,0,142331.85,0
616,1,0,30,2,0.0,2,1,0,199099.51,0
534,2,0,38,3,0.0,1,0,0,143938.27,0
695,1,1,31,8,0.0,2,0,1,131644.41,0
579,1,1,31,9,0.0,2,1,0,112395.98,0
432,0,0,38,2,135559.8,2,1,1,71856.3,0
816,0,1,25,2,150355.35,2,1,1,35770.84,0
730,2,1,37,1,0.0,2,1,1,124364.63,0
593,2,1,35,6,133489.12,2,1,1,78101.29,0
775,0,0,25,10,60205.2,2,1,0,14073.11,0
539,2,0,38,5,0.0,2,1,0,47388.41,0
576,1,0,19,6,0.0,2,0,0,72306.07,0
688,2,0,40,6,0.0,1,1,1,47886.44,0
608,2,0,33,4,0.0,1,0,1,130474.03,0
670,2,1,42,6,112333.63,1,1,1,65706.86,0
786,2,0,37,7,165896.22,2,1,1,66977.68,0
704,1,1,44,9,153656.85,1,1,0,158742.81,0
796,2,1,50,1,94164.0,1,1,1,189414.74,0
598,1,0,39,1,0.0,2,1,0,159130.32,0
602,2,0,49,0,191808.73,1,0,0,97640.2,0
641,0,0,41,7,104405.54,3,1,0,17384.21,0
518,2,1,27,1,133801.49,1,1,1,143315.57,0
623,1,1,40,4,0.0,3,1,0,31669.18,0
733,2,1,28,5,0.0,2,0,0,12761.16,0
625,0,0,42,6,100047.33,1,1,0,93429.95,0
759,2,1,31,1,109848.6,1,1,1,42012.55,0
604,2,1,32,7,127849.38,1,1,0,15798.7,0
512,1,1,46,3,0.0,2,1,1,56408.14,0
520,2,1,29,8,95947.76,1,1,0,4696.44,0
805,1,0,26,2,0.0,2,1,1,25042.1,0
656,2,0,38,10,0.0,1,1,1,136521.82,0
785,1,0,41,7,0.0,2,1,1,199108.88,0
553,2,0,31,6,0.0,2,0,0,124596.63,0
569,2,1,44,4,0.0,2,0,0,134394.78,0
670,2,0,38,10,89416.99,1,0,0,144275.39,0
586,1,0,42,6,0.0,2,1,1,123410.23,0
617,1,1,45,1,0.0,1,1,0,143298.06,0
624,1,1,35,7,119656.45,2,1,1,4595.05,0
654,2,0,29,4,132954.64,1,1,1,146715.07,0
681,0,1,44,3,105206.7,2,1,1,163558.36,0
578,1,0,28,4,0.0,2,0,0,6947.09,0
621,1,1,37,9,83061.26,2,1,0,9170.54,0
632,2,0,40,5,147650.68,1,1,1,199674.83,0
821,2,0,28,2,0.0,2,1,0,46072.52,0
754,2,1,38,2,0.0,2,0,0,3524.69,0
568,1,1,27,1,116320.68,1,0,1,45563.94,0
584,2,0,33,3,0.0,2,0,1,59103.13,0
549,2,1,29,8,0.0,2,1,1,189558.44,0
729,2,1,38,7,0.0,2,0,0,45779.9,0
675,0,0,42,2,92616.64,2,1,0,8567.18,0
782,1,1,41,4,0.0,1,1,0,132943.88,0
738,1,1,37,8,100565.94,1,1,1,128799.86,0
660,2,0,19,5,127649.64,1,1,1,40368.65,0
525,2,0,35,7,165358.77,1,0,1,94738.54,0
629,1,0,29,6,0.0,2,1,1,88842.8,0
616,0,1,36,10,78249.53,1,1,0,136934.91,0
691,2,1,29,9,0.0,2,0,0,199635.93,0
687,0,1,41,2,154007.21,1,1,0,158408.23,0
677,1,1,43,3,133214.88,2,1,1,95936.84,0
663,2,1,27,9,0.0,2,1,0,150850.29,0
496,2,0,30,0,90963.49,1,0,1,27802.0,0
472,2,1,26,5,0.0,2,1,0,108411.66,0
703,2,1,40,7,0.0,2,0,1,122518.5,0
850,2,1,38,2,0.0,2,1,0,9015.07,0
559,2,0,33,9,111060.05,2,1,0,110371.84,0
672,2,1,34,8,0.0,2,1,1,16245.25,0
648,0,0,33,7,135310.41,2,0,1,171668.2,0
497,2,0,32,8,0.0,2,1,0,67364.42,0
619,2,0,29,5,0.0,2,1,0,194310.1,0
639,1,0,34,5,139393.19,2,0,0,33950.08,0
540,1,0,28,8,0.0,2,0,0,197588.32,0
766,2,1,26,3,104258.8,1,1,1,428.23,0
749,2,1,26,6,0.0,2,0,1,34948.77,0
655,0,0,32,9,113447.01,1,1,0,82084.3,0
630,2,0,33,9,0.0,2,1,0,64804.59,0
778,0,1,33,4,111063.73,2,1,0,83556.65,0
529,1,1,39,2,82766.43,1,1,1,122925.44,0
620,1,0,29,9,0.0,2,1,0,13133.88,0
735,2,1,25,3,91718.8,1,0,0,28411.23,0
505,0,1,37,6,159863.9,2,0,1,125307.87,0
471,0,0,23,6,104592.55,2,1,0,131736.23,0
722,1,1,50,4,132088.59,1,1,1,128262.14,0
577,1,1,39,4,0.0,2,1,0,91366.42,0
744,1,0,44,5,120654.68,1,1,0,82290.81,0
573,2,1,30,6,0.0,2,1,0,66190.21,0
653,2,1,32,4,83772.95,1,0,1,23920.65,0
660,2,1,31,6,172325.67,1,0,1,45438.38,0
787,2,0,46,7,117685.31,2,1,1,93360.35,0
617,2,0,41,7,0.0,2,0,1,14496.67,0
567,2,0,39,5,0.0,2,0,0,168521.72,0
684,2,0,35,6,135871.5,1,1,1,87219.41,0
585,2,0,36,7,0.0,2,1,0,94283.09,0
516,2,1,42,8,56228.25,1,1,0,46857.52,0
628,0,0,40,5,181768.32,2,1,1,129107.97,0
682,1,1,48,9,101198.01,1,1,1,49732.9,0
746,2,0,25,9,0.0,2,0,1,88728.47,0
644,2,1,39,9,0.0,1,1,0,3740.93,0
778,2,0,34,5,139064.06,2,0,0,67949.32,0
617,2,1,35,2,104508.1,1,1,1,147636.46,0
537,2,0,47,10,0.0,2,0,1,25482.62,0
554,2,1,39,10,0.0,2,1,1,18391.93,0
806,2,0,31,9,0.0,2,0,1,140168.36,0
611,0,0,37,1,117524.72,2,0,1,161064.29,0
665,2,1,37,5,160389.82,1,0,1,183542.08,0
648,2,1,37,7,0.0,2,1,0,194238.92,0
692,2,0,27,1,125547.53,1,0,0,7900.46,0
507,1,0,46,6,92783.68,1,1,1,51424.29,0
681,2,0,34,3,0.0,2,0,0,55816.2,0
687,2,1,26,6,0.0,2,1,1,32909.13,0
641,1,0,40,5,102145.13,1,1,1,100637.07,0
507,2,1,33,1,113452.66,1,0,0,142911.99,0
688,1,1,46,8,155681.72,1,1,0,26287.21,0
701,2,0,41,10,0.0,2,1,1,146257.77,0
488,2,0,43,10,112751.13,1,1,1,28332.0,0
539,2,1,29,4,0.0,2,1,1,100919.19,0
538,1,0,40,8,0.0,2,1,1,25554.4,0
585,1,1,44,4,0.0,2,0,1,101728.46,0
581,2,0,31,3,0.0,2,0,0,89040.61,0
682,0,1,35,2,117438.92,2,1,1,16910.98,0
653,2,0,38,8,119315.75,1,1,0,150468.35,0
712,2,1,30,1,89571.59,1,1,1,177613.19,0
620,0,1,34,8,102251.57,1,1,0,120672.09,0
709,2,0,42,9,118546.71,1,0,1,77142.85,0
635,1,0,38,0,103257.14,1,0,0,158344.63,0
749,1,1,43,1,124209.02,1,1,1,167179.48,0
629,1,0,32,3,0.0,2,1,1,15404.64,0
836,1,1,41,7,150302.84,1,1,1,156036.19,0
542,1,0,34,8,108653.93,1,0,1,144725.14,0
645,2,1,45,8,85325.93,1,0,0,22558.74,0
844,2,1,29,8,0.0,2,0,0,147342.03,0
645,2,0,40,6,131411.24,1,1,1,194656.11,0
752,1,1,36,3,0.0,2,1,1,48505.1,0
760,1,1,41,6,0.0,2,0,0,101491.23,0
714,0,1,45,9,106431.97,2,1,1,164117.69,0
717,2,0,50,9,90305.76,1,1,1,124626.57,0
645,0,0,28,7,117466.03,2,1,1,34490.06,0
681,2,0,32,3,148884.47,2,1,1,90967.37,0
679,0,1,37,8,77373.87,2,0,1,174873.09,0
528,1,0,23,7,104744.89,1,1,0,170262.97,0
710,2,1,31,3,0.0,2,1,1,112289.06,0
733,0,0,39,5,91538.51,1,1,1,93783.0,0
724,2,1,32,6,0.0,2,1,1,150026.79,0
726,2,1,34,0,185734.75,1,1,1,102036.82,0
520,2,0,30,3,143396.54,2,1,1,898.51,0
556,2,0,40,5,125909.85,1,1,1,95124.4,0
579,2,1,45,2,0.0,2,0,0,11514.39,0
674,2,0,36,2,154525.7,1,0,1,27468.72,0
570,2,1,29,0,0.0,1,1,0,37092.43,0
631,2,0,51,8,100654.8,1,1,0,171587.9,0
623,1,0,44,1,83325.77,1,0,1,80828.78,0
665,2,0,35,8,110934.54,1,1,0,169287.99,0
523,1,1,36,8,113680.54,1,0,0,13197.44,0
706,0,0,31,1,117020.08,2,1,0,54439.53,0
619,2,1,49,9,145359.99,1,1,0,38186.85,0
526,2,1,36,0,0.0,2,1,0,97767.63,0
604,0,1,42,10,166031.45,1,1,0,98293.14,0
636,0,0,36,6,96643.32,1,0,0,182059.28,0
669,1,1,33,8,0.0,2,0,1,128538.05,0
631,2,0,29,2,0.0,2,1,1,18581.84,0
753,2,0,48,4,0.0,2,0,1,146821.42,0
588,2,0,40,5,0.0,2,0,0,100727.68,0
729,0,0,26,4,97268.1,2,1,0,39356.38,0
486,1,0,27,7,0.0,2,1,0,28823.04,0
562,2,0,38,5,0.0,1,1,0,115700.2,0
763,1,1,32,8,0.0,2,1,0,16725.53,0
709,2,0,39,8,0.0,2,1,0,56214.09,0
554,1,1,45,4,0.0,2,1,1,193412.05,0
699,2,0,37,10,0.0,2,0,0,83263.04,0
599,2,0,30,9,105443.68,1,1,1,121124.53,0
499,2,0,35,10,0.0,2,1,0,10722.54,0
526,1,0,38,2,0.0,2,0,0,58010.98,0
537,1,1,38,1,96939.06,1,1,1,102606.92,0
696,1,0,47,1,106758.6,1,1,1,80591.18,0
679,2,1,33,9,112528.65,2,1,0,177362.45,0
850,2,0,32,4,0.0,1,1,1,180622.02,0
495,1,1,42,7,0.0,2,0,0,130404.53,0
537,1,1,38,6,141786.78,1,0,1,147797.54,0
850,2,0,41,3,136416.82,1,0,1,57844.26,0
513,2,0,30,5,0.0,2,1,0,162523.66,0
618,0,1,40,1,133245.52,2,1,1,54495.82,0
802,0,1,41,4,90757.64,2,0,1,169183.66,0
547,2,0,43,1,92350.36,1,0,1,80262.91,0
592,0,1,34,6,102143.93,2,1,1,102628.98,0
546,2,0,29,5,0.0,1,1,1,94823.95,0
721,0,0,37,4,98459.6,1,0,0,90821.66,0
624,1,0,35,2,0.0,2,1,0,87310.59,0
509,0,1,29,0,107712.57,2,1,1,92898.17,0
653,1,0,35,9,0.0,2,1,1,45956.05,0
709,1,1,37,8,0.0,3,1,0,71738.56,0
559,2,0,32,9,145303.52,1,1,0,103560.98,0
684,0,0,37,4,138476.41,2,1,1,52367.29,0
709,2,0,26,6,156551.63,1,0,1,4410.77,0
609,1,0,37,5,129312.79,1,1,1,26793.82,0
618,0,1,29,10,100315.1,2,1,1,32526.64,0
850,2,1,35,6,81684.97,1,1,0,824.0,0
594,0,0,40,0,152092.44,2,1,1,83508.93,0
608,1,1,38,9,102406.76,1,0,1,57600.66,0
710,2,0,21,4,109130.96,2,1,1,56191.99,0
695,2,0,29,5,0.0,2,1,1,6770.44,0
530,0,0,33,9,75242.28,1,0,1,101694.67,0
509,1,0,29,1,0.0,2,1,0,69113.14,0
758,0,0,33,0,129142.54,2,1,1,26606.28,0
665,2,0,51,2,0.0,1,0,0,53353.36,0
631,0,1,22,6,139129.92,1,1,1,63747.51,0
576,1,0,33,3,0.0,2,0,1,190112.05,0
544,1,0,22,3,66483.32,1,0,1,110317.39,0
481,2,1,34,5,0.0,2,1,1,125253.46,0
512,1,0,31,6,0.0,2,1,0,168462.26,0
721,1,0,38,7,0.0,1,0,1,53534.8,0
453,2,1,37,4,131834.76,2,1,0,8949.2,0
562,2,0,48,3,92347.96,1,1,1,163116.75,0
682,2,0,40,4,0.0,2,1,1,140745.91,0
748,2,0,40,3,95297.11,1,0,0,171515.84,0
729,2,1,32,9,0.0,2,0,0,150803.44,0
663,2,0,39,4,0.0,1,1,0,76884.05,0
713,2,0,46,5,0.0,1,1,1,55701.62,0
562,0,0,31,2,112708.2,1,0,1,186370.3,0
632,2,0,43,2,100013.51,1,1,0,24275.32,0
658,1,0,21,7,0.0,2,0,1,154279.87,0
597,2,0,19,2,0.0,2,1,1,91036.74,0
512,2,1,33,6,121685.31,2,1,1,83681.97,0
704,2,0,39,2,111525.02,1,1,0,199484.96,0
474,2,0,26,6,0.0,2,0,0,152491.22,0
604,0,0,36,10,113546.3,1,1,1,134875.37,0
683,2,0,41,6,95696.52,2,1,1,184366.14,0
537,2,0,28,0,88963.31,2,1,1,189839.93,0
794,1,0,31,0,144880.34,2,0,1,175643.44,0
495,2,1,38,2,63093.01,1,1,1,47089.72,0
552,0,0,38,10,132271.12,2,1,1,46562.02,0
602,2,1,29,3,88814.4,2,1,1,62487.97,0
607,0,0,40,5,90594.55,1,0,1,181598.25,0
727,2,1,31,2,52192.08,2,0,1,160383.47,0
482,2,0,38,4,124976.19,1,1,0,35848.12,0
686,2,1,34,1,0.0,2,1,0,87278.48,0
588,0,0,35,3,104356.38,1,1,0,94498.82,0
605,1,1,48,10,150315.92,1,0,1,133486.36,0
583,2,0,39,1,129299.28,2,1,0,73107.6,0
738,0,0,37,7,140950.92,2,1,0,195333.98,0
744,1,0,30,1,128065.12,1,1,0,121525.48,0
781,2,0,23,2,107433.48,1,1,0,173843.21,0
699,2,0,34,2,117468.67,1,1,0,185227.42,0
639,2,1,27,2,0.0,2,0,0,125244.18,0
583,2,1,27,4,0.0,3,1,0,163113.41,0
587,2,0,42,1,0.0,1,0,0,123006.91,0
694,2,0,40,9,0.0,2,1,0,40463.03,0
511,2,1,30,5,0.0,2,1,0,143994.86,0
788,2,0,32,4,112079.58,1,0,0,89368.59,0
691,2,1,33,6,0.0,2,1,1,100408.31,0
481,2,1,39,6,0.0,1,1,1,24677.54,0
752,2,0,33,4,0.0,2,1,1,39570.78,0
658,2,1,38,6,102895.1,1,0,0,155665.76,0
679,1,0,42,2,0.0,1,1,1,168294.27,0
754,0,0,27,7,117578.35,2,0,1,87908.01,0
633,1,1,39,2,0.0,2,0,0,191207.03,0
674,2,1,31,1,0.0,1,1,0,128954.05,0
600,0,0,28,2,116623.31,1,0,1,59905.29,0
645,1,0,49,8,0.0,2,1,0,162012.6,0
698,2,0,36,6,0.0,2,0,1,19231.98,0
738,2,1,39,1,94435.45,2,0,1,189430.86,0
706,0,1,39,8,112889.91,1,0,1,6723.66,0
578,0,1,36,8,129745.1,1,1,1,143683.75,0
699,2,0,32,3,0.0,2,1,1,170770.44,0
826,2,1,30,5,0.0,2,0,1,157397.57,0
556,2,1,47,2,139914.27,1,1,1,50390.98,0
765,2,0,34,9,91835.16,1,0,0,138280.17,0
544,1,0,37,2,0.0,2,0,0,135067.02,0
740,1,1,31,8,0.0,2,0,0,86657.48,0
850,1,0,38,7,115378.94,1,0,1,162087.82,0
766,0,0,30,4,127786.28,2,1,1,28879.3,0
612,2,1,33,0,64900.32,2,1,0,102426.12,0
696,0,0,43,4,114091.38,1,0,1,159888.1,0
716,2,1,40,3,0.0,2,0,1,167636.15,0
590,2,0,32,9,0.0,2,1,0,138889.15,0
656,2,1,45,7,145933.27,1,1,1,199392.14,0
473,0,1,35,7,131504.73,1,1,0,189560.43,0
721,2,0,41,7,0.0,2,0,1,61018.85,0
516,1,1,31,7,0.0,1,1,0,47018.75,0
850,2,0,33,0,124781.67,1,0,1,33700.52,0
798,0,1,38,4,129055.13,1,1,0,157147.59,0
540,2,1,40,3,165298.12,1,0,1,199862.75,0
719,1,1,33,7,0.0,2,1,0,20016.59,0
796,1,0,32,5,102773.15,2,0,1,117832.88,0
850,0,1,40,7,104449.8,1,1,1,747.88,0
599,1,0,35,6,137102.65,1,0,0,76870.81,0
724,2,1,30,9,142475.87,1,1,1,107848.24,0
508,2,1,43,9,0.0,1,1,0,103726.71,0
773,1,0,37,2,103195.2,2,1,0,178268.36,0
526,2,0,28,1,112070.44,1,0,1,126281.83,0
542,2,1,29,7,0.0,2,0,1,196651.72,0
470,2,0,35,1,96473.59,1,0,0,5962.3,0
805,1,0,37,5,0.0,2,1,0,21928.81,0
672,2,0,37,5,153195.59,1,1,1,162763.01,0
773,2,0,45,8,96877.21,1,1,1,113950.51,0
614,2,0,44,6,0.0,2,0,1,104930.46,0
704,2,1,40,6,95452.89,1,0,1,179964.55,0
586,1,0,41,3,63873.56,1,1,0,83753.64,0
677,2,1,24,0,148298.59,2,0,0,182913.95,0
558,1,1,31,7,0.0,2,1,0,166720.28,0
634,0,1,37,7,143258.85,2,1,0,192721.98,0
655,0,0,37,9,121342.24,1,1,1,180241.44,0
619,0,1,28,6,99152.73,2,1,0,48475.12,0
662,2,1,41,4,0.0,2,1,0,126551.48,0
705,1,0,33,7,68423.89,1,1,1,64872.55,0
630,0,1,25,7,79656.81,1,1,0,93524.22,0
850,2,0,35,2,0.0,2,1,1,56991.66,0
573,2,1,32,9,125321.84,2,1,1,130234.63,0
680,2,0,27,3,0.0,1,1,0,32454.26,0
758,2,1,32,2,84378.9,1,1,1,75396.43,0
597,2,0,45,7,0.0,2,0,0,167756.45,0
580,0,0,35,10,136281.41,2,1,1,24799.47,0
640,2,1,20,4,0.0,2,0,1,78310.82,0
644,1,0,28,0,0.0,2,1,0,119419.37,0
753,2,1,31,6,106596.29,1,0,0,91305.77,0
701,2,1,41,2,0.0,1,1,0,47856.78,0
708,1,0,19,7,112615.86,1,1,1,4491.77,0
521,1,1,22,10,0.0,1,1,1,101311.95,0
636,2,1,24,9,0.0,2,0,1,38830.72,0
529,2,1,31,5,0.0,2,1,0,26817.23,0
757,2,0,28,3,75381.15,1,1,1,199727.72,0
767,1,1,24,5,0.0,2,1,1,67445.85,0
525,1,0,33,5,0.0,2,1,0,161002.29,0
759,1,0,38,1,0.0,2,1,0,20778.39,0
738,2,1,26,3,0.0,2,1,0,67484.16,0
548,1,0,37,4,0.0,1,1,0,121763.68,0
850,0,0,38,7,101985.81,2,0,0,43801.27,0
487,2,1,34,2,96019.5,1,0,0,9085.0,0
731,2,0,30,7,0.0,2,0,1,143086.09,0
726,1,1,35,9,0.0,2,0,1,100556.98,0
609,2,1,35,2,147900.43,1,1,0,140000.29,0
714,2,0,52,4,100755.66,1,1,1,186775.25,0
698,1,0,27,6,125427.37,2,0,0,27654.44,0
601,2,1,46,3,98202.76,1,0,0,137763.93,0
769,1,0,41,1,72509.91,1,1,0,25723.73,0
850,0,0,44,3,140393.65,2,0,1,186285.52,0
487,1,0,33,8,145729.71,1,1,0,41365.85,0
740,0,1,40,2,122295.17,2,1,1,30812.84,0
686,2,0,39,4,0.0,2,1,0,155023.93,0
612,1,1,36,5,119799.27,2,1,0,159416.58,0
655,1,0,37,8,163708.58,2,0,0,76259.23,0
617,2,0,34,1,61687.33,2,1,0,105965.25,0
674,2,1,27,4,79144.34,1,0,1,50743.83,0
711,1,0,32,5,0.0,2,1,1,147720.27,0
624,0,1,27,7,104848.68,1,1,1,167387.36,0
597,1,0,26,5,0.0,2,0,1,95159.13,0
682,1,0,46,4,0.0,1,1,1,4654.28,0
775,2,0,45,8,0.0,1,1,0,130376.68,0
727,2,1,29,1,146652.01,1,1,1,173486.39,0
629,2,0,31,6,0.0,2,1,0,93881.75,0
684,2,0,46,0,0.0,2,1,1,36376.97,0
549,0,1,37,1,130622.34,2,1,1,128499.94,0
536,1,0,40,9,0.0,2,1,1,11959.03,0
707,2,1,36,6,0.0,1,0,0,98810.78,0
592,1,0,41,0,0.0,2,1,0,65906.07,0
703,2,0,44,6,98862.54,1,1,0,151516.7,0
723,1,1,45,4,0.0,2,1,0,37214.39,0
452,0,0,52,1,98443.14,2,0,0,92033.98,0
552,1,0,42,4,0.0,2,0,0,195692.3,0
479,0,1,23,9,123575.51,1,0,1,95148.28,0
768,2,0,25,6,0.0,2,1,1,21215.67,0
742,2,0,31,4,105239.1,1,1,1,19700.24,0
707,1,0,44,3,0.0,2,1,1,135077.01,0
718,1,0,32,8,0.0,2,1,1,41399.33,0
762,2,0,31,7,117687.35,1,1,1,159344.43,0
772,2,0,23,2,0.0,2,1,0,18364.19,0
502,2,0,45,0,0.0,1,0,0,84663.21,0
563,2,1,34,6,0.0,2,0,0,36536.93,0
676,2,1,41,4,101457.14,1,1,1,79101.67,0
576,1,0,52,2,100549.43,2,1,1,16644.16,0
629,1,0,35,4,174588.8,2,0,1,158420.14,0
625,1,0,52,8,121161.57,1,1,0,48988.28,0
628,2,0,45,9,0.0,2,1,1,96862.56,0
471,0,1,36,5,90063.74,2,1,1,96366.7,0
811,2,1,45,5,0.0,2,1,1,146123.19,0
504,2,0,42,3,134936.97,2,0,0,135178.91,0
687,2,1,24,3,110495.27,1,1,0,158615.41,0
660,0,1,37,2,133200.09,1,0,0,71433.88,0
548,2,1,41,4,82596.8,1,0,1,55672.09,0
609,0,0,31,9,103837.75,1,1,1,150218.11,0
725,0,0,40,8,104149.66,1,1,0,62027.9,0
562,0,1,31,9,117153.0,1,1,1,108675.01,0
535,1,0,37,3,175534.78,2,1,1,9241.52,0
661,2,1,30,7,0.0,2,1,0,72196.57,0
771,2,0,27,2,0.0,2,1,1,199527.34,0
545,2,0,26,7,0.0,2,0,1,156598.23,0
850,0,1,33,2,83415.04,1,0,1,74917.64,0
601,0,0,43,3,141859.12,2,1,1,111249.62,0
712,0,0,38,7,132767.66,2,1,1,59115.77,0
589,2,1,31,10,110635.32,1,1,0,148218.86,0
600,1,0,37,8,177657.35,1,1,1,77142.32,0
642,0,0,41,4,157777.58,1,1,0,67484.6,0
796,2,0,30,2,137262.71,2,1,0,62905.29,0
642,1,1,36,6,0.0,2,1,1,97938.59,0
655,2,0,28,10,0.0,2,0,1,126565.21,0
617,2,1,34,0,131244.65,2,1,0,183229.02,0
762,0,0,28,3,125155.83,2,1,1,106024.02,0
703,0,0,35,5,140691.08,2,1,0,167810.26,0
507,2,0,41,3,58820.32,2,1,1,138536.09,0
593,2,0,31,9,0.0,2,0,1,20492.16,0
648,2,0,23,9,168372.52,1,1,0,134676.72,0
462,0,0,34,1,94682.56,2,1,0,138478.2,0
596,1,0,36,2,0.0,2,0,1,125557.95,0
494,2,0,40,7,0.0,2,0,1,158071.69,0
850,1,0,37,2,0.0,2,1,0,119969.99,0
632,2,1,49,5,167962.7,1,0,0,140201.21,0
490,2,0,33,1,0.0,2,1,1,80792.83,0
715,2,0,40,7,0.0,1,1,1,141359.11,0
679,2,0,48,8,0.0,2,1,0,23344.94,0
465,1,1,33,6,0.0,2,1,1,95500.98,0
736,1,0,32,7,0.0,1,0,1,79082.62,0
501,0,1,34,7,93244.42,1,0,1,199805.63,0
535,2,1,29,5,0.0,2,0,1,52709.55,0
759,2,1,33,2,0.0,2,1,0,56583.88,0
819,2,0,35,1,0.0,2,0,1,3385.04,0
533,0,0,43,4,80442.06,2,0,1,12537.42,0
632,0,1,35,2,150561.03,2,0,0,64722.61,0
687,2,1,34,9,125474.44,1,1,0,198929.84,0
667,0,1,33,4,127076.68,2,1,0,69011.66,0
699,1,1,25,8,0.0,2,1,1,52404.47,0
497,1,0,37,8,128650.11,2,1,1,163641.53,0
780,1,1,33,6,145580.61,1,1,1,154598.56,0
652,2,1,37,4,0.0,2,1,0,143393.24,0
488,2,1,31,8,97588.6,1,0,0,124210.53,0
572,2,0,24,1,0.0,2,1,1,151460.84,0
755,2,1,38,1,0.0,2,1,0,20734.81,0
779,0,1,24,10,122200.31,2,1,0,43705.56,0
693,1,1,46,3,151709.33,1,1,0,180736.24,0
530,1,1,22,7,0.0,2,1,0,104170.48,0
738,1,1,33,3,122134.4,2,0,1,27867.59,0
690,0,0,31,2,137260.45,2,1,0,55387.28,0
611,2,1,30,9,88594.14,1,1,0,196332.45,0
643,1,0,34,6,0.0,2,1,1,116046.22,0
727,1,1,31,10,96997.09,2,0,0,76614.04,0
550,2,0,31,5,142200.19,2,1,1,122221.71,0
754,0,1,39,3,160761.41,1,1,1,24156.03,0
759,2,0,26,4,0.0,2,1,0,135394.62,0
794,1,0,33,8,0.0,2,0,0,91340.02,0
549,2,0,29,3,0.0,2,1,0,146090.38,0
671,2,0,31,0,116234.61,1,1,0,172096.08,0
632,2,1,21,1,0.0,2,1,0,84008.66,0
579,2,0,38,8,0.0,2,0,0,91763.67,0
748,2,0,34,5,84009.47,1,1,1,137001.1,0
488,0,1,28,7,139246.22,2,1,0,106799.49,0
579,2,1,26,10,162482.76,1,1,1,18458.2,0
542,2,0,29,9,0.0,1,1,0,8342.35,0
709,2,1,32,2,87814.89,1,1,0,138578.37,0
608,0,0,26,1,106648.98,1,0,1,7063.6,0
503,1,0,31,4,0.0,2,1,1,21645.06,0
608,0,1,38,8,103653.51,2,1,1,137079.86,0
850,0,1,40,4,97990.49,2,0,0,106691.02,0
591,0,1,34,4,150635.3,1,1,1,72274.84,0
579,1,0,37,4,0.0,2,1,1,32246.63,0
570,2,0,39,10,129674.89,2,1,0,80552.36,0
709,2,1,37,9,0.0,2,1,0,16733.59,0
611,2,0,53,3,83568.26,1,0,0,1235.49,0
699,0,0,36,6,147137.74,1,1,1,33687.9,0
704,2,0,36,3,114370.41,1,0,1,66810.48,0
714,0,0,39,3,149887.49,2,1,0,63846.36,0
581,1,1,43,4,170172.9,1,0,1,100236.02,0
592,2,0,27,3,0.0,2,1,1,19645.65,0
551,2,0,43,7,0.0,2,1,0,178393.68,0
689,0,1,28,2,64808.32,2,0,0,78591.15,0
514,2,1,41,7,0.0,2,1,1,3756.65,0
698,2,0,29,5,95167.55,1,1,1,152723.23,0
573,0,0,31,0,134644.19,1,1,1,70381.49,0
449,1,1,33,8,0.0,2,0,0,156792.89,0
850,0,1,31,3,51293.47,1,0,0,35534.68,0
612,2,0,41,5,0.0,3,0,0,151256.22,0
690,1,0,49,8,116622.73,1,0,1,51011.29,0
599,1,1,49,2,0.0,2,1,0,111190.53,0
498,2,0,33,1,198113.86,1,1,0,69664.35,0
802,1,0,51,7,0.0,1,0,1,40855.79,0
644,2,0,33,9,141234.98,1,1,0,95673.05,0
714,2,0,34,10,0.0,2,1,1,80234.14,0
522,1,0,30,3,0.0,2,1,0,145490.85,0
502,0,1,40,7,117304.29,1,0,0,196278.32,0
590,0,0,36,6,92340.69,2,1,1,174667.58,0
458,0,0,35,9,146780.52,2,1,1,3476.38,0
553,1,0,41,6,144974.55,1,1,1,19344.92,0
479,2,0,47,1,0.0,1,1,0,95270.83,0
693,2,0,31,2,0.0,2,1,1,107759.31,0
707,1,0,43,10,0.0,2,1,0,118368.2,0
636,1,0,37,1,115137.26,1,1,0,52484.01,0
807,2,0,33,10,101952.97,2,1,0,178153.65,0
582,2,0,31,2,0.0,2,1,1,33747.03,0
694,2,0,32,0,91956.49,1,1,1,59961.81,0
777,2,0,39,8,0.0,2,1,1,18613.52,0
598,0,0,32,9,123938.6,2,1,0,198894.42,0
588,2,1,34,3,120777.88,1,1,1,131729.52,0
663,0,0,42,5,90248.79,1,1,1,79169.73,0
777,2,0,36,7,0.0,1,1,0,106472.34,0
850,2,0,34,2,72079.71,1,1,1,115767.93,0
540,2,0,37,6,0.0,2,1,0,141998.89,0
674,1,0,36,2,0.0,2,1,1,182787.17,0
553,2,0,38,3,99844.68,1,0,0,187915.7,0
630,2,1,28,1,0.0,2,1,1,133267.78,0
466,2,0,26,3,156815.71,1,1,1,137476.09,0
613,2,0,47,6,146034.74,1,1,1,77146.14,0
558,2,0,27,1,152283.39,1,1,0,183271.15,0
775,0,1,33,1,118897.1,2,1,1,26362.4,0
698,0,0,52,8,96781.39,1,1,1,153373.71,0
608,0,0,33,1,102772.67,2,1,0,70705.58,0
670,1,1,20,4,0.0,2,1,0,119759.24,0
591,1,0,39,8,0.0,2,0,0,42392.24,0
678,2,1,46,1,0.0,2,0,0,82106.19,0
590,2,0,47,3,0.0,2,1,0,171774.5,0
705,2,1,48,0,0.0,2,0,0,149772.61,0
608,2,0,42,10,163548.07,1,1,0,38866.85,0
682,2,1,37,8,148580.12,1,1,0,35179.18,0
596,0,0,32,3,96709.07,2,0,0,41788.37,0
578,0,0,37,1,135650.88,1,1,0,199428.19,0
774,0,0,36,9,130809.77,1,1,0,152290.28,0
712,2,1,27,2,133009.51,1,1,0,126809.15,0
585,0,1,28,9,135337.49,2,1,1,40385.61,0
666,2,1,32,10,112536.57,2,1,1,34350.54,0
708,1,1,35,8,122570.69,1,0,0,199005.88,0
445,2,0,37,3,0.0,2,1,1,180012.39,0
690,0,0,44,9,100368.63,2,0,0,35342.33,0
850,2,0,37,6,0.0,2,1,0,109291.22,0
537,1,1,33,7,136082.0,1,1,0,62746.54,0
670,2,1,45,5,47884.92,1,1,1,54340.24,0
652,1,1,36,1,0.0,2,1,1,19302.78,0
696,1,0,24,9,0.0,1,0,0,10883.52,0
642,1,1,33,9,0.0,2,1,1,150475.14,0
604,1,1,34,3,0.0,2,1,0,38587.7,0
491,0,0,26,4,102251.14,1,1,1,145900.89,0
850,2,0,31,4,0.0,2,0,0,152298.28,0
521,2,0,22,5,0.0,2,1,1,99828.45,0
726,2,0,37,2,132057.92,2,1,0,34743.98,0
850,0,1,35,7,114285.2,1,0,1,129660.59,0
637,2,1,41,9,0.0,2,1,0,145477.36,0
690,1,0,32,2,76087.98,1,0,1,151822.66,0
689,2,0,40,8,160272.27,1,1,0,49656.24,0
555,2,1,27,8,102000.17,1,1,1,116757.0,0
563,1,0,24,7,0.0,2,0,0,16319.56,0
494,2,1,33,1,137853.0,1,0,1,90273.85,0
534,2,0,27,9,0.0,2,1,0,161344.13,0
696,0,0,42,7,162318.61,1,1,0,121061.89,0
600,2,0,34,0,0.0,2,0,1,3756.23,0
807,2,1,34,1,0.0,1,0,0,114448.13,0
590,2,0,24,7,126431.54,1,1,0,58781.11,0
614,2,1,41,3,123475.04,1,1,1,179227.52,0
766,0,1,45,6,97652.96,1,1,0,127332.33,0
557,1,0,42,4,0.0,2,0,1,86642.38,0
648,2,1,38,2,0.0,2,0,1,9551.49,0
726,0,1,33,7,99046.31,2,1,1,56053.06,0
773,2,0,33,9,0.0,2,1,1,1118.31,0
583,0,0,27,4,105907.42,2,1,1,195732.04,0
705,2,0,25,9,0.0,2,0,1,112331.19,0
685,1,0,43,4,97392.18,2,1,0,43956.83,0
741,2,0,29,8,0.0,2,1,1,115994.52,0
658,0,1,28,9,152812.58,1,1,0,166682.57,0
575,2,0,27,3,139301.68,1,1,0,99843.98,0
725,2,0,37,6,124348.38,2,0,1,176984.34,0
450,2,0,29,7,117199.8,1,1,1,43480.63,0
642,0,1,19,3,113905.48,1,1,1,176137.2,0
618,1,0,32,5,133476.09,1,0,1,154843.4,0
590,2,0,47,0,117879.32,1,1,1,8214.46,0
735,2,0,50,2,0.0,2,0,1,147075.69,0
550,2,0,34,8,122359.5,1,0,0,116495.55,0
555,2,0,31,8,145875.74,1,1,0,137491.23,0
667,1,1,36,3,121542.57,2,1,1,186841.71,0
790,1,1,41,7,109508.68,1,0,0,86776.38,0
727,0,0,34,2,146407.11,1,1,1,72073.72,0
744,2,1,39,6,0.0,1,0,0,10662.58,0
629,0,0,35,8,112330.83,1,1,1,91001.02,0
619,2,1,35,4,90413.12,1,1,1,20555.21,0
634,2,0,34,8,105302.66,1,1,1,123164.97,0
608,1,1,35,6,0.0,2,1,1,143463.28,0
507,2,1,35,1,0.0,2,0,0,92131.54,0
536,0,1,35,4,121520.36,1,0,0,77178.42,0
730,1,1,43,1,103960.38,1,1,1,193650.16,0
583,0,0,39,8,102945.01,1,0,0,52861.89,0
644,2,1,24,8,92760.55,1,1,0,35896.75,0
790,1,0,37,8,0.0,2,1,1,149418.41,0
807,0,1,40,1,134590.21,1,1,1,46253.65,0
581,2,1,37,10,104255.03,1,1,0,86609.37,0
850,2,0,41,3,0.0,2,1,0,128892.36,0
754,2,1,35,4,0.0,2,1,0,44830.71,0
637,0,0,35,8,147127.81,2,1,1,84760.7,0
699,1,0,31,8,125927.51,2,1,0,147661.47,0
542,2,1,25,7,0.0,2,0,1,82393.08,0
640,0,0,48,1,111599.32,1,0,1,135995.58,0
553,2,1,27,3,0.0,2,0,0,159800.16,0
741,2,0,38,9,0.0,2,1,0,14379.01,0
598,2,0,35,8,114212.6,1,1,1,74322.85,0
618,1,0,41,4,115251.64,1,0,0,136435.75,0
647,2,0,43,9,0.0,2,1,1,78488.39,0
652,2,1,32,2,0.0,2,1,0,54628.11,0
413,0,0,39,1,130969.77,2,1,1,158891.79,0
416,0,1,25,0,97738.97,2,1,1,160523.33,0
629,1,0,34,8,0.0,2,1,1,180595.02,0
678,1,1,40,4,113794.22,1,1,0,16618.76,0
527,1,0,28,6,128396.33,2,1,0,79919.97,0
536,2,1,41,9,0.0,1,1,0,121299.14,0
646,2,1,38,2,0.0,2,0,0,178752.73,0
707,2,0,35,2,0.0,3,1,1,94148.3,0
602,2,0,34,5,0.0,2,1,1,77414.45,0
635,2,1,47,2,125724.95,2,1,0,63236.97,0
503,2,0,38,1,0.0,2,1,1,95153.24,0
679,2,0,37,7,74260.03,1,1,0,194617.98,0
720,1,0,33,3,123783.91,2,1,1,142903.44,0
797,2,0,24,5,0.0,2,1,0,182257.61,0
594,2,0,36,6,153880.15,1,0,0,135431.72,0
529,2,1,31,7,0.0,2,1,1,175697.87,0
606,0,1,32,1,106301.85,2,0,1,59061.25,0
513,2,1,43,9,0.0,2,1,0,152499.8,0
605,2,1,30,9,135422.31,1,0,1,186418.85,0
574,1,1,37,7,0.0,2,1,0,32262.28,0
726,2,1,38,5,126875.62,1,1,0,128052.29,0
611,1,1,28,3,96381.68,2,1,0,181419.29,0
593,0,1,41,4,119703.1,2,1,1,109783.29,0
466,0,0,41,2,152102.18,2,1,0,181879.56,0
741,0,1,36,0,127675.39,2,1,0,74260.16,0
684,0,1,44,2,133776.86,2,0,1,49865.04,0
550,1,1,33,9,72788.03,1,1,1,103608.06,0
593,1,0,26,9,76226.9,1,1,0,167564.82,0
676,1,1,30,5,0.0,2,0,0,179066.58,0
556,2,1,46,10,0.0,2,0,0,109184.24,0
719,2,0,36,3,155423.17,1,1,1,199841.32,0
509,1,0,41,7,126683.8,1,0,1,114775.53,0
684,2,0,33,4,140700.61,1,1,0,103557.93,0
729,1,0,44,4,107726.93,2,1,0,153064.87,0
683,2,1,33,9,0.0,2,1,1,38784.42,0
672,0,1,21,1,35741.69,1,1,0,28789.94,0
739,2,1,20,4,133800.98,1,0,1,150245.81,0
618,2,1,21,2,125682.79,1,0,0,57762.0,0
674,2,1,42,9,0.0,2,1,0,4292.72,0
762,2,0,26,6,130428.78,1,1,0,173365.89,0
790,1,0,37,6,0.0,2,1,1,119484.01,0
754,1,1,27,8,0.0,2,0,0,121821.16,0
729,2,0,44,6,0.0,2,1,0,151733.43,0
606,0,1,47,0,137138.2,2,0,1,53784.22,0
616,2,0,23,8,73112.95,1,1,1,62733.05,0
772,2,0,47,9,152347.01,1,0,1,17671.78,0
652,1,0,41,8,115144.68,1,1,0,188905.43,0
793,2,0,39,3,137817.52,1,0,0,83997.79,0
743,1,0,45,7,157332.26,1,1,0,125424.42,0
746,2,0,37,2,0.0,2,1,0,143194.05,0
713,1,0,38,6,116980.78,2,0,1,76038.38,0
678,1,1,40,3,128398.38,1,1,0,168658.3,0
540,1,0,39,1,0.0,1,0,1,108419.41,0
615,0,1,33,3,137657.25,2,1,1,171657.57,0
415,1,0,53,5,167259.44,1,1,1,22357.25,0
628,2,1,45,8,0.0,2,1,0,193903.06,0
700,2,0,26,4,119009.57,1,1,0,141926.43,0
623,0,0,33,2,80002.33,1,1,1,104079.62,0
623,2,1,37,4,140211.88,1,1,1,93832.33,0
679,2,1,44,3,118742.74,2,1,0,1568.91,0
514,2,0,45,1,178827.79,1,1,0,60375.18,0
491,2,0,33,5,83134.3,1,1,0,187946.55,0
693,0,1,37,6,95900.04,1,1,1,38196.24,0
679,2,1,30,1,112543.42,1,1,1,179435.21,0
529,1,0,34,9,0.0,1,1,1,93208.22,0
619,1,1,31,3,141751.82,1,0,1,61531.86,0
680,1,1,37,6,124140.57,2,1,0,92826.35,0
834,2,1,28,6,0.0,1,1,0,74287.53,0
636,1,1,29,6,157576.47,2,1,1,101102.39,0
538,1,0,43,5,0.0,2,1,0,126933.73,0
566,0,1,44,5,141428.99,2,0,0,68408.74,0
597,1,0,35,0,127510.99,1,1,1,155356.34,0
711,2,1,29,9,0.0,2,0,1,3234.8,0
606,2,0,31,10,0.0,2,1,0,195209.4,0
615,1,0,51,6,81818.49,1,1,1,169149.38,0
589,2,0,36,1,100895.54,1,1,1,68075.14,0
606,0,0,45,5,63832.43,1,1,1,93707.8,0
582,2,0,29,4,0.0,2,0,0,156153.27,0
710,2,1,36,4,116085.06,1,1,0,58601.61,0
749,2,0,30,1,0.0,2,0,1,126551.65,0
730,1,0,26,6,0.0,2,1,1,185808.7,0
767,2,1,35,6,115576.44,1,0,1,27922.45,0
615,2,1,23,4,0.0,2,1,0,196476.19,0
583,0,1,41,5,77647.6,1,1,0,190429.52,0
850,2,1,40,5,0.0,2,1,0,35034.15,0
798,2,0,22,8,0.0,2,1,0,107615.43,0
695,2,0,37,2,0.0,2,1,1,99692.65,0
739,2,0,40,4,0.0,2,0,0,173321.65,0
549,2,1,34,4,0.0,2,0,0,139463.57,0
850,2,0,35,9,102050.47,1,1,1,3769.71,0
679,2,1,24,6,114948.76,2,0,1,135768.25,0
606,0,0,39,8,136000.45,2,1,0,31708.53,0
850,2,0,32,4,156001.68,2,1,1,151677.31,0
619,0,0,41,3,147974.16,2,1,0,170518.83,0
719,1,0,44,2,0.0,2,1,0,196582.19,0
640,0,0,26,5,90402.77,1,1,1,3298.65,0
710,2,0,40,5,0.0,2,0,0,162878.96,0
580,2,0,31,2,0.0,2,0,1,64014.24,0
550,2,0,44,9,0.0,2,1,0,26257.01,0
841,2,1,31,3,162701.65,2,1,1,126794.56,0
760,2,0,34,2,0.0,2,1,0,164162.44,0
687,2,1,30,6,0.0,2,0,0,179206.92,0
753,0,1,35,5,82453.96,2,0,0,18254.75,0
661,2,0,35,9,100107.99,1,1,0,83949.68,0
699,2,0,28,7,0.0,2,1,1,22684.78,0
613,2,1,27,5,125167.74,1,1,0,199104.52,0
782,2,0,32,9,0.0,1,1,1,87566.97,0
582,2,1,43,5,153313.67,1,0,0,170563.73,0
679,2,0,30,9,0.0,2,1,0,157871.55,0
611,2,1,40,2,125879.29,1,1,0,93203.43,0
455,0,1,37,6,170057.62,1,0,1,54398.56,0
621,2,0,32,1,0.0,2,1,1,168779.47,0
742,2,0,32,6,160485.16,1,1,0,29023.03,0
738,0,1,40,1,115409.18,2,0,0,180456.8,0
487,2,0,24,7,133628.09,2,1,1,98570.01,0
513,1,1,41,9,107135.04,2,1,1,160546.58,0
563,1,0,26,7,0.0,2,0,0,6139.74,0
607,1,1,32,7,0.0,3,0,1,10674.62,0
628,0,1,51,9,155903.82,2,1,1,71159.84,0
686,2,1,41,10,0.0,1,1,0,133086.45,0
700,0,0,35,4,95853.39,2,1,0,192933.37,0
663,2,1,42,1,82228.67,2,1,0,71359.78,0
671,1,1,31,4,0.0,2,0,1,79270.02,0
728,2,0,34,4,106328.08,1,1,0,88680.65,0
574,2,1,34,7,152992.91,1,1,1,134691.2,0
464,2,0,38,3,116439.65,1,1,0,75574.48,0
604,1,0,27,9,101352.78,1,0,0,30252.3,0
836,1,1,37,10,0.0,2,1,0,111324.41,0
518,2,1,45,8,0.0,2,1,1,36193.07,0
489,2,1,47,8,103894.38,2,1,1,107625.46,0
622,1,0,27,9,139834.93,1,1,1,152733.89,0
652,2,1,36,6,112518.71,2,0,1,110421.31,0
625,2,1,37,7,115895.42,1,1,0,48486.25,0
521,1,1,39,3,146408.68,1,0,0,72993.67,0
571,0,0,33,3,71843.15,1,1,0,26772.04,0
748,1,0,35,5,105492.53,1,1,1,150057.2,0
591,2,0,35,7,183027.25,1,1,1,56028.79,0
814,0,0,29,1,131968.57,2,1,1,147693.92,0
709,2,1,45,3,104118.5,1,0,1,174032.0,0
433,1,0,27,2,0.0,2,1,1,153698.65,0
781,2,0,20,0,125023.1,2,1,1,108301.45,0
656,2,1,30,4,74323.2,1,1,1,22929.08,0
683,2,0,38,7,109346.13,2,1,0,102665.92,0
620,2,0,32,6,0.0,2,1,0,56139.09,0
525,1,1,30,5,0.0,2,0,1,149195.44,0
793,0,1,34,5,127758.09,1,1,0,143357.03,0
520,2,0,31,4,93249.4,1,1,0,77335.75,0
641,2,0,35,5,0.0,2,1,0,93148.93,0
504,1,0,40,5,0.0,2,0,0,146703.36,0
686,2,0,38,0,138131.34,1,0,1,115927.85,0
533,0,0,38,4,70362.52,2,1,1,104189.46,0
577,2,1,32,1,0.0,2,1,0,9902.39,0
643,0,0,25,4,115142.9,1,1,1,148098.95,0
663,2,1,33,2,0.0,2,1,0,153295.0,0
525,0,1,30,0,157989.21,2,1,1,100687.67,0
685,1,0,38,4,0.0,2,1,1,35884.91,0
588,2,1,21,8,0.0,2,1,1,110114.19,0
647,0,0,35,3,192407.97,1,1,1,40145.28,0
785,0,1,38,9,107199.75,1,0,0,146398.51,0
823,2,0,37,5,164858.18,1,1,1,173516.71,0
687,0,0,38,4,117633.28,1,0,1,88396.6,0
850,2,1,28,9,0.0,2,1,0,185821.41,0
496,2,1,36,7,0.0,2,0,0,108098.28,0
527,0,1,30,6,126663.51,1,1,1,162267.91,0
727,0,0,21,8,153344.72,1,1,1,163295.87,0
671,0,1,23,9,123943.18,1,1,1,159553.27,0
625,2,0,39,5,0.0,1,1,0,99800.87,0
643,0,0,33,7,98630.31,2,1,1,40250.82,0
707,2,1,33,2,58036.33,1,1,1,83335.78,0
539,1,0,28,5,0.0,2,1,0,48382.4,0
498,0,0,45,7,109200.74,2,0,1,165990.44,0
696,1,1,30,0,0.0,2,1,1,9002.8,0
758,2,1,33,7,0.0,1,1,0,188156.34,0
685,2,1,33,6,0.0,2,0,1,186785.01,0
655,0,1,30,1,83173.98,2,1,1,184259.6,0
601,1,0,24,7,0.0,2,0,0,144660.42,0
558,2,0,32,5,73494.21,1,0,0,136301.1,0
586,1,0,29,2,132450.24,1,1,1,36176.63,0
761,0,1,38,1,120530.13,2,1,0,109394.62,0
554,2,1,35,10,74988.59,2,0,1,190155.13,0
774,2,1,47,6,94722.88,1,0,1,61450.96,0
771,1,1,33,5,0.0,2,1,0,8673.43,0
792,2,0,31,6,71269.89,2,0,1,125912.77,0
673,0,1,41,9,98612.1,1,1,0,151349.35,0
765,2,0,40,6,138033.55,1,1,1,67972.45,0
748,2,1,41,2,91621.69,1,1,1,71139.31,0
568,1,0,27,5,126815.97,2,0,1,118648.12,0
524,2,1,28,7,0.0,2,0,1,147100.72,0
689,2,0,34,1,165312.27,1,1,0,155495.63,0
661,2,0,26,8,0.0,2,0,0,196875.87,0
606,1,0,33,8,0.0,2,1,1,63176.77,0
636,0,1,29,3,97325.15,1,0,1,131924.38,0
647,2,0,32,5,97041.16,1,1,1,23132.73,0
732,2,0,36,5,0.0,2,1,0,161428.25,0
559,2,1,43,1,0.0,1,0,1,86634.3,0
581,2,0,28,3,104367.5,1,1,1,29937.75,0
565,2,0,46,7,135369.71,1,0,1,140130.22,0
657,1,1,41,6,112119.48,1,1,0,17536.82,0
579,2,0,39,5,0.0,2,0,1,39891.84,0
741,2,1,36,3,0.0,2,1,1,89804.83,0
613,2,0,44,3,0.0,2,0,1,136491.72,0
694,1,0,31,5,0.0,1,1,0,35593.18,0
480,2,1,42,1,152160.21,2,1,0,101778.9,0
575,2,0,24,2,0.0,2,1,1,119927.81,0
850,2,0,36,3,0.0,2,1,0,195033.07,0
740,2,0,36,4,172381.8,1,1,1,86480.29,0
588,0,0,41,6,106116.56,2,1,0,198766.61,0
681,2,0,36,5,141952.07,1,1,1,185144.08,0
611,1,1,33,7,0.0,2,1,1,3729.89,0
589,2,1,37,6,138497.84,1,0,1,18988.58,0
717,1,1,34,1,0.0,2,1,0,119313.74,0
556,0,0,33,3,124213.36,2,1,0,62627.55,0
850,2,0,37,4,126872.6,1,1,0,197266.58,0
685,1,1,42,2,0.0,2,0,0,199992.48,0
713,2,1,37,8,0.0,1,1,1,16403.41,0
437,2,1,26,1,120923.52,1,0,1,78854.57,0
605,1,0,47,7,142643.54,1,1,0,189310.27,0
758,0,0,41,10,79857.64,1,1,1,78088.17,0
600,2,0,46,10,95502.21,1,0,0,19842.18,0
827,2,0,38,5,0.0,2,0,0,103305.01,0
608,0,0,23,8,197715.93,2,1,1,116124.28,0
608,2,1,30,8,85859.76,1,0,0,142730.27,0
554,2,0,44,7,85304.27,1,1,1,58076.52,0
683,0,1,35,1,132371.3,2,0,0,186123.57,0
660,1,0,33,4,0.0,1,1,0,29664.45,0
668,0,0,39,4,79896.0,1,1,0,38466.39,0
776,2,1,29,5,0.0,2,1,1,143301.49,0
820,2,0,36,4,0.0,2,1,0,31422.69,0
665,2,0,36,1,0.0,2,0,1,121505.61,0
850,0,0,31,4,146587.3,1,1,1,89874.82,0
703,2,1,42,7,0.0,2,0,1,72500.68,0
506,1,0,32,8,0.0,2,0,1,182692.8,0
588,1,0,32,3,109109.33,1,0,1,4993.94,0
622,1,1,26,8,0.0,2,1,1,124964.82,0
606,2,0,34,5,0.0,1,1,0,161971.42,0
758,1,1,43,10,0.0,2,1,1,55313.44,0
677,2,1,49,3,0.0,2,1,1,187811.71,0
827,1,1,35,0,0.0,2,0,1,184514.01,0
729,2,1,36,8,109106.8,1,0,0,121311.12,0
654,2,0,36,2,112262.84,1,1,0,12873.39,0
654,1,1,36,5,0.0,2,0,0,157238.05,0
619,1,0,52,8,0.0,2,1,1,123242.11,0
642,1,0,26,8,144238.7,1,1,1,184399.76,0
472,1,1,32,1,159397.75,1,0,1,57323.18,0
470,1,0,30,4,125385.01,1,1,0,68293.93,0
602,2,0,31,7,155271.83,1,1,1,179446.31,0
640,1,0,29,5,197200.04,2,1,0,141453.62,0
454,1,1,48,5,144837.79,1,1,1,93151.77,0
636,2,0,34,8,0.0,2,1,0,38570.13,0
621,1,0,50,3,163085.79,1,0,1,131048.36,0
795,0,0,38,7,125903.22,2,1,1,127068.92,0
550,2,0,22,6,154377.3,1,1,1,51721.52,0
630,1,0,41,7,107511.52,1,0,1,46156.87,0
573,0,0,30,8,127406.5,1,1,0,192950.6,0
561,1,0,24,8,143656.55,1,0,1,180932.46,0
662,2,1,39,5,138106.75,1,0,0,19596.73,0
637,2,0,27,9,128940.24,1,1,0,46786.92,0
651,0,0,37,9,114453.58,1,0,1,175820.91,0
646,2,1,33,2,0.0,2,0,0,198208.0,0
567,2,1,48,3,0.0,1,1,0,55362.45,0
638,2,0,41,1,131762.94,1,1,1,47675.29,0
725,2,1,31,6,0.0,1,0,0,61326.43,0
709,2,1,41,3,150300.65,2,1,0,71672.86,0
787,1,0,39,10,108935.39,1,1,1,101168.3,0
653,2,0,37,7,135847.47,1,1,0,144880.81,0
663,2,0,33,5,157274.36,2,1,1,28531.81,0
754,2,0,34,7,0.0,2,1,1,65219.85,0
578,2,0,39,2,0.0,2,1,0,70563.9,0
666,0,1,36,3,129118.5,2,0,0,139435.12,0
599,2,1,43,4,0.0,1,1,0,170347.1,0
825,2,1,36,3,146053.66,1,1,1,138344.7,0
515,1,0,29,4,151012.55,2,1,0,9770.97,0
444,2,0,34,2,144318.97,1,1,0,112668.06,0
650,2,1,39,4,0.0,2,0,0,186275.7,0
609,2,0,26,7,0.0,2,1,0,98463.99,0
662,2,0,29,5,147092.65,1,1,0,10928.3,0
699,0,1,51,2,92246.14,2,0,1,91346.03,0
603,0,1,40,8,148897.02,1,0,0,105052.9,0
804,0,1,33,10,138335.96,1,1,1,80483.76,0
631,1,0,46,9,160736.63,1,0,1,93503.02,0
503,2,0,32,4,0.0,2,1,1,153036.97,0
548,2,1,37,9,0.0,2,0,0,98029.58,0
668,2,0,28,4,107141.27,1,1,0,193018.71,0
715,1,0,38,2,96798.79,2,1,1,4554.67,0
573,0,0,35,9,134498.54,2,1,1,119924.8,0
670,0,1,40,2,147171.2,1,0,1,69850.04,0
613,1,0,44,9,100524.69,1,1,1,47298.95,0
678,2,1,26,1,0.0,2,1,0,45443.68,0
777,2,1,30,4,0.0,2,0,1,115611.97,0
640,1,0,39,3,0.0,1,1,1,105997.25,0
541,2,0,34,3,128743.55,1,1,0,134851.12,0
756,2,0,31,10,122647.32,1,0,0,61666.87,0
684,1,1,24,9,79263.9,1,0,1,196574.48,0
624,1,0,38,7,123906.55,1,1,0,135096.78,0
661,1,0,38,7,143006.7,1,1,1,15650.89,0
627,1,1,28,3,157597.61,1,0,1,34097.22,0
812,1,0,38,3,127117.8,2,1,1,174822.74,0
717,1,0,36,2,102989.83,2,0,1,49185.57,0
693,1,0,28,1,145118.83,1,0,1,77742.38,0
661,2,0,41,5,0.0,1,0,1,88279.6,0
573,2,1,27,4,0.0,2,1,1,157549.6,0
639,2,0,37,5,98186.7,1,0,1,173386.95,0
570,2,0,37,6,0.0,1,1,1,187758.5,0
461,2,1,40,7,0.0,2,1,0,176547.8,0
608,1,0,48,7,75801.74,1,1,0,125762.95,0
599,1,0,42,6,0.0,2,1,0,113868.4,0
762,2,1,44,7,159316.64,1,0,0,24780.13,0
662,2,1,38,2,96479.81,1,1,0,120259.41,0
747,0,0,29,7,117726.33,1,1,1,175398.34,0
539,2,0,39,6,0.0,2,1,1,86767.48,0
625,2,0,43,4,122351.29,1,1,0,71216.6,0
621,1,1,43,8,0.0,1,0,0,102806.6,0
754,2,1,27,7,0.0,2,1,0,144134.64,0
679,0,1,50,6,132598.38,2,1,1,184017.98,0
487,2,0,37,2,0.0,2,1,1,126722.57,0
850,2,1,42,3,0.0,2,1,1,176883.42,0
603,2,0,31,4,0.0,2,0,1,9607.1,0
728,0,1,32,9,127772.1,2,1,1,152643.48,0
621,1,0,41,5,104631.67,1,1,1,95551.22,0
833,2,0,30,1,0.0,2,1,0,141860.62,0
502,2,0,37,10,0.0,1,1,1,76642.68,0
825,0,0,37,6,118050.79,1,0,1,52301.15,0
668,2,0,46,0,0.0,2,0,0,29388.02,0
487,1,1,40,6,136093.74,1,0,1,193408.43,0
600,0,1,39,7,88477.36,2,1,0,58632.37,0
606,1,0,34,3,161572.24,1,0,1,191076.22,0
577,1,0,48,6,179852.26,1,1,0,193580.32,0
651,2,1,25,8,0.0,2,1,1,126761.2,0
693,0,0,46,2,104763.41,1,1,1,62368.33,0
711,2,1,35,8,0.0,1,1,1,67508.01,0
662,2,0,32,9,0.0,2,0,0,65089.38,0
692,2,1,30,7,0.0,2,1,1,18826.34,0
614,2,1,35,1,0.0,2,1,1,3342.62,0
478,2,0,35,1,92474.05,1,1,0,178626.07,0
562,2,0,36,6,0.0,2,1,0,32845.32,0
709,0,0,30,9,115479.48,2,1,1,134732.99,0
684,2,1,26,5,87098.91,1,0,0,106095.82,0
546,0,1,42,9,86351.85,2,1,0,57380.13,0
779,2,1,42,5,0.0,2,0,0,25951.91,0
481,0,0,44,3,163714.52,1,1,0,96123.72,0
445,2,0,25,6,0.0,2,1,0,119425.94,0
606,1,0,36,0,94153.56,1,0,1,120138.27,0
698,2,0,41,3,90605.29,1,1,1,14357.0,0
568,1,0,39,5,0.0,2,1,1,129569.92,0
528,2,0,29,3,102787.42,1,1,0,55972.56,0
669,0,0,47,0,63723.78,2,1,1,181928.25,0
640,2,0,38,9,0.0,2,1,0,88827.67,0
529,1,1,44,1,0.0,2,0,0,14161.3,0
547,2,1,51,1,0.0,2,1,1,56908.41,0
707,0,0,34,9,162691.16,2,1,0,94912.78,0
735,2,0,43,9,127806.91,1,1,1,73069.59,0
765,2,0,43,9,157960.49,2,0,0,136602.8,0
594,0,1,21,2,87096.82,2,1,0,168186.11,0
675,2,1,34,10,84944.58,1,0,0,146230.63,0
703,2,0,50,8,160139.59,2,1,1,79314.1,0
810,2,0,33,6,0.0,2,1,1,77965.67,0
715,1,0,42,6,0.0,2,1,1,128745.69,0
664,2,0,40,9,0.0,2,1,0,194767.3,0
850,2,0,29,6,0.0,2,1,1,10672.54,0
724,0,0,36,6,94615.11,2,1,1,10627.21,0
563,2,0,30,7,90727.79,1,1,0,122268.75,0
714,0,0,26,3,119545.48,2,1,0,65482.94,0
614,2,0,36,1,118311.76,1,1,0,146134.68,0
740,2,0,33,1,129574.98,1,1,1,123300.38,0
587,2,0,33,8,148163.57,1,0,0,122925.4,0
465,0,0,24,5,117154.9,1,1,1,127744.02,0
689,1,1,40,5,154251.67,1,0,1,118319.5,0
656,2,0,30,3,0.0,2,0,1,17104.0,0
579,2,1,33,1,65667.79,2,0,0,164608.98,0
716,2,1,44,1,0.0,1,1,1,152108.47,0
551,2,0,42,1,50194.59,1,1,1,23399.58,0
527,0,1,39,9,96748.89,2,1,0,94711.43,0
685,2,1,43,1,132667.17,1,1,1,41876.98,0
738,1,0,36,5,0.0,2,1,1,96881.32,0
528,2,0,34,1,125566.9,1,1,1,176763.27,0
576,0,0,46,4,137367.94,1,1,1,33450.11,0
733,2,1,38,3,157658.36,1,0,0,19658.43,0
605,1,0,41,5,103154.66,1,0,0,143203.78,0
586,2,0,33,9,0.0,1,1,0,6975.02,0
564,1,1,24,6,149592.14,1,1,1,153771.8,0
736,0,1,26,0,84587.9,1,0,1,188037.76,0
675,1,0,32,8,197436.82,1,1,1,52710.7,0
656,1,1,32,1,104254.27,1,1,1,17034.37,0
462,2,0,39,4,140133.08,2,0,0,131304.45,0
850,0,1,36,0,136980.23,2,1,1,99019.65,0
850,2,1,27,7,43658.33,2,1,1,3025.49,0
628,2,1,37,9,0.0,2,1,1,34689.77,0
798,2,0,28,3,0.0,2,1,0,2305.27,0
591,2,1,42,10,0.0,2,0,0,171099.22,0
614,1,1,37,9,0.0,2,1,1,62023.1,0
665,2,0,25,7,90920.75,1,0,1,112256.57,0
570,2,0,23,2,0.0,1,0,0,198830.98,0
631,1,0,29,3,0.0,2,1,1,197963.46,0
586,2,0,32,1,0.0,2,0,0,31635.99,0
691,2,0,30,9,0.0,1,1,0,49594.02,0
639,2,0,35,8,0.0,2,1,0,170483.9,0
698,2,1,27,1,94920.71,1,1,1,40339.9,0
733,0,0,45,2,113939.36,2,1,0,3218.71,0
850,2,0,19,8,0.0,1,1,1,68569.89,0
618,2,1,31,4,0.0,2,1,0,29176.04,0
473,2,1,25,6,110666.42,2,0,0,46758.42,0
578,2,0,50,5,151215.34,2,1,0,169804.4,0
690,1,0,26,8,116318.23,1,1,1,83253.05,0
596,2,0,42,7,0.0,2,1,1,121568.37,0
575,1,0,41,2,100062.39,1,0,0,126307.25,0
674,1,1,41,4,126605.14,1,1,1,166694.93,0
507,2,1,31,0,106942.08,1,0,1,44001.11,0
457,1,0,44,7,0.0,2,0,0,185992.36,0
584,0,1,41,3,88594.93,1,1,0,178997.89,0
744,0,0,29,6,123737.04,2,1,0,141558.04,0
687,2,1,35,1,110752.15,2,1,1,47921.22,0
688,1,1,46,3,0.0,2,0,1,104902.68,0
519,2,0,34,5,0.0,1,1,0,68479.6,0
733,1,1,38,5,0.0,2,1,1,1271.51,0
666,1,0,43,5,0.0,2,1,0,29346.1,0
511,1,1,40,1,0.0,1,1,1,184118.73,0
702,2,0,40,7,145536.9,1,0,1,135334.24,0
658,0,0,31,2,77082.65,2,0,0,13482.28,0
654,2,1,24,8,145081.73,1,1,1,130075.07,0
649,0,1,41,4,115897.73,1,1,0,143544.48,0
597,1,0,24,0,108058.07,2,1,1,187826.11,0
782,2,0,33,7,191523.09,1,1,1,167058.75,0
644,2,0,38,3,0.0,2,1,1,79928.41,0
679,1,1,39,7,91187.9,1,0,1,6075.36,0
806,2,0,34,5,113958.55,1,0,1,32125.98,0
668,1,0,43,1,147167.25,1,0,0,141679.73,0
659,0,0,29,9,82916.48,1,1,1,84133.48,0
660,2,0,34,1,0.0,2,1,0,9692.58,0
601,2,1,37,5,0.0,1,0,0,20708.6,0
751,2,0,30,3,165257.2,1,0,0,134822.05,0
531,2,1,37,1,0.0,1,1,0,4606.97,0
647,2,1,42,9,0.0,2,1,1,51362.82,0
708,1,0,46,7,68799.72,1,1,1,39704.14,0
550,1,0,39,2,116120.19,2,1,1,195638.13,0
670,2,0,33,1,0.0,2,1,1,86413.11,0
592,2,1,31,2,84102.11,2,0,1,116385.24,0
589,2,1,50,4,0.0,2,0,1,182076.97,0
725,2,1,33,4,0.0,1,1,1,67879.8,0
570,2,1,43,9,0.0,2,0,1,11417.26,0
575,2,0,46,1,0.0,2,1,1,65998.26,0
501,0,0,25,6,104013.79,1,1,0,114774.35,0
431,0,0,42,8,120822.86,2,1,0,126153.24,0
719,1,0,40,4,128389.12,1,1,1,176091.31,0
850,0,0,36,7,102800.72,1,1,1,87352.43,0
554,0,1,31,6,135470.9,1,1,0,107074.81,0
418,2,0,36,7,90145.04,1,1,1,69157.93,0
715,1,0,31,7,0.0,1,1,1,149970.59,0
766,0,0,37,2,99660.13,2,0,1,147700.78,0
652,1,1,38,6,123081.84,2,1,1,188657.97,0
659,2,1,37,1,151105.68,1,1,1,140934.57,0
574,0,0,35,5,163856.76,1,1,1,15118.2,0
611,2,0,38,7,0.0,1,1,1,63202.0,0
738,1,0,35,8,127290.61,1,1,0,16081.62,0
571,2,0,49,4,180614.04,1,0,0,523.0,0
686,2,1,44,7,55053.62,1,1,0,181757.19,0
679,1,0,33,4,96110.22,1,1,0,1173.23,0
617,1,1,46,3,106521.49,1,0,1,86587.37,0
673,2,0,39,7,82255.51,2,1,0,109545.56,0
745,2,1,33,1,0.0,2,1,1,174431.01,0
677,0,1,26,3,102395.79,1,1,0,119368.99,0
613,1,0,39,8,118201.41,1,1,0,23315.59,0
584,1,1,30,5,0.0,2,1,1,185201.58,0
663,2,0,22,6,0.0,2,0,1,131827.15,0
466,2,0,26,9,105522.06,1,1,0,10842.46,0
510,0,1,50,7,123936.54,1,1,1,23768.01,0
619,1,1,38,6,0.0,2,1,1,117616.29,0
554,2,1,44,9,135814.7,2,0,0,115091.38,0
659,0,0,39,8,106259.63,2,1,1,198103.32,0
662,2,0,44,8,0.0,2,1,1,175314.87,0
556,1,0,38,2,115463.16,1,1,0,150679.65,0
701,1,1,39,9,0.0,2,1,1,110043.88,0
587,1,0,42,5,120233.83,1,1,0,194890.33,0
571,2,1,47,7,0.0,2,0,0,112366.98,0
539,2,1,40,7,81132.21,1,1,0,167289.82,0
644,0,1,34,10,122196.99,2,1,1,182099.71,0
753,2,1,50,4,0.0,2,1,1,861.4,0
706,2,0,35,5,0.0,2,1,1,81718.37,0
825,2,0,32,9,0.0,2,0,0,9751.03,0
627,1,0,48,1,132759.8,1,1,0,78899.22,0
764,2,1,44,1,0.0,2,1,1,11467.38,0
700,2,1,36,4,0.0,2,1,0,130789.15,0
660,2,0,41,3,0.0,2,1,1,108665.89,0
639,2,1,35,1,103015.12,2,1,1,139094.12,0
557,2,1,24,4,0.0,1,0,0,20515.72,0
633,2,1,32,1,104001.38,1,0,1,36642.65,0
623,1,1,50,2,87116.71,1,1,1,104382.11,0
775,2,0,28,9,111167.7,1,1,0,149331.01,0
681,0,0,48,5,139714.4,2,0,0,73066.72,0
564,0,1,32,10,139875.2,2,1,0,15378.23,0
670,2,1,50,8,138340.06,1,0,1,3159.15,0
751,2,0,43,1,114974.24,1,1,0,125920.54,0
544,2,1,33,6,0.0,2,1,1,124113.04,0
639,2,1,38,5,0.0,2,0,0,93716.38,0
672,2,1,28,6,0.0,1,0,1,8814.69,0
639,2,1,35,8,0.0,1,0,0,164453.98,0
697,2,1,25,1,0.0,2,0,0,87803.32,0
850,1,0,44,8,0.0,2,1,1,183617.32,0
748,2,1,34,8,0.0,2,1,0,53584.03,0
463,1,1,35,2,0.0,2,1,1,1950.93,0
572,2,1,30,6,0.0,1,0,1,175025.27,0
741,1,0,50,1,78737.61,1,1,1,13018.96,0
637,2,0,36,2,152606.82,1,1,1,71692.8,0
651,2,0,28,7,0.0,2,1,0,823.96,0
672,2,0,28,4,167268.98,1,1,1,169469.3,0
524,0,0,29,9,144287.6,2,1,0,32063.3,0
624,0,1,45,5,151855.33,1,1,0,68794.15,0
677,2,1,27,2,0.0,2,0,1,114685.92,0
464,0,0,37,4,155994.15,1,0,0,143665.44,0
718,0,0,26,7,147527.03,1,0,0,51099.56,0
574,2,0,33,8,100267.03,1,1,0,103006.27,0
615,1,0,41,4,0.0,1,0,1,149278.96,0
651,1,0,45,4,0.0,2,0,0,193009.21,0
540,0,0,37,3,129965.18,1,0,0,19374.08,0
630,2,0,31,0,0.0,2,1,1,34475.14,0
678,2,1,48,2,0.0,2,1,1,32301.88,0
438,2,0,38,2,0.0,2,1,0,136859.55,0
544,2,0,44,1,0.0,2,0,0,69244.24,0
595,0,0,34,2,87967.42,2,0,1,156309.52,0
678,2,0,26,3,0.0,2,1,0,4989.33,0
850,2,1,36,6,0.0,2,1,1,190194.95,0
589,0,1,20,2,121093.29,2,1,0,3529.72,0
785,1,1,31,2,121691.54,2,0,0,81778.72,0
591,2,0,29,6,0.0,2,1,1,108684.65,0
643,1,0,43,1,0.0,2,1,1,145764.4,0
605,2,1,32,5,0.0,2,1,1,42135.28,0
769,1,0,38,6,0.0,2,0,0,104393.78,0
620,2,1,33,9,127638.35,1,1,1,192717.57,0
725,2,0,31,8,0.0,2,1,1,59650.42,0
669,0,1,35,4,108269.2,2,1,0,174969.92,0
712,2,1,32,1,0.0,2,1,0,1703.58,0
603,0,1,35,9,145623.36,1,1,0,163181.62,0
597,2,1,41,4,145809.53,2,1,1,52319.26,0
718,2,1,39,3,0.0,2,1,1,145355.11,0
527,1,0,53,8,0.0,1,1,1,51711.57,0
729,1,1,42,1,0.0,2,1,1,149535.97,0
746,2,1,24,4,0.0,1,0,1,94105.0,0
759,2,1,46,2,0.0,1,1,1,138380.11,0
748,2,1,39,3,157371.54,1,0,1,97734.3,0
686,2,0,37,9,134560.62,1,1,0,27596.39,0
679,2,0,40,1,0.0,1,1,1,16897.19,0
682,0,0,36,5,72373.62,2,1,0,36895.99,0
778,2,1,34,7,109564.1,1,0,1,113046.81,0
742,2,1,25,4,132116.13,2,1,0,129933.5,0
649,0,0,24,7,101195.23,1,0,0,133091.32,0
595,0,0,30,9,130682.11,2,1,1,57862.88,0
625,2,1,36,8,129944.39,2,0,0,198914.8,0
733,2,0,36,5,0.0,2,1,1,109127.54,0
665,1,1,32,10,0.0,1,1,1,22487.45,0
725,2,0,38,6,0.0,2,1,1,158697.28,0
554,2,1,38,3,138731.95,1,1,1,194138.36,0
675,1,1,35,8,155621.08,1,0,1,35177.31,0
635,1,1,48,2,0.0,2,1,1,136551.25,0
601,2,0,47,1,64430.06,2,0,1,96517.97,0
758,1,0,40,3,0.0,2,0,0,96097.65,0
754,1,1,50,7,146777.44,2,0,1,150685.52,0
654,2,1,37,5,0.0,1,0,1,71492.28,0
650,1,0,24,8,108881.73,1,1,0,104492.83,0
831,1,1,44,10,0.0,1,0,1,47729.33,0
519,2,0,39,2,112957.26,2,1,0,97593.16,0
577,1,0,41,4,89015.61,1,0,1,135227.23,0
576,1,0,45,5,133618.01,1,0,0,135244.87,0
646,2,0,40,5,93680.43,2,1,1,179473.26,0
711,0,1,45,1,97486.15,2,1,0,50610.62,0
806,1,1,37,2,137794.18,2,0,1,75232.02,0
670,2,1,39,8,101928.51,1,0,0,89205.54,0
679,1,1,28,9,0.0,2,0,1,61761.77,0
850,1,1,39,6,0.0,2,1,0,103921.43,0
670,0,1,35,2,79585.96,1,0,1,198802.9,0
733,2,1,24,3,161884.99,1,1,1,9617.24,0
764,2,1,39,1,129068.54,2,1,1,187905.12,0
673,2,1,42,4,0.0,2,1,0,121440.8,0
715,2,0,32,8,175307.32,1,1,0,187051.23,0
621,2,0,31,7,136658.61,1,1,1,148689.13,0
796,1,1,23,3,146584.19,2,0,0,125445.8,0
672,2,0,34,6,0.0,1,0,0,22736.06,0
527,1,1,46,10,131414.76,1,1,0,54947.51,0
722,2,1,38,3,0.0,2,0,1,167984.72,0
596,0,0,34,4,99441.21,2,0,1,4802.27,0
746,2,1,32,4,0.0,2,1,1,72909.75,0
523,2,1,26,4,0.0,2,1,0,185488.81,0
624,2,0,44,3,0.0,2,1,0,88407.51,0
553,1,0,38,1,181110.13,2,1,0,184544.59,0
850,1,0,33,3,100476.46,2,1,1,136539.13,0
599,0,0,33,2,51949.95,2,1,0,85045.92,0
492,2,0,35,8,121063.49,1,0,0,85421.48,0
743,2,1,30,1,127023.39,1,1,1,138780.89,0
522,2,0,41,5,144147.68,1,1,1,14789.9,0
630,0,1,28,8,106425.75,1,1,1,20344.84,0
703,1,0,39,6,152685.4,1,0,0,183656.12,0
755,0,1,38,1,82083.52,1,0,1,10333.78,0
683,2,0,30,4,114779.35,1,0,0,183171.47,0
749,2,0,41,5,57568.94,1,1,1,61128.29,0
724,1,0,36,1,0.0,2,1,0,52462.25,0
770,1,0,30,8,0.0,2,0,1,50839.85,0
680,2,0,37,4,0.0,2,1,0,61240.87,0
699,2,1,32,4,110559.46,1,1,1,127429.56,0
442,2,0,34,4,0.0,2,1,0,68343.08,0
574,1,0,36,3,0.0,2,1,1,8559.66,0
605,2,0,33,9,128152.82,1,0,0,147822.81,0
558,2,0,32,10,105000.23,1,1,0,190019.61,0
640,0,0,23,3,72012.76,1,1,0,161333.13,0
690,2,1,36,6,110480.48,1,0,0,81292.33,0
607,1,0,34,9,132439.99,1,1,0,177747.72,0
850,2,1,46,3,0.0,2,1,1,187980.21,0
780,0,0,34,5,94108.54,2,1,0,177235.21,0
618,1,1,40,8,0.0,2,1,0,80204.38,0
676,2,0,29,7,131959.86,1,0,0,189268.81,0
507,2,0,33,7,0.0,2,1,1,85411.01,0
490,2,0,34,5,122952.9,2,0,0,154360.97,0
678,2,0,36,0,107379.68,1,1,1,84460.18,0
637,0,0,30,6,122641.56,2,1,0,65618.01,0
602,2,1,33,8,0.0,2,1,1,112928.74,0
744,1,1,30,1,124037.28,1,1,1,142210.94,0
640,2,1,50,9,117565.03,2,0,0,82559.77,0
684,2,1,38,5,133189.4,1,0,0,127388.06,0
495,0,0,39,8,120252.02,2,1,1,10160.23,0
559,0,1,28,3,152264.81,1,0,0,64242.31,0
684,2,0,38,5,105069.98,2,1,1,198355.28,0
613,2,0,42,7,115076.06,1,1,1,79323.61,0
794,2,0,30,8,0.0,2,1,1,24113.91,0
692,0,0,49,6,110540.43,2,0,1,107472.99,0
703,1,0,36,7,135095.47,1,1,0,143859.66,0
720,0,0,23,0,187861.18,2,1,1,104120.17,0
777,0,0,44,3,124655.59,2,0,1,79792.3,0
653,2,0,44,8,0.0,2,1,1,154639.72,0
552,2,1,38,9,134105.01,1,0,0,57850.1,0
708,2,1,34,4,0.0,1,1,1,62868.33,0
647,2,1,40,9,0.0,2,0,1,92357.21,0
597,0,0,52,8,83693.34,2,1,1,161083.53,0
501,2,0,42,9,114631.23,1,0,1,91429.74,0
709,2,0,44,9,128601.98,1,1,0,117031.2,0
621,0,1,34,2,91258.52,2,1,0,44857.4,0
675,2,1,33,6,0.0,2,1,0,34045.61,0
561,2,1,35,5,0.0,2,1,0,59981.62,0
707,2,1,42,10,0.0,2,1,1,152944.39,0
670,2,0,33,6,88294.6,1,1,0,66979.06,0
649,1,1,32,7,0.0,1,1,0,28797.32,0
524,2,0,28,1,93577.3,1,1,1,51670.82,0
657,2,0,33,1,84309.57,2,0,0,103914.4,0
686,1,0,39,10,136258.06,1,0,0,89199.51,0
683,2,1,29,9,0.0,2,1,1,48849.89,0
753,0,1,47,1,131160.85,1,1,0,197444.69,0
520,1,1,30,4,145222.99,2,0,0,145160.96,0
547,0,0,25,4,98141.57,2,1,1,52309.8,0
648,1,1,28,9,102282.61,1,1,1,157891.11,0
639,2,1,37,4,116121.84,2,0,1,181850.74,0
721,2,0,36,1,155176.83,2,1,1,49653.37,0
548,0,0,32,2,98986.28,1,1,1,55867.38,0
553,2,0,41,1,0.0,2,1,0,90607.31,0
757,2,0,36,7,144852.06,1,0,0,130861.95,0
718,1,0,40,9,0.0,2,0,0,121537.91,0
625,2,0,41,6,97663.16,2,1,0,57128.78,0
744,1,0,39,4,95161.75,1,1,0,19409.77,0
751,1,1,34,8,127095.14,2,0,0,479.54,0
781,0,0,35,7,92526.15,2,1,1,173837.54,0
777,0,1,46,0,107362.8,1,1,0,487.3,0
716,2,1,29,6,0.0,2,1,1,98998.61,0
670,2,0,37,2,0.0,2,1,1,54229.74,0
555,2,0,40,10,139930.18,1,1,1,105720.09,0
679,0,1,30,4,77949.69,1,1,1,121151.46,0
571,2,0,38,1,121405.04,1,1,1,154844.22,0
512,1,1,35,5,124580.69,1,1,1,18785.48,0
697,2,0,35,5,133087.76,1,1,0,64771.61,0
424,1,0,34,7,0.0,1,1,1,16250.61,0
684,2,1,43,7,0.0,2,1,0,131093.99,0
600,2,1,32,7,98877.95,1,1,0,132973.21,0
521,2,0,37,5,105843.26,2,1,1,84908.2,0
445,2,1,33,7,0.0,2,1,0,122625.68,0
702,0,1,36,2,105264.88,2,1,1,52909.87,0
485,2,0,37,5,0.0,2,0,1,170226.47,0
628,2,0,25,7,0.0,2,1,1,195977.75,0
604,1,1,28,6,0.0,2,1,1,69056.26,0
724,0,0,31,9,138166.3,1,1,0,12920.43,0
567,0,0,40,7,122265.24,1,1,0,138552.74,0
785,2,0,36,2,0.0,1,0,1,61811.1,0
821,0,1,31,2,68927.57,1,1,1,25445.0,0
625,1,0,32,7,106957.28,1,1,1,134794.02,0
773,2,1,41,7,190238.93,1,1,1,57549.65,0
726,2,1,53,1,113537.73,1,0,1,28367.21,0
641,1,1,40,4,101090.27,1,1,1,51703.09,0
649,2,1,46,2,0.0,2,1,1,66602.7,0
434,1,0,33,3,0.0,1,1,1,2739.71,0
738,2,1,38,7,0.0,2,0,0,69227.42,0
507,0,0,31,9,111589.67,1,1,0,150037.19,0
606,0,1,27,6,172310.33,1,0,1,111448.92,0
697,0,0,51,1,147910.3,1,1,1,53581.14,0
504,0,0,42,7,131287.36,2,1,1,149697.78,0
660,1,0,38,6,109869.32,1,1,1,154641.91,0
652,2,1,34,6,97435.85,2,1,1,104331.76,0
669,2,1,42,9,0.0,2,0,0,135630.32,0
594,2,0,35,2,133853.27,1,1,1,65361.66,0
756,0,0,32,0,109528.16,2,1,1,56176.31,0
642,2,1,33,4,84607.34,2,0,1,60059.47,0
486,0,0,37,1,101438.0,1,0,0,51364.56,0
667,2,0,31,3,99513.91,1,1,1,189657.26,0
667,1,0,35,4,97585.32,2,0,0,57213.46,0
679,2,0,29,3,0.0,2,1,1,63687.06,0
680,2,1,43,4,0.0,2,1,1,58761.33,0
644,1,0,32,3,136659.74,1,1,1,14187.78,0
571,2,1,30,4,85755.86,1,1,0,145115.95,0
627,1,1,35,7,0.0,1,1,0,187718.26,0
536,2,0,39,4,0.0,2,1,0,27150.35,0
744,1,0,34,3,0.0,2,1,0,27244.35,0
709,2,1,34,2,111669.68,1,1,0,57029.66,0
653,0,0,31,2,154741.45,2,0,0,25183.01,0
648,0,0,31,7,125681.51,1,0,1,129980.93,0
663,0,1,37,8,155303.71,1,1,0,118716.63,0
613,0,1,43,4,140681.68,1,0,1,20134.07,0
620,2,0,28,9,71902.52,1,0,1,190208.23,0
661,2,0,51,6,146606.6,1,1,1,68021.9,0
669,0,0,45,1,123949.75,1,0,0,110881.56,0
767,0,1,33,1,144753.21,1,1,1,132480.75,0
653,2,0,43,0,0.0,2,1,0,27862.58,0
687,2,0,28,7,108116.66,1,1,1,27411.19,0
837,2,1,38,2,0.0,2,1,1,46395.21,0
850,2,0,28,8,67639.56,2,1,1,194245.29,0
547,1,1,22,7,141287.15,1,1,0,118142.79,0
707,2,0,37,1,0.0,2,0,1,6035.51,0
629,2,1,43,0,0.0,2,1,1,41263.69,0
687,2,1,36,4,97157.96,1,0,1,63185.05,0
502,0,1,33,6,125241.17,2,1,1,158736.07,0
632,1,1,32,1,0.0,2,1,0,19525.65,0
474,0,1,37,5,142688.57,2,1,1,110953.33,0
850,0,1,31,1,130089.56,2,1,1,4466.21,0
584,2,0,36,9,0.0,1,1,1,105818.51,0
742,1,0,24,8,0.0,2,1,0,4070.28,0
761,1,1,34,2,0.0,2,1,0,61251.25,0
600,2,0,49,7,90218.9,1,1,0,91347.76,0
501,2,1,34,5,0.0,1,1,0,27380.99,0
418,2,0,34,8,155973.88,1,1,0,154208.96,0
788,0,1,42,6,138650.49,2,1,0,64746.07,0
699,1,0,43,2,136487.86,2,1,0,82815.93,0
616,2,0,18,6,0.0,2,1,1,27308.58,0
651,2,1,41,4,38617.2,1,1,1,104876.8,0
654,2,1,28,7,0.0,2,1,0,151316.37,0
689,2,0,39,4,0.0,2,1,0,196112.45,0
502,2,0,30,4,0.0,2,1,1,66263.87,0
643,2,0,34,7,0.0,2,0,1,100304.13,0
762,2,0,28,2,0.0,2,1,0,167909.52,0
719,2,0,49,5,105918.1,1,1,1,16246.59,0
789,2,0,27,6,0.0,2,1,0,103603.65,0
553,1,0,42,7,0.0,2,1,0,7680.23,0
448,1,0,25,2,0.0,2,0,0,95215.73,0
632,0,0,42,6,59972.26,2,0,1,148172.94,0
669,1,0,25,7,157228.61,2,1,0,124382.9,0
654,1,0,34,5,0.0,2,1,0,159311.46,0
726,2,1,38,4,0.0,2,0,0,6787.48,0
733,0,1,30,1,102452.71,1,1,0,21556.95,0
529,1,1,35,5,0.0,2,1,0,56518.0,0
493,2,1,37,8,142987.46,2,1,0,158840.99,0
615,1,1,29,7,143330.56,2,1,1,126396.01,0
666,2,0,36,4,120165.4,2,1,0,33701.5,0
603,2,0,40,4,102833.46,2,1,1,38829.11,0
671,2,1,34,5,164757.56,1,1,0,110748.88,0
598,1,1,35,8,0.0,3,0,1,88658.73,0
606,1,0,42,10,0.0,2,1,0,177938.52,0
850,0,1,36,3,169025.83,1,1,0,174235.06,0
644,1,1,26,4,153455.72,2,1,1,82696.84,0
655,2,0,37,4,0.0,2,1,1,142415.97,0
850,2,0,30,10,153972.89,2,1,0,62811.03,0
683,1,0,34,9,114609.55,2,0,1,25339.29,0
663,0,0,37,7,143625.83,2,0,1,176487.05,0
704,2,0,23,6,166594.78,1,1,1,155823.2,0
691,2,1,40,0,115465.98,1,1,1,60622.61,0
599,2,0,34,8,0.0,2,1,1,174196.68,0
573,2,1,36,1,0.0,1,1,1,56905.38,0
589,0,1,41,7,92618.62,1,1,1,101178.85,0
647,1,0,28,6,149594.02,2,1,0,102325.19,0
634,2,1,41,7,0.0,2,1,1,131284.93,0
660,2,0,38,4,0.0,2,0,0,88080.43,0
666,0,1,37,2,158468.76,1,0,1,93266.01,0
696,2,0,44,8,161889.79,1,0,0,75562.47,0
836,2,1,29,9,133681.78,1,1,1,153747.73,0
667,1,1,34,5,0.0,2,1,0,163830.64,0
596,1,0,20,3,187294.46,1,1,0,103456.47,0
430,2,0,31,5,0.0,1,1,0,95655.16,0
599,2,0,28,7,119706.22,1,0,0,31190.42,0
519,2,1,22,8,0.0,1,0,1,167553.06,0
668,2,1,37,7,128645.67,1,1,0,92149.64,0
633,2,1,39,9,129189.15,2,0,0,170998.83,0
647,1,0,33,7,121260.19,2,1,0,77216.48,0
733,2,0,39,1,0.0,2,1,1,141841.31,0
556,2,0,34,8,163757.06,1,1,1,104000.06,0
639,2,0,22,4,0.0,2,1,0,28188.96,0
715,2,0,35,2,141005.47,1,1,1,60407.93,0
807,0,1,42,9,105356.09,2,1,1,130489.37,0
714,1,0,34,5,0.0,2,1,0,193040.32,0
626,0,1,23,6,85897.95,1,1,0,109742.8,0
697,2,0,36,7,0.0,2,1,1,74760.32,0
850,0,1,31,4,164672.66,1,0,1,61936.1,0
737,0,1,45,2,99169.67,2,1,1,78650.95,0
812,2,0,29,6,0.0,2,0,0,168023.6,0
583,2,0,36,8,0.0,2,0,1,5571.59,0
730,0,1,37,5,124053.03,1,1,0,118591.67,0
677,2,0,36,4,0.0,2,1,0,7824.31,0
748,0,1,40,3,103499.09,2,0,0,38153.19,0
753,0,1,38,9,151766.71,1,1,1,180829.99,0
634,1,1,36,1,0.0,1,1,1,143960.72,0
622,2,0,29,7,101486.96,1,1,1,8788.35,0
699,0,0,36,2,123601.56,2,1,0,103557.85,0
714,1,0,33,8,122017.19,1,0,0,162515.17,0
503,1,0,32,9,100262.88,2,1,1,157921.25,0
685,1,1,43,6,117302.62,1,0,0,68701.73,0
606,2,1,35,0,135984.15,2,1,0,186778.89,0
678,2,0,38,3,0.0,2,1,0,66561.6,0
724,0,0,31,2,160997.54,2,0,1,64831.36,0
638,1,0,35,1,0.0,2,1,0,165370.66,0
628,2,1,29,9,71996.29,1,1,1,34857.46,0
528,2,1,32,4,85615.66,2,1,0,156192.43,0
432,2,1,27,6,62339.81,2,0,0,53874.67,0
622,1,1,47,6,142319.03,1,0,0,100183.05,0
614,1,0,36,5,0.0,2,1,0,130610.78,0
634,2,1,24,2,87413.19,1,1,0,63340.65,0
742,2,1,29,4,0.0,2,1,1,180066.59,0
718,2,0,35,3,97560.16,1,1,1,53511.74,0
636,0,0,30,8,141787.31,2,1,1,109685.61,0
698,2,1,37,2,166178.02,2,1,1,71972.95,0
712,1,1,39,5,163097.55,2,1,1,23702.42,0
659,2,0,20,8,0.0,2,0,0,112572.02,0
573,1,0,44,8,0.0,2,0,0,62424.46,0
732,2,0,46,0,0.0,2,1,1,184350.78,0
790,1,0,20,8,0.0,2,1,0,168152.76,0
728,1,1,43,5,0.0,1,1,1,120088.17,0
645,1,1,29,4,0.0,2,1,1,74346.11,0
647,0,0,30,6,143138.91,2,1,0,2955.46,0
596,1,0,32,4,0.0,2,0,1,146504.35,0
610,2,0,40,9,0.0,1,1,1,149602.54,0
512,2,0,36,0,129804.17,1,1,0,53020.9,0
666,0,0,30,3,110153.27,1,0,1,74849.46,0
700,0,1,30,4,116377.48,1,1,1,134417.31,0
651,0,1,37,10,117791.06,2,1,1,75837.58,0
542,1,1,26,2,0.0,2,1,1,54869.54,0
686,2,1,35,8,105419.73,1,1,0,35356.46,0
850,0,1,47,4,99219.47,2,1,1,122141.13,0
448,2,1,36,6,83947.12,2,1,0,81999.53,0
609,1,0,32,4,99883.16,1,1,1,120594.85,0
698,2,0,31,1,156111.24,1,0,0,134790.74,0
759,2,0,44,2,111095.58,2,1,0,100137.7,0
544,1,0,22,4,0.0,2,1,0,70007.67,0
567,1,0,35,8,153137.74,1,1,0,88659.07,0
490,1,0,40,6,156111.08,1,0,0,190889.13,0
626,2,0,34,7,113014.7,2,1,1,56646.28,0
718,0,0,43,5,132615.73,2,1,0,32999.1,0
772,2,1,35,9,0.0,1,0,1,25448.31,0
561,2,0,32,5,0.0,2,1,0,84871.99,0
814,2,0,49,8,0.0,2,0,0,157822.54,0
538,0,1,42,4,80380.24,1,1,0,119216.46,0
600,2,1,26,6,108909.12,1,1,0,82547.01,0
654,2,1,35,2,90865.8,1,1,1,86764.46,0
622,2,0,40,4,99799.76,2,1,0,197372.13,0
610,1,1,37,10,140363.95,2,1,1,129563.86,0
795,2,1,36,1,151844.64,1,1,1,135388.89,0
557,2,1,27,2,0.0,2,0,1,4497.55,0
824,0,0,49,8,133231.48,1,1,1,67885.37,0
698,2,0,27,7,0.0,2,1,0,111471.55,0
630,2,1,36,8,126598.99,2,1,1,134407.93,0
694,2,0,47,4,0.0,2,1,0,197528.62,0
563,0,0,44,7,105007.31,2,1,1,197812.16,0
659,1,0,27,4,0.0,2,1,0,99341.87,0
545,0,0,37,9,95829.13,2,0,1,104936.88,0
798,2,0,36,1,0.0,2,1,1,159044.1,0
757,2,0,38,0,0.0,1,1,0,83263.06,0
641,2,0,50,6,153590.73,2,1,1,130910.78,0
718,2,0,29,2,0.0,1,1,0,126336.72,0
623,2,1,35,0,130557.24,1,1,1,47880.71,0
644,2,0,40,8,93183.19,1,1,0,73882.49,0
500,0,0,30,2,125495.64,2,1,1,68807.47,0
583,2,1,42,7,0.0,2,1,0,144039.05,0
595,0,1,26,8,118547.72,1,1,1,151192.18,0
670,1,0,43,1,97792.21,1,0,0,120225.62,0
660,2,1,40,8,167181.01,1,1,1,185156.94,0
580,0,0,35,9,121355.19,1,0,1,35671.45,0
676,1,0,35,0,0.0,2,0,0,139911.58,0
578,2,0,46,5,113226.47,1,1,0,56770.76,0
579,2,1,33,1,118392.75,1,1,1,157564.75,0
711,0,1,52,8,145262.54,1,0,1,131473.31,0
692,2,0,40,6,163505.16,1,0,0,90424.09,0
760,1,1,33,1,118114.28,2,0,1,156660.21,0
808,2,0,32,1,0.0,2,1,1,46200.71,0
611,0,1,36,10,103294.56,1,1,0,160548.12,0
655,2,1,38,6,0.0,1,1,1,188639.28,0
601,1,0,28,6,0.0,2,1,0,14665.28,0
755,2,0,42,2,119919.12,1,1,0,156868.21,0
553,2,0,37,1,0.0,1,1,0,30461.55,0
723,2,0,28,4,0.0,2,1,1,123885.88,0
507,1,1,34,4,0.0,2,1,1,60688.38,0
777,2,0,43,1,0.0,2,1,0,21785.91,0
566,2,0,34,3,0.0,1,0,0,188135.69,0
732,2,0,26,7,0.0,2,1,0,154364.66,0
697,2,1,42,10,0.0,2,1,0,61312.15,0
555,2,0,29,4,128744.04,1,1,1,47454.93,0
688,2,1,38,7,123544.21,1,1,1,157664.02,0
626,2,1,37,2,133968.96,2,1,0,148689.65,0
719,1,1,35,8,0.0,1,1,1,165162.4,0
731,1,0,41,3,0.0,2,1,0,101371.72,0
426,2,0,34,9,0.0,2,1,0,107876.91,0
701,1,1,30,2,0.0,2,1,0,115650.63,0
512,2,0,51,6,144953.31,1,1,1,165035.17,0
635,2,0,41,4,103544.88,2,1,0,193746.55,0
685,2,0,33,6,0.0,1,1,0,58458.26,0
609,2,0,53,7,0.0,2,0,1,52332.85,0
656,1,0,28,8,120047.77,1,1,1,137173.39,0
586,0,0,37,8,167735.69,2,0,1,104665.79,0
481,1,1,37,8,0.0,2,1,0,44215.86,0
749,2,1,33,1,74385.98,1,1,0,20164.47,0
561,0,0,49,5,94754.0,1,1,1,26691.31,0
676,1,0,27,4,0.0,1,0,1,107955.67,0
615,0,0,43,3,86920.86,1,1,1,150048.37,0
582,2,1,39,1,132077.48,2,1,0,192255.15,0
601,2,0,40,10,127847.86,1,0,0,173245.68,0
708,0,0,42,9,176702.36,2,1,1,104804.74,0
797,0,1,33,10,83555.58,1,0,0,69767.14,0
682,2,0,26,8,0.0,2,1,0,178373.43,0
694,1,1,39,9,0.0,2,0,0,99924.04,0
828,1,0,42,10,0.0,1,1,1,186071.14,0
594,1,1,38,7,96858.35,1,1,0,77511.45,0
579,1,0,33,1,0.0,2,1,1,54816.57,0
723,2,1,35,0,0.0,2,0,1,61290.99,0
794,1,1,30,1,154970.54,1,0,1,156768.45,0
674,0,0,44,3,88902.21,1,1,0,73731.32,0
418,2,0,28,7,98738.92,1,1,0,122190.22,0
502,2,0,33,8,0.0,2,1,1,123509.01,0
678,2,1,50,6,0.0,1,1,0,8199.5,0
599,0,0,40,10,137456.28,2,1,1,14113.11,0
736,2,0,29,4,0.0,2,0,0,51705.01,0
683,1,0,30,1,113257.2,1,1,1,65035.02,0
828,2,0,31,9,0.0,1,0,1,164257.37,0
691,2,1,29,9,116536.43,1,1,0,51987.99,0
718,1,0,39,6,0.0,2,0,1,63889.1,0
680,0,1,31,3,127331.46,3,1,1,176433.6,0
838,1,1,41,5,0.0,2,1,0,81313.51,0
695,1,1,31,5,0.0,2,0,1,13998.88,0
681,2,0,46,0,105969.42,1,1,0,5771.56,0
762,2,0,36,5,119547.46,1,1,1,42693.65,0
751,1,0,38,7,0.0,2,0,0,90839.61,0
678,1,0,28,5,138668.18,1,1,1,54144.01,0
634,2,1,37,7,51582.5,2,1,1,184312.88,0
749,2,0,37,7,0.0,2,1,0,20306.79,0
590,1,0,37,6,169902.92,1,1,1,128256.18,0
610,2,1,27,4,87262.4,2,1,0,182720.07,0
502,2,0,33,7,0.0,2,0,1,4082.52,0
578,2,1,40,7,0.0,2,0,0,102233.73,0
547,2,1,32,2,0.0,2,1,0,132002.83,0
579,2,1,27,9,0.0,2,1,0,126838.7,0
661,2,0,39,5,0.0,2,0,0,181461.46,0
794,2,0,46,6,0.0,2,1,0,195325.74,0
598,0,0,19,3,150348.37,1,1,1,173784.04,0
822,0,1,46,3,115074.02,2,1,0,26249.86,0
670,1,1,40,3,0.0,1,1,1,182650.15,0
850,2,0,28,8,99986.98,1,1,0,196582.55,0
705,0,0,42,8,166685.92,2,1,1,55313.51,0
677,1,0,40,7,95312.8,1,1,1,62944.75,0
736,2,0,43,4,202443.47,1,1,0,72375.03,0
501,0,0,38,9,88977.39,2,0,1,133403.07,0
516,2,1,29,2,104982.57,1,1,0,157378.5,0
766,2,0,32,6,185714.28,1,1,1,102502.5,0
520,0,1,23,3,116022.53,2,1,1,37577.66,0
541,2,0,46,6,0.0,2,1,1,83456.67,0
790,0,1,34,2,164011.48,1,1,0,199420.41,0
797,2,0,31,9,0.0,2,1,1,24748.89,0
811,2,0,40,1,101514.89,1,1,1,121765.0,0
722,1,1,32,4,0.0,2,1,1,113666.48,0
675,2,0,28,9,0.0,1,1,0,134110.93,0
660,0,0,39,9,134599.33,2,1,0,183095.87,0
566,1,0,32,10,147511.26,1,1,1,159891.03,0
768,2,0,25,0,78396.08,1,1,1,8316.19,0
610,1,1,31,5,0.0,2,0,0,63736.36,0
715,2,1,31,3,110581.29,1,1,1,94715.24,0
750,0,0,42,8,151836.36,2,1,0,68695.38,0
431,0,0,45,5,83624.55,2,0,0,36899.62,0
704,2,0,24,2,148197.15,2,1,0,182775.08,0
614,2,1,38,4,72594.0,1,1,1,76042.48,0
748,2,0,38,4,115221.36,1,0,1,70956.75,0
492,0,0,51,8,117808.74,2,1,1,67311.12,0
573,2,0,40,7,147754.68,1,1,1,110454.46,0
680,2,0,31,10,113292.17,1,1,1,122639.73,0
458,1,0,36,5,0.0,2,1,0,79723.78,0
590,2,0,39,9,0.0,2,1,1,104730.52,0
602,2,0,35,8,0.0,1,1,1,22499.29,0
540,1,0,37,0,120825.7,1,1,0,28257.89,0
494,2,0,25,6,0.0,2,0,1,109988.09,0
797,2,0,29,1,0.0,1,0,1,149991.32,0
631,1,0,38,7,0.0,2,1,0,181605.85,0
576,2,1,29,5,108541.04,1,1,1,126469.09,0
555,2,0,30,1,0.0,2,0,0,88146.86,0
750,1,1,37,2,113817.06,1,0,0,88333.74,0
665,2,0,28,8,137300.23,1,1,0,90174.83,0
640,1,0,37,5,158024.38,1,1,0,81298.09,0
457,2,1,33,7,127837.54,1,0,1,60013.17,0
695,2,0,36,4,161533.0,1,1,0,100940.91,0
647,1,0,32,9,80958.36,1,1,1,128590.73,0
808,1,0,25,7,0.0,2,0,1,23180.37,0
700,1,0,29,8,0.0,2,0,1,152097.02,0
660,0,0,26,4,115021.76,1,0,1,162443.05,0
615,1,0,41,1,126773.43,1,1,1,55551.26,0
705,0,1,40,3,92889.91,1,1,1,109496.69,0
718,2,0,48,9,0.0,2,1,1,72105.63,0
587,2,1,46,6,88820.29,1,0,0,70224.34,0
569,1,0,31,1,115406.97,1,0,0,145528.22,0
568,2,1,38,3,132951.92,1,0,1,124486.28,0
770,0,1,46,5,141788.63,2,0,0,164967.21,0
601,1,1,41,3,0.0,2,1,0,54342.83,0
605,1,1,36,9,0.0,2,0,1,35521.63,0
752,1,1,31,4,144637.86,2,1,0,40496.72,0
850,2,0,31,8,0.0,2,1,0,178667.7,0
608,0,1,48,2,127924.25,2,1,0,32202.61,0
786,1,1,34,9,0.0,2,1,0,117034.32,0
667,1,0,31,5,0.0,2,1,1,20346.69,0
848,1,0,35,5,120046.74,2,1,0,84710.65,0
486,2,1,39,8,97819.36,1,0,1,120531.31,0
506,2,1,40,3,0.0,1,1,1,144345.58,0
545,2,0,30,3,0.0,2,1,0,170307.43,0
682,2,1,30,9,0.0,2,1,1,195104.91,0
684,2,0,32,9,100249.41,2,0,1,67599.69,0
692,1,0,46,2,0.0,2,1,1,105983.09,0
757,0,0,33,1,122088.67,1,1,0,42581.09,0
684,0,0,18,9,90544.0,1,0,1,4777.23,0
691,1,0,35,6,0.0,2,0,1,178038.17,0
482,2,1,35,5,147813.05,2,0,0,109029.72,0
616,2,1,31,8,0.0,1,0,1,76456.17,0
635,2,0,43,10,122198.21,2,0,1,179144.54,0
820,1,1,31,2,94222.53,1,1,0,103570.8,0
713,2,0,41,3,0.0,2,1,0,55772.04,0
649,2,1,41,3,130931.83,1,1,1,144808.37,0
561,2,0,33,6,0.0,2,0,0,173680.39,0
724,1,0,41,5,0.0,1,0,1,115753.94,0
579,1,0,22,3,118680.57,1,1,1,49829.8,0
777,0,0,35,7,122917.69,1,1,1,76169.68,0
739,2,1,36,0,0.0,2,0,0,133465.57,0
660,2,0,40,5,131754.11,2,1,1,38761.61,0
554,2,1,35,8,0.0,2,1,1,176779.46,0
850,2,1,24,6,0.0,2,1,1,13159.9,0
550,2,0,25,0,0.0,2,1,1,184221.11,0
750,1,1,39,6,0.0,2,0,0,19264.33,0
490,1,1,38,3,97266.1,1,1,1,92797.23,0
605,0,0,28,10,113690.83,1,1,0,33114.24,0
675,2,0,34,8,0.0,2,1,1,184842.21,0
621,1,1,36,7,116338.68,1,1,1,155743.48,0
850,2,0,40,6,97339.99,1,0,1,88815.25,0
711,2,0,41,3,0.0,2,1,1,193747.57,0
627,0,0,30,3,128770.88,2,1,1,40199.01,0
850,2,1,34,2,0.0,2,0,0,51919.04,0
614,1,1,36,1,44054.84,1,1,1,73329.08,0
683,0,1,49,7,108797.63,2,0,0,140763.18,0
643,1,0,35,2,0.0,2,0,0,67979.35,0
601,1,1,20,9,122446.61,2,1,0,86791.9,0
766,2,1,27,7,158786.67,2,0,1,47579.25,0
699,2,0,29,3,125689.29,1,1,1,151623.71,0
850,0,0,29,1,154640.41,1,1,1,164039.51,0
850,0,0,43,5,129305.09,2,0,1,19244.58,0
628,1,0,40,10,0.0,2,1,0,103832.58,0
711,2,1,21,0,82844.33,2,0,1,1408.68,0
583,1,1,22,2,0.0,2,0,1,5985.36,0
757,2,0,46,0,0.0,2,1,0,37460.05,0
749,0,1,33,10,76692.22,1,0,1,30396.43,0
705,2,0,34,7,117715.84,1,1,0,2498.67,0
738,2,0,26,9,0.0,2,1,1,48644.94,0
586,1,1,33,10,66948.67,2,1,1,140759.03,0
606,0,0,38,3,99897.53,1,0,0,37054.65,0
674,2,0,22,3,0.0,1,1,1,173940.59,0
584,0,1,31,6,152622.34,1,1,0,99298.8,0
590,2,0,40,8,0.0,2,1,0,62933.03,0
508,2,1,25,2,111395.53,1,0,1,48197.06,0
458,0,0,44,7,84386.57,1,1,0,178642.73,0
692,2,1,36,3,0.0,2,1,1,8282.22,0
502,0,0,33,5,174673.65,2,1,0,33300.56,0
518,2,0,46,3,0.0,2,1,0,76515.79,0
660,0,0,46,5,109019.65,2,1,1,33680.56,0
619,0,1,52,8,124099.13,1,0,0,23904.52,0
635,2,0,34,3,134692.4,2,1,1,83773.02,0
680,2,1,25,4,123816.5,1,1,1,90162.35,0
608,0,0,34,3,106288.54,1,1,1,36639.25,0
756,0,1,34,2,148200.72,1,0,0,194584.48,0
611,2,0,30,2,104145.65,1,0,0,159629.64,0
532,0,0,24,8,142755.25,1,0,0,34231.48,0
647,0,1,33,3,168560.46,2,0,0,90270.16,0
583,2,0,38,8,0.0,1,1,0,47848.56,0
774,0,0,42,2,132193.94,2,1,1,162865.52,0
542,0,0,25,8,139330.1,1,0,0,54372.37,0
613,1,0,29,0,0.0,2,0,1,133897.32,0
666,2,0,40,5,0.0,2,1,0,147878.05,0
777,2,1,28,2,134571.5,1,0,1,118313.38,0
705,2,0,32,7,0.0,2,1,0,7921.57,0
673,2,1,44,8,133444.97,1,0,1,5708.19,0
605,2,0,41,10,0.0,2,0,1,97213.09,0
734,2,1,40,9,176914.8,1,1,1,12799.23,0
572,2,1,36,8,68348.18,2,0,1,50400.32,0
595,2,1,33,9,0.0,2,1,1,41447.86,0
749,2,0,42,2,56726.83,2,0,1,185543.35,0
624,1,0,33,6,66220.17,1,0,1,170819.01,0
665,2,1,41,8,96147.55,1,1,0,137037.97,0
648,2,0,42,4,0.0,2,1,0,19283.14,0
569,0,1,32,8,145330.43,1,1,1,132038.65,0
566,2,1,21,3,0.0,2,1,1,3626.47,0
537,0,1,47,4,124192.28,2,1,1,50881.51,0
734,2,0,43,7,107805.67,1,0,0,182505.68,0
612,2,1,38,1,0.0,2,1,1,9209.21,0
648,2,0,34,0,0.0,1,1,1,167931.81,0
557,2,1,27,3,87739.08,1,1,1,123096.56,0
643,1,1,20,0,133313.34,1,1,1,3965.69,0
433,2,1,49,10,0.0,1,1,1,87711.61,0
643,0,0,41,7,154902.66,1,1,1,49667.28,0
488,2,1,36,0,0.0,2,1,0,136675.22,0
743,0,0,39,3,119695.75,1,0,1,26136.13,0
746,1,0,49,7,0.0,2,0,1,10096.25,0
580,0,1,33,7,131647.01,2,0,0,79775.19,0
850,2,0,27,6,96654.72,2,0,0,152740.16,0
563,2,0,22,3,137583.04,1,0,1,5791.85,0
766,0,1,28,3,62717.84,2,1,1,13182.43,0
659,2,0,32,9,95377.13,1,0,1,187551.24,0
607,1,0,28,1,135936.1,2,1,1,110560.14,0
644,0,0,35,5,161591.11,3,1,1,63795.62,0
746,2,0,47,8,142382.03,1,1,1,62086.62,0
588,1,0,33,2,0.0,2,1,1,12483.56,0
691,1,0,30,9,0.0,2,0,1,10963.04,0
666,2,1,38,6,127043.09,1,1,1,8247.0,0
640,1,1,46,3,0.0,1,1,1,156260.08,0
611,0,1,29,4,78885.88,2,1,1,26927.69,0
529,2,1,29,8,0.0,2,1,0,19842.11,0
676,2,1,36,3,91711.59,1,1,1,95393.43,0
639,0,1,46,10,110031.09,2,1,1,133995.59,0
782,2,0,36,5,81210.72,2,0,1,108003.38,0
641,0,0,32,5,122947.92,1,1,1,99154.86,0
697,2,1,38,1,182065.85,1,1,0,49503.5,0
657,2,0,44,6,76495.04,1,1,0,79071.89,0
744,2,1,38,9,0.0,2,0,0,20940.76,0
774,1,0,46,9,0.0,2,1,1,34774.26,0
551,2,1,45,6,0.0,2,1,1,51143.43,0
792,2,1,42,0,99045.93,2,1,0,47160.01,0
666,2,1,36,8,0.0,1,0,1,158666.99,0
716,0,1,30,2,205770.78,2,0,0,65464.66,0
594,2,1,31,0,79340.95,1,1,0,78255.86,0
565,2,0,49,7,0.0,2,1,1,89609.26,0
678,0,0,48,2,101099.9,2,0,1,193476.04,0
648,1,1,31,5,0.0,2,1,1,5199.02,0
642,2,0,40,8,109219.83,1,1,0,52827.51,0
668,1,0,43,10,113034.31,1,1,1,100423.88,0
635,1,0,41,1,0.0,2,1,0,175611.5,0
603,1,0,30,6,129548.5,2,1,1,19282.85,0
642,2,1,40,7,0.0,2,1,0,183963.34,0
628,0,1,28,3,153538.13,2,1,0,110776.01,0
499,2,1,38,9,0.0,2,0,1,183042.2,0
567,1,0,34,10,0.0,2,0,1,161571.79,0
449,1,0,32,0,155619.36,1,1,1,166692.03,0
701,1,0,35,10,159693.9,2,1,1,71173.64,0
613,1,0,37,3,171653.17,1,0,1,5353.12,0
683,0,1,39,2,47685.47,2,1,1,86019.48,0
581,2,0,35,4,0.0,2,0,1,86383.82,0
561,1,0,28,6,123692.0,1,1,1,70548.96,0
558,0,0,26,1,148853.29,2,1,1,24411.02,0
642,2,0,35,2,133161.95,1,0,1,122254.86,0
805,0,0,24,6,143221.35,2,1,0,186035.72,0
687,2,0,35,9,0.0,2,0,1,73133.82,0
562,2,0,33,6,0.0,2,1,0,111590.35,0
613,0,0,38,9,126265.88,2,0,0,15859.95,0
589,2,0,37,5,0.0,1,1,0,61324.87,0
593,1,0,31,8,112713.34,1,1,1,176868.89,0
714,2,0,34,5,141173.03,1,0,1,98896.06,0
588,1,1,35,7,0.0,2,1,1,108739.15,0
679,1,0,39,6,0.0,2,1,0,12266.06,0
730,1,0,38,5,118866.36,1,1,1,163317.5,0
833,2,0,47,2,0.0,2,1,1,182247.77,0
586,1,1,33,7,0.0,2,1,1,168261.4,0
711,2,0,38,4,123345.85,1,1,0,141827.83,0
828,2,0,30,4,73070.18,2,0,0,161671.15,0
500,1,0,38,7,0.0,2,0,0,192013.23,0
807,2,0,47,1,95120.59,1,0,0,127875.1,0
850,2,0,40,8,102800.65,1,1,0,60811.56,0
629,1,0,31,6,132876.55,1,1,1,130862.11,0
582,1,0,33,6,0.0,2,0,1,72970.93,0
468,2,0,22,2,0.0,2,1,0,28123.99,0
805,2,0,39,2,0.0,1,0,0,166650.32,0
720,2,0,26,10,51962.91,2,1,0,45507.24,0
781,1,1,29,6,98759.89,1,0,0,112202.64,0
592,0,0,33,2,156570.86,1,1,1,37140.2,0
759,2,1,45,8,0.0,2,1,1,99251.24,0
473,2,1,35,6,69617.36,1,1,0,143345.69,0
639,1,1,35,5,136526.26,2,1,0,59653.03,0
705,2,0,25,3,113736.27,1,0,1,196864.61,0
516,0,1,33,10,138847.9,1,1,1,127256.7,0
850,2,1,40,0,0.0,2,1,0,1099.95,0
746,0,1,33,2,107868.14,2,1,1,146192.4,0
622,0,0,33,3,96926.12,2,1,0,48553.77,0
743,2,0,30,7,77599.23,1,0,0,144407.1,0
732,0,0,38,5,178787.54,1,1,1,195760.53,0
850,0,1,34,3,129668.43,2,1,1,88743.99,0
686,2,0,34,6,146178.13,2,1,1,88837.11,0
556,2,1,40,8,0.0,2,1,0,62112.7,0
673,2,0,37,4,0.0,2,0,0,163563.07,0
809,2,1,38,2,154763.21,2,1,1,174800.31,0
630,2,0,37,6,0.0,2,1,1,82647.65,0
564,0,1,30,0,100954.88,2,0,0,134175.15,0
677,1,1,34,4,0.0,2,1,1,6175.53,0
583,2,0,40,9,112701.04,1,0,0,29213.63,0
592,1,0,45,8,84692.5,1,0,1,67214.02,0
850,2,0,30,6,86449.39,1,1,1,188809.23,0
633,1,0,42,10,0.0,1,0,1,79408.17,0
751,0,0,36,5,73194.99,1,1,1,89222.66,0
592,0,0,31,7,124593.23,1,1,0,86079.67,0
641,0,0,42,3,121765.37,2,1,1,166516.84,0
849,2,0,35,4,110837.73,1,0,0,126419.8,0
647,1,0,47,10,99835.17,1,0,1,89103.05,0
608,0,1,30,2,91057.37,2,1,0,132973.17,0
555,2,1,26,7,0.0,2,1,0,93122.41,0
497,1,0,27,7,149400.27,1,0,0,167522.19,0
599,0,0,38,9,89111.63,1,0,0,157239.6,0
545,0,0,33,1,132527.9,2,0,1,107429.71,0
774,2,1,36,9,114997.42,1,1,0,75304.09,0
464,2,0,46,6,161798.53,1,1,0,182944.47,0
696,0,1,27,2,96129.32,2,1,1,5983.7,0
667,1,0,45,3,0.0,2,0,0,163655.01,0
812,2,0,32,5,133050.97,2,1,0,89385.92,0
516,2,0,51,8,120124.35,2,0,1,168773.54,0
645,2,0,39,8,0.0,2,0,0,96864.36,0
664,1,0,32,5,133705.74,1,0,0,134455.84,0
427,1,1,39,9,0.0,2,1,0,28368.37,0
685,2,1,40,7,0.0,2,1,0,103898.59,0
585,2,1,33,4,152805.05,1,1,0,63239.65,0
717,2,1,22,5,112465.06,1,1,1,92977.75,0
465,0,0,24,6,156007.09,1,1,0,191368.37,0
826,2,0,26,5,142662.68,1,0,0,60285.3,0
747,0,0,36,8,102603.3,2,1,1,180693.61,0
707,1,0,32,9,0.0,2,1,0,126475.79,0
590,1,0,37,1,0.0,2,0,0,133535.99,0
615,2,0,45,5,0.0,2,1,1,164886.64,0
634,2,1,36,1,69518.95,1,1,0,116238.39,0
716,0,0,41,8,126145.54,2,1,1,138051.19,0
591,0,1,44,10,113581.98,1,1,0,1985.41,0
574,2,0,34,1,112572.39,1,0,0,165626.6,0
701,2,1,35,2,0.0,2,1,1,65765.22,0
747,2,1,34,10,0.0,2,1,1,50759.8,0
650,2,0,32,2,84906.45,1,1,0,163216.48,0
731,1,1,39,2,126816.18,1,1,1,74850.93,0
638,0,1,26,1,105249.76,2,1,1,23491.09,0
569,1,0,41,2,0.0,2,1,0,134272.57,0
459,0,0,50,5,109387.9,1,1,0,155721.15,0
850,2,1,46,2,157866.77,1,1,1,18986.12,0
512,2,1,41,6,0.0,1,1,1,100507.81,0
664,2,0,36,1,0.0,2,1,1,95372.64,0
694,2,0,30,10,144684.03,1,1,1,31805.49,0
655,2,0,24,9,107065.31,1,1,1,51959.82,0
607,2,1,33,8,91301.72,1,0,1,130824.57,0
763,1,0,37,8,0.0,2,1,1,933.38,0
671,1,0,50,8,0.0,1,0,1,2560.11,0
666,1,1,36,6,0.0,2,1,0,176692.87,0
667,2,0,34,5,0.0,2,1,1,102908.63,0
850,1,0,36,6,0.0,2,0,1,41291.05,0
622,1,0,42,9,0.0,2,1,0,119127.06,0
577,2,1,30,8,92472.1,2,0,1,126434.61,0
555,1,0,21,1,0.0,2,0,0,103901.35,0
613,0,1,50,5,101242.98,2,1,0,12493.61,0
672,2,1,43,4,92599.55,2,1,1,167336.78,0
624,1,1,36,10,0.0,2,0,1,186180.42,0
720,1,0,31,4,141356.47,1,0,0,137985.69,0
771,1,1,47,3,72664.0,2,1,1,107874.39,0
811,2,1,47,3,123365.34,2,0,0,171995.34,0
734,0,0,33,5,121898.58,1,1,0,61829.89,0
548,1,0,33,6,0.0,1,1,1,31728.35,0
707,2,0,33,2,0.0,2,0,0,130866.95,0
623,2,1,34,9,0.0,1,1,0,24255.21,0
686,0,0,29,3,185379.02,1,1,0,64679.07,0
657,1,0,41,8,109402.13,1,1,1,66463.62,0
816,0,1,34,2,108410.87,2,1,0,102908.91,0
484,2,1,50,2,90408.16,2,0,0,48170.57,0
728,2,1,34,6,90425.15,2,1,1,11597.69,0
477,1,0,31,9,0.0,2,0,1,184061.17,0
549,0,0,34,6,204017.4,2,1,0,109538.35,0
714,1,0,29,9,0.0,2,1,0,129192.55,0
504,0,0,43,5,134740.19,2,1,0,181430.91,0
530,2,1,29,5,0.0,2,0,0,121451.21,0
619,0,0,29,4,98955.87,1,0,1,131712.51,0
617,0,0,44,9,49157.09,2,1,0,53294.17,0
791,0,0,31,1,130240.33,1,0,0,96546.55,0
777,0,1,34,5,96693.66,1,1,1,172618.52,0
817,0,1,27,7,129810.6,1,1,1,59259.44,0
693,2,0,40,4,130661.96,1,1,1,101918.96,0
576,2,1,50,8,0.0,2,1,1,57802.62,0
643,2,0,37,6,0.0,2,0,0,142454.77,0
757,2,0,47,3,130747.1,1,1,0,143829.54,0
569,0,0,30,6,106629.49,1,0,1,44114.88,0
772,1,0,36,3,112029.83,1,1,1,186948.35,0
576,0,0,29,7,130575.26,1,0,1,173629.78,0
608,0,0,28,4,96679.71,1,1,1,49133.45,0
794,2,0,33,0,0.0,2,0,0,178122.71,0
593,2,0,50,6,171740.69,1,0,0,20893.61,0
597,1,0,38,1,0.0,2,1,0,41303.29,0
692,0,0,24,2,120596.93,1,0,1,180490.53,0
697,2,1,48,1,0.0,2,1,1,87400.53,0
768,2,0,29,2,95984.69,2,1,1,73686.75,0
802,2,0,38,1,142557.11,1,1,1,172497.73,0
584,2,0,47,5,0.0,2,1,0,89286.29,0
671,2,1,38,6,132129.72,1,0,1,76068.95,0
633,2,0,38,2,91902.56,2,1,1,107673.35,0
663,2,0,40,6,156218.19,1,0,1,33607.72,0
561,0,1,45,2,168085.38,2,0,1,115719.08,0
769,2,1,31,6,117852.26,2,1,0,147668.64,0
590,1,1,51,10,84474.62,2,1,1,190937.09,0
560,2,0,50,3,0.0,2,1,0,84531.79,0
437,0,0,35,6,126803.34,2,1,1,161133.4,0
661,2,1,34,0,0.0,2,1,0,185555.63,0
677,0,1,36,10,68806.84,1,1,0,33075.24,0
560,2,1,31,3,115141.18,1,1,0,39806.75,0
578,2,1,35,2,0.0,2,0,1,26389.92,0
421,1,0,34,6,90723.36,1,1,1,12162.76,0
492,0,1,49,2,151249.45,2,1,1,167237.94,0
545,2,1,32,6,0.0,2,1,1,52067.37,0
577,1,0,28,7,0.0,1,1,0,143274.41,0
523,2,0,45,5,0.0,2,1,1,121428.2,0
793,2,0,35,2,0.0,2,1,1,79704.12,0
711,2,0,33,1,0.0,1,0,0,41590.4,0
629,0,1,38,9,123948.85,1,1,0,76053.07,0
695,1,0,39,4,65521.2,1,1,1,1243.97,0
847,1,0,31,5,0.0,2,1,1,76326.67,0
704,2,0,47,5,0.0,2,1,1,145338.61,0
613,0,0,33,3,155736.42,2,1,1,57751.21,0
692,1,1,29,4,0.0,2,0,0,138880.24,0
720,2,1,34,3,118307.57,2,1,1,136120.29,0
577,2,0,41,6,0.0,1,1,1,167621.18,0
710,0,1,24,7,103099.17,2,1,0,173276.62,0
716,2,1,38,1,0.0,2,1,1,99661.46,0
584,0,1,36,4,109646.83,1,1,1,70240.79,0
792,2,0,30,1,127187.86,1,1,1,113553.42,0
605,2,1,36,6,0.0,1,0,1,690.84,0
486,1,0,24,1,0.0,1,1,0,98802.76,0
615,2,0,41,4,130385.82,1,0,1,130661.95,0
676,2,0,23,1,107787.47,1,0,1,116378.82,0
571,2,0,34,1,99325.04,2,0,1,186052.15,0
850,2,1,37,9,0.0,1,0,0,100101.06,0
717,2,0,48,7,123764.95,1,1,1,169952.82,0
780,1,0,47,7,86006.21,1,1,1,37973.13,0
492,0,1,38,8,57068.43,2,1,0,188974.81,0
760,0,0,29,5,103607.24,2,0,1,86334.64,0
500,1,0,40,1,99004.24,1,1,1,152845.99,0
654,1,1,36,2,0.0,2,1,1,146652.11,0
799,1,0,38,2,0.0,2,1,1,59297.34,0
719,1,1,32,7,0.0,1,0,0,76264.27,0
641,2,1,37,2,0.0,2,1,0,3939.87,0
461,1,1,25,6,0.0,2,1,1,15306.29,0
790,0,1,25,5,152885.77,1,1,0,58214.79,0
588,2,0,31,4,99607.37,2,0,1,35877.03,0
621,2,0,27,4,137003.68,1,1,0,21254.06,0
681,1,0,38,2,99811.44,2,1,0,23531.5,0
606,1,0,37,8,154712.58,2,1,0,89099.18,0
542,1,0,37,8,0.0,1,1,1,807.06,0
713,0,1,24,7,147687.24,1,1,1,121592.5,0
597,1,1,33,2,0.0,2,1,1,4700.66,0
635,2,0,27,3,127009.83,1,1,0,161909.95,0
759,1,0,31,8,0.0,2,1,1,99086.74,0
757,0,0,31,1,127320.36,3,1,0,163170.32,0
564,1,0,31,0,125175.58,1,1,1,72757.33,0
561,2,1,22,6,186788.96,2,1,0,73286.8,0
702,2,0,40,3,148556.74,1,0,1,146056.29,0
678,0,1,40,8,128644.46,1,0,0,167673.37,0
707,2,1,46,7,127476.73,2,1,1,146011.55,0
610,2,1,27,9,159561.93,1,0,1,103381.47,0
744,2,0,42,1,112419.92,1,1,1,83022.92,0
598,2,0,28,8,129991.76,2,0,1,46041.08,0
562,1,0,36,5,0.0,1,0,1,182843.24,0
722,0,1,40,6,89175.06,2,0,1,152883.95,0
603,1,1,39,5,162390.52,2,1,0,54702.66,0
715,2,0,21,8,0.0,2,1,0,68666.63,0
690,2,0,47,2,0.0,2,1,0,151375.73,0
644,2,1,40,10,139180.97,1,1,1,19959.67,0
589,2,0,36,8,114435.47,1,1,0,26955.72,0
632,2,0,42,4,126115.6,1,1,0,100998.5,0
588,2,0,30,3,115007.08,1,0,0,176858.5,0
810,2,0,32,9,120879.73,2,0,1,78896.59,0
718,1,1,49,10,82321.88,1,0,1,11144.4,0
589,1,1,27,4,0.0,2,1,0,144181.48,0
778,1,0,33,5,116474.28,2,1,1,32757.55,0
724,2,1,34,3,132352.69,1,1,0,80320.3,0
477,0,1,39,4,182491.57,1,1,0,185830.72,0
580,2,0,34,6,0.0,2,1,1,160095.31,0
711,2,1,29,3,130181.47,2,1,0,31811.44,0
706,0,0,32,5,88348.43,2,1,1,104181.78,0
703,1,0,31,6,0.0,2,1,1,67667.19,0
679,0,0,39,2,146186.28,2,1,1,193974.47,0
598,1,0,34,0,104488.17,1,0,1,43249.67,0
836,0,1,32,4,109196.67,2,1,0,55218.02,0
704,0,0,41,4,109026.8,2,1,1,43117.1,0
516,2,1,40,9,0.0,2,0,1,33266.29,0
572,2,1,39,2,0.0,2,1,1,555.28,0
604,0,0,25,7,165413.43,1,1,1,35279.74,0
483,2,0,27,1,77805.66,1,1,1,2101.89,0
702,2,0,50,3,0.0,2,0,0,94949.84,0
804,1,1,38,3,124197.22,1,1,0,74692.06,0
850,2,1,30,3,0.0,2,1,0,116692.8,0
554,2,1,39,10,160132.75,1,1,0,32824.15,0
588,0,1,37,7,70258.88,2,1,0,139607.61,0
758,0,0,32,4,162657.64,2,1,1,115525.13,0
582,1,0,25,9,148042.97,2,1,0,52341.15,0
633,1,1,33,4,92855.02,1,1,1,159813.18,0
564,1,0,37,9,100252.18,1,1,1,146033.52,0
602,1,0,37,3,107592.89,2,0,1,153122.73,0
649,2,0,39,3,113096.41,1,1,1,60335.24,0
679,1,1,40,7,0.0,2,1,1,163757.29,0
639,1,0,34,7,149940.04,2,0,0,156648.81,0
565,2,0,32,9,0.0,2,1,0,5388.3,0
825,2,0,29,3,148874.01,2,0,1,71192.82,0
528,1,1,32,0,68138.37,1,1,1,170309.19,0
577,1,0,35,5,110080.3,1,1,1,109794.31,0
663,2,0,24,7,0.0,2,1,1,166310.82,0
505,0,1,25,5,114268.85,2,1,1,126728.27,0
633,0,0,29,6,117412.35,1,0,0,30338.94,0
586,2,1,38,6,0.0,2,1,1,37935.83,0
850,2,1,35,9,0.0,2,0,0,25329.48,0
629,0,1,37,1,35549.81,2,0,0,49676.33,0
637,0,0,28,3,123675.69,1,1,1,166458.41,0
575,2,1,40,1,139532.34,1,1,0,181294.39,0
571,2,0,40,5,0.0,2,0,0,72849.29,0
590,2,0,41,1,89086.31,1,1,0,24499.97,0
619,1,0,38,3,96143.47,1,0,0,98994.92,0
640,0,1,30,5,32197.64,1,0,1,141446.01,0
670,2,0,38,7,0.0,2,1,1,77864.41,0
737,2,1,33,4,0.0,2,1,0,115115.32,0
555,1,0,32,10,0.0,2,0,1,168605.96,0
742,2,0,33,6,0.0,2,0,0,38550.4,0
560,2,1,35,1,0.0,2,1,0,3701.63,0
654,2,0,38,8,0.0,2,1,0,88659.44,0
787,0,1,42,2,74483.97,2,0,1,44273.91,0
559,1,0,34,0,0.0,1,1,0,182988.94,0
481,2,0,37,8,152303.66,2,1,1,175082.2,0
753,0,0,32,5,159904.79,1,1,0,148811.14,0
675,2,0,32,1,0.0,3,1,0,85901.09,0
748,0,1,31,1,99557.94,1,1,0,199255.32,0
610,1,1,46,5,116886.59,1,0,0,107973.44,0
580,1,0,32,9,142188.2,2,0,1,128028.6,0
624,0,1,40,3,149961.99,2,1,0,104610.86,0
709,2,1,36,8,0.0,2,1,1,69676.55,0
605,2,1,34,2,0.0,1,0,0,35982.42,0
706,1,0,53,7,0.0,2,0,1,117939.17,0
567,1,0,40,8,28649.64,1,1,1,95140.62,0
747,2,1,21,4,81025.6,2,1,0,167682.57,0
711,2,1,39,3,152462.79,1,1,0,90305.97,0
609,2,0,25,10,0.0,1,0,1,109895.16,0
632,1,0,28,7,155519.59,1,1,0,1843.24,0
725,2,1,36,1,118851.05,1,1,1,102747.02,0
850,2,1,34,9,92899.27,2,1,0,97465.89,0
682,2,0,40,4,0.0,1,0,1,105352.55,0
797,2,0,37,4,75263.7,1,1,0,85801.77,0
668,1,0,38,1,147904.31,1,1,1,69370.05,0
783,0,1,41,5,106640.5,1,1,0,176945.96,0
766,0,1,28,4,90696.78,1,0,1,21597.2,0
704,1,1,36,2,175509.8,2,1,0,152039.67,0
722,2,0,40,6,0.0,2,1,1,111893.09,0
692,2,1,34,7,0.0,2,1,0,195074.62,0
584,2,1,35,2,114321.28,2,0,0,15959.01,0
733,0,0,48,7,85915.52,1,1,1,23860.5,0
850,2,1,39,2,0.0,2,1,0,179451.42,0
521,2,0,43,8,0.0,1,1,1,93180.09,0
618,2,0,30,3,133844.22,1,1,1,31406.93,0
556,2,0,36,7,154872.08,2,1,1,32044.64,0
749,2,1,27,9,0.0,2,1,0,132734.87,0
702,1,0,43,6,116121.67,1,1,0,61602.42,0
587,2,0,47,6,71026.77,1,1,0,57962.41,0
639,2,0,38,3,0.0,1,1,0,42862.82,0
643,2,0,33,4,0.0,2,1,1,152992.04,0
600,2,1,41,1,0.0,2,1,1,91193.65,0
651,2,0,53,7,0.0,2,1,1,130132.41,0
666,2,1,27,4,0.0,2,0,0,88751.45,0
520,2,1,39,6,145644.05,1,0,0,104118.93,0
650,1,1,50,7,129667.77,1,0,0,42028.16,0
564,0,0,33,3,109341.87,1,1,0,75632.78,0
617,2,1,35,5,0.0,2,0,1,13066.3,0
712,1,1,30,6,0.0,2,1,0,152417.97,0
605,2,0,27,9,0.0,2,1,0,198091.81,0
491,2,1,36,0,53369.13,1,1,1,103934.12,0
707,2,1,35,9,0.0,2,1,1,70403.65,0
638,1,0,34,5,146679.77,1,1,0,102179.86,0
683,2,0,43,2,112499.42,2,1,0,30375.18,0
815,1,1,38,2,48387.0,1,1,0,184796.84,0
645,1,0,38,1,68079.8,1,0,1,166264.89,0
645,0,0,49,4,160133.88,1,0,1,88391.97,0
683,2,0,30,4,66190.33,1,1,1,115186.97,0
647,2,0,35,4,123761.68,1,1,0,83910.4,0
534,2,0,41,9,0.0,2,1,0,13871.34,0
602,1,1,42,1,138912.17,1,1,1,139494.75,0
695,2,1,42,0,0.0,2,0,1,140724.64,0
553,0,1,25,7,128524.19,2,1,0,20682.46,0
516,1,1,31,3,0.0,2,1,0,124202.26,0
655,2,1,34,3,0.0,2,1,0,159638.77,0
568,1,1,46,3,0.0,2,1,1,29372.62,0
695,1,0,32,9,0.0,3,0,1,38533.79,0
556,2,0,38,2,114756.14,1,1,0,193214.05,0
585,2,1,30,6,0.0,2,1,1,137757.69,0
556,0,1,31,1,128663.81,2,1,0,125083.29,0
504,1,0,44,4,113522.64,1,1,1,12405.2,0
731,1,1,26,3,0.0,2,1,0,37697.29,0
651,2,0,34,3,0.0,2,1,1,105599.65,0
686,0,0,33,9,141918.09,2,0,1,184036.47,0
690,2,1,35,9,107944.33,2,0,0,48478.47,0
567,2,0,36,7,0.0,2,0,1,3896.08,0
850,2,0,31,1,96399.31,2,1,0,106534.15,0
637,2,0,41,2,0.0,2,0,1,102515.42,0
612,2,0,32,3,121394.42,1,1,0,164081.42,0
850,0,0,44,2,112755.34,2,0,0,158171.36,0
795,1,0,29,4,0.0,2,0,0,155711.64,0
565,0,1,38,7,145400.69,2,1,1,83844.79,0
802,1,0,40,4,0.0,2,1,1,81908.09,0
522,0,0,32,8,124450.36,2,1,1,165786.1,0
550,0,0,36,2,113877.23,2,1,0,174921.91,0
599,1,0,25,3,0.0,2,1,1,120790.02,0
493,2,1,36,5,148667.81,2,1,0,56092.51,0
755,2,0,34,3,0.0,2,1,1,158816.03,0
708,2,0,41,0,0.0,1,1,0,128400.62,0
699,2,0,44,8,158697.61,1,1,0,107181.22,0
743,1,0,25,6,0.0,2,1,0,129740.11,0
619,0,0,38,10,84651.79,1,1,1,184754.26,0
560,2,1,30,0,108883.29,1,1,0,27914.95,0
543,2,1,34,8,0.0,2,0,1,145601.8,0
776,2,0,39,8,125211.55,2,1,0,144496.07,0
844,2,1,28,4,0.0,2,0,1,123318.37,0
586,0,1,47,5,157099.47,2,1,1,65481.86,0
583,2,0,40,3,0.0,2,1,0,47728.0,0
701,1,0,26,5,83600.24,1,0,1,59195.05,0
726,2,0,28,2,0.0,1,0,0,98060.51,0
829,0,0,36,4,81795.74,2,1,0,90106.94,0
749,1,0,38,9,129378.32,1,1,1,13549.34,0
743,2,1,46,9,0.0,1,1,0,113436.08,0
749,1,0,36,7,0.0,2,0,0,80134.65,0
600,0,1,29,6,74430.1,2,1,1,96051.1,0
760,1,0,38,3,91241.85,1,0,1,80682.35,0
528,0,0,32,2,99092.45,1,0,1,111149.98,0
630,2,1,26,5,0.0,2,1,0,182612.38,0
683,0,1,39,2,100062.16,2,1,0,109201.43,0
677,0,1,26,6,98723.67,1,0,1,151146.67,0
669,1,0,29,9,0.0,1,1,1,93901.61,0
693,2,0,43,6,128760.32,1,1,0,36342.79,0
755,2,0,29,9,117035.89,1,1,1,21862.19,0
514,2,0,26,1,0.0,2,0,0,121551.93,0
548,0,1,36,2,108913.84,2,1,1,140460.01,0
850,0,0,28,2,101100.22,2,1,1,35337.31,0
612,2,1,38,7,110615.47,1,1,1,193502.93,0
628,0,0,33,8,152143.89,1,1,1,32174.03,0
724,2,1,41,5,109798.25,1,0,1,149593.61,0
834,1,0,40,7,0.0,2,0,0,45038.74,0
781,2,0,29,9,0.0,2,0,0,172097.4,0
670,2,0,22,2,114991.45,1,1,1,37392.56,0
663,1,1,33,8,96769.04,1,1,1,36864.05,0
624,2,1,23,5,0.0,2,0,0,132418.59,0
598,2,1,34,4,0.0,2,0,0,60894.26,0
619,0,0,23,5,132725.1,1,1,1,143913.33,0
683,2,1,26,7,0.0,2,1,0,86619.77,0
691,2,1,33,6,0.0,2,1,0,164074.89,0
765,1,1,33,5,84557.82,1,1,1,69039.43,0
637,2,1,33,9,113913.53,1,0,1,65316.5,0
667,0,1,44,5,140406.68,2,0,1,57164.19,0
575,1,1,22,8,105229.34,1,1,1,34397.08,0
502,2,1,35,6,0.0,2,1,1,80618.47,0
609,2,1,53,6,0.0,2,1,1,124218.27,0
715,2,0,37,9,165252.52,1,1,0,85286.3,0
541,2,0,32,8,0.0,2,0,0,40889.14,0
595,1,0,23,7,0.0,2,1,1,168085.97,0
625,2,1,44,7,0.0,1,1,0,4791.8,0
850,2,1,34,4,71379.53,2,1,1,154000.99,0
613,2,0,36,9,131307.11,1,0,0,83343.73,0
678,1,1,27,5,87099.85,2,1,0,149550.95,0
662,2,0,26,0,0.0,2,0,1,72929.96,0
662,2,0,31,3,0.0,2,0,1,27731.05,0
770,2,1,33,6,0.0,2,1,1,126131.9,0
721,1,1,33,4,72535.45,1,1,1,103931.49,0
701,2,0,51,9,0.0,2,0,0,61961.57,0
632,2,0,50,2,0.0,2,0,0,57942.88,0
456,2,0,29,5,107000.49,1,1,1,153419.62,0
729,1,1,38,10,0.0,2,1,0,189727.12,0
632,2,1,34,2,0.0,2,0,0,165385.55,0
433,1,0,34,9,152806.74,1,1,0,19687.99,0
670,2,0,25,7,0.0,2,1,1,144723.38,0
706,0,0,34,0,140641.26,2,1,1,77271.91,0
522,2,1,41,7,0.0,2,0,1,176780.39,0
651,1,0,42,2,143145.87,2,1,0,43612.06,0
494,2,0,28,9,114731.76,2,0,1,79479.74,0
671,0,0,36,2,116695.27,1,0,0,193201.86,0
577,1,0,43,3,0.0,2,1,1,135008.92,0
587,2,0,36,1,0.0,2,0,1,17135.6,0
712,0,0,37,7,93978.96,2,1,0,60651.77,0
498,0,0,35,2,121968.11,2,0,1,188343.05,0
660,2,0,37,2,97324.91,1,1,0,23291.83,0
678,1,0,29,6,0.0,2,1,0,64443.75,0
530,2,0,37,8,0.0,2,1,1,287.99,0
559,2,1,48,2,0.0,2,0,1,137961.41,0
592,2,0,28,5,137222.77,1,0,0,39608.58,0
767,2,0,48,9,0.0,2,0,1,175458.21,0
653,0,1,38,5,114268.22,2,1,1,89524.83,0
678,1,0,27,2,0.0,2,1,1,13221.25,0
586,1,1,42,2,0.0,1,1,0,102889.34,0
643,0,0,28,9,160858.13,2,1,0,27149.27,0
612,1,0,39,5,170288.38,1,1,1,59601.15,0
674,0,1,27,4,111568.01,1,0,1,22026.18,0
657,1,0,29,7,83889.03,1,1,0,153059.62,0
724,0,1,35,0,171982.95,2,0,1,167313.07,0
500,2,1,34,4,0.0,2,1,0,12833.96,0
688,2,0,20,8,137624.4,2,1,1,197582.79,0
631,2,0,29,7,0.0,2,0,1,125877.22,0
634,1,0,52,1,0.0,2,1,1,176913.42,0
545,2,0,37,3,91184.01,1,1,0,105476.65,0
644,1,0,18,8,0.0,2,1,0,59172.42,0
711,2,1,34,6,0.0,2,1,1,175310.38,0
712,2,1,29,8,140170.61,1,1,1,38170.04,0
627,2,0,27,1,62092.9,1,1,1,105887.04,0
694,1,0,39,3,0.0,1,1,1,95625.03,0
534,1,0,35,4,0.0,2,0,0,9541.15,0
603,2,0,45,9,0.0,1,0,0,148516.79,0
808,2,1,33,2,103516.87,1,1,0,113907.8,0
706,2,0,34,8,0.0,2,1,1,37479.97,0
671,2,1,31,6,0.0,2,1,1,15846.42,0
646,2,1,43,8,143061.88,1,1,0,61937.6,0
801,1,1,46,6,0.0,2,1,1,170008.74,0
731,1,1,33,5,137388.01,2,1,0,165000.68,0
620,0,1,25,1,137712.01,1,1,1,76197.05,0
484,0,0,40,7,106901.42,2,0,0,118045.98,0
647,1,0,47,5,105603.21,2,1,1,157360.9,0
688,0,1,40,8,150679.71,2,0,1,196226.38,0
689,2,1,46,7,52016.08,2,1,1,72993.65,0
513,0,0,34,7,60515.13,1,0,0,124571.09,0
553,0,0,35,2,158584.28,2,1,0,43640.16,0
689,0,0,47,2,118812.5,2,0,0,31121.42,0
517,1,0,46,4,0.0,1,1,0,22372.78,0
731,2,0,37,8,0.0,2,1,1,170338.35,0
507,1,0,32,7,0.0,2,1,0,67926.18,0
468,2,1,22,1,76318.64,1,1,1,194783.12,0
522,0,0,25,1,111432.13,1,1,1,168683.57,0
629,1,0,41,10,150148.51,1,0,0,6936.27,0
729,2,1,32,7,38550.06,1,0,1,179230.23,0
574,2,1,39,5,119013.86,1,1,0,103421.91,0
677,0,1,39,0,111213.64,2,1,1,147578.26,0
627,0,0,28,5,71097.23,1,1,1,130504.49,0
788,1,0,36,10,109632.85,1,1,1,16149.13,0
519,2,0,48,10,71083.98,1,1,0,137959.0,0
699,2,0,30,9,0.0,1,1,1,108162.13,0
622,1,0,36,9,0.0,2,1,1,104852.6,0
755,2,1,28,7,124540.28,1,0,1,188850.89,0
767,2,1,42,2,133616.39,1,1,0,28615.8,0
752,0,1,38,10,101648.5,2,1,0,172001.44,0
633,2,1,26,8,124281.84,1,1,1,60116.57,0
585,1,0,45,0,0.0,2,0,0,189683.7,0
751,2,1,37,9,183613.66,2,0,0,49734.94,0
495,2,0,47,10,137682.68,1,1,0,71071.47,0
650,2,0,34,4,106005.54,1,0,1,142995.32,0
529,2,1,31,6,152310.55,1,1,0,13054.25,0
585,2,1,43,2,0.0,2,1,0,89402.54,0
668,1,0,32,1,134446.04,1,0,1,111241.37,0
591,2,1,38,2,142289.28,1,0,1,119638.85,0
731,2,0,19,6,0.0,2,1,1,151581.79,0
650,0,1,46,9,149003.76,2,1,0,176902.83,0
588,0,0,41,2,131341.46,2,0,1,7034.94,0
712,1,1,29,7,77919.78,1,1,0,122547.58,0
691,2,1,34,7,0.0,2,0,1,161559.12,0
678,1,1,39,6,0.0,1,0,1,185366.56,0
719,1,1,40,9,0.0,2,1,0,182224.14,0
610,0,0,36,7,115462.02,1,0,1,42581.04,0
722,1,0,37,9,0.0,2,1,0,31921.95,0
709,2,1,32,2,0.0,2,0,0,109681.29,0
678,1,1,49,1,0.0,2,1,1,102472.9,0
633,2,0,35,3,0.0,2,1,1,36249.76,0
640,0,0,45,8,120591.19,1,0,0,195123.94,0
786,1,1,39,7,0.0,2,0,0,100929.59,0
561,2,1,49,8,0.0,2,1,1,12513.07,0
807,1,0,42,5,0.0,2,1,1,74900.9,0
602,0,0,38,2,71667.97,2,0,0,137111.89,0
727,0,1,31,3,82729.47,2,1,0,60212.51,0
678,2,0,40,1,0.0,2,1,1,187343.4,0
730,2,0,23,8,0.0,2,1,0,183284.53,0
596,1,1,30,1,0.0,2,1,0,8125.39,0
686,0,0,39,3,129626.19,2,1,1,103220.56,0
684,0,1,26,2,114035.39,1,0,0,96885.19,0
797,0,0,32,1,151922.94,1,1,0,8877.06,0
658,2,1,39,4,0.0,1,1,1,147530.06,0
653,1,1,27,6,107751.68,2,1,1,33389.42,0
641,2,0,37,6,0.0,2,1,0,45309.24,0
656,1,1,41,6,101179.23,2,1,1,35230.61,0
750,1,1,36,6,0.0,2,1,1,59816.41,0
768,2,1,40,8,0.0,2,0,1,69080.46,0
568,2,0,33,7,0.0,2,1,0,143450.61,0
706,0,0,36,9,58571.18,2,1,0,40774.01,0
430,0,1,38,8,153058.64,1,1,0,99377.27,0
745,0,0,35,4,98270.34,1,1,0,133617.43,0
639,2,1,42,4,0.0,2,0,0,167682.37,0
704,2,0,44,3,0.0,2,0,1,152884.85,0
651,1,0,23,4,115636.05,2,1,0,70400.86,0
706,0,1,44,2,185932.18,2,1,0,65413.41,0
632,0,0,30,2,72549.0,2,0,1,182728.8,0
751,2,0,42,4,0.0,2,1,1,81442.6,0
767,2,1,35,2,0.0,2,0,0,144251.38,0
741,2,0,39,5,0.0,1,0,1,40207.06,0
520,2,0,34,3,0.0,2,1,1,104703.96,0
626,0,0,27,4,115084.53,2,0,1,26907.43,0
811,2,0,30,6,0.0,2,1,1,180591.32,0
730,2,1,32,9,127661.69,1,0,0,60905.51,0
499,0,1,44,6,77627.33,2,1,0,108222.68,0
754,1,0,40,2,160625.17,1,0,1,3554.63,0
716,1,1,29,8,0.0,2,0,0,78616.92,0
636,2,1,20,10,124266.86,1,0,0,100566.81,0
470,2,1,25,8,127974.06,2,1,1,183259.35,0
444,2,0,43,3,0.0,2,1,1,159131.21,0
850,0,1,30,3,104911.35,2,1,1,42933.26,0
637,2,0,27,1,0.0,2,1,0,91291.2,0
512,2,0,43,1,0.0,2,1,1,52471.36,0
774,1,1,43,1,110646.54,1,0,0,108804.28,0
586,0,0,42,6,126704.49,2,1,0,41682.3,0
611,2,0,30,9,0.0,2,1,1,148887.69,0
660,1,0,31,1,84560.04,1,1,1,137784.25,0
557,0,1,38,2,129893.56,1,0,0,102076.03,0
730,1,0,25,5,167385.81,1,1,1,56307.51,0
535,2,1,27,6,0.0,2,0,1,49775.58,0
773,0,1,36,4,105858.71,1,0,1,4395.45,0
539,2,0,39,1,0.0,1,1,1,28184.7,0
690,1,1,48,2,0.0,2,1,1,3149.1,0
821,2,1,40,1,0.0,2,1,0,194273.12,0
687,0,0,35,1,125141.24,2,1,1,148537.07,0
557,2,1,46,4,96173.17,2,1,1,116378.31,0
532,1,1,37,5,0.0,2,0,1,6761.84,0
540,1,0,39,2,0.0,2,1,0,81995.92,0
706,2,0,38,1,0.0,2,1,0,122379.54,0
582,2,0,41,1,40488.76,1,1,0,128528.83,0
609,0,1,40,10,137389.77,2,1,0,170122.22,0
518,2,1,28,9,85146.36,1,0,0,2803.89,0
565,2,1,40,2,0.0,2,1,1,129956.13,0
735,2,0,34,1,141796.43,1,1,0,45858.49,0
813,0,0,27,6,111348.15,1,1,0,46422.46,0
772,2,0,43,6,0.0,2,1,1,57675.88,0
667,0,1,42,10,64404.26,2,0,0,26022.37,0
762,1,1,43,5,134204.67,1,1,1,139971.01,0
698,2,1,39,4,0.0,2,0,1,47455.82,0
850,2,1,32,8,0.0,2,1,1,55593.8,0
671,0,1,48,9,116711.06,2,0,0,76373.38,0
775,2,0,31,9,0.0,2,1,0,169278.51,0
504,1,0,34,0,54980.81,1,1,1,136909.88,0
751,1,1,37,3,99773.85,2,1,0,54865.92,0
691,0,0,30,7,101231.77,2,0,0,156529.44,0
841,0,0,32,2,117070.21,1,1,0,113482.2,0
709,0,0,23,8,73314.04,2,1,0,63446.47,0
673,2,0,37,2,0.0,1,1,1,13624.02,0
541,2,0,37,9,212314.03,1,0,1,148814.54,0
661,2,1,31,3,136067.82,2,1,0,65567.91,0
784,1,1,42,2,109052.04,2,1,0,6409.55,0
742,2,1,35,2,79126.17,1,1,1,126997.53,0
778,0,1,48,3,102290.56,2,1,0,182691.31,0
529,2,0,39,6,102025.08,2,1,0,12351.01,0
678,0,1,37,2,113383.07,1,1,1,135123.96,0
469,1,0,35,5,0.0,2,1,0,186490.37,0
786,1,0,40,6,0.0,2,0,0,41248.8,0
703,2,1,41,6,109941.51,1,1,0,116267.28,0
579,0,0,41,0,141749.68,1,0,1,9201.53,0
565,2,0,38,5,0.0,2,0,1,80630.32,0
443,2,0,44,2,0.0,1,1,0,159165.7,0
691,2,1,44,6,134066.1,2,1,1,197572.41,0
711,2,1,28,8,0.0,2,0,0,105159.89,0
775,1,0,27,4,0.0,1,1,1,40807.26,0
621,2,0,35,7,87619.29,1,1,0,143.34,0
668,1,1,30,8,0.0,2,1,0,138465.7,0
633,1,0,27,3,0.0,2,1,0,44008.91,0
734,0,1,30,7,123040.38,1,1,1,76503.06,0
434,2,0,41,4,108128.52,1,0,1,56784.11,0
646,0,0,48,8,169023.33,2,1,1,175657.55,0
764,2,0,30,5,0.0,2,0,1,105155.66,0
727,1,1,41,10,0.0,2,0,1,47468.56,0
724,2,1,29,6,0.0,2,0,1,64729.51,0
728,2,0,30,10,114835.43,1,0,1,37662.49,0
636,2,0,44,2,0.0,2,0,0,86414.41,0
634,2,0,34,3,145030.92,1,1,1,41820.65,0
627,2,0,43,8,71240.3,1,0,1,127734.16,0
687,1,1,29,7,93617.07,1,0,1,113050.92,0
622,1,1,23,8,0.0,2,1,1,131389.39,0
693,1,1,45,4,0.0,2,1,1,26589.56,0
450,1,0,25,9,74237.2,2,0,1,195463.35,0
663,1,1,28,8,61274.7,2,1,0,136054.45,0
660,2,0,34,8,106486.66,2,0,1,182262.66,0
579,2,1,29,10,73194.52,2,1,1,129209.09,0
683,2,0,47,1,0.0,2,1,0,148989.15,0
655,2,1,32,2,0.0,1,1,1,71047.51,0
575,1,1,30,8,0.0,2,1,0,185341.63,0
574,1,0,30,5,120355.0,1,1,0,137793.35,0
795,2,0,32,2,117265.21,1,1,1,198317.23,0
776,2,1,43,4,0.0,2,0,1,162137.5,0
678,0,1,44,2,98009.13,2,0,1,31384.86,0
663,2,0,34,10,0.0,1,1,1,114083.73,0
677,1,1,34,10,171671.9,1,1,1,50777.77,0
773,0,0,51,8,116197.65,2,1,1,86701.4,0
675,2,0,39,1,0.0,2,1,0,153129.22,0
649,1,1,36,6,86607.39,1,0,0,19825.09,0
552,2,0,29,10,0.0,2,1,0,12186.83,0
622,2,0,31,7,0.0,1,1,0,35408.77,0
681,0,0,31,4,97338.19,2,0,0,48226.76,0
768,2,0,30,6,0.0,2,1,1,199454.37,0
617,1,0,34,9,0.0,2,1,0,118749.58,0
452,2,1,33,6,131698.57,2,1,0,151623.91,0
807,0,0,37,10,130110.45,2,0,1,172097.95,0
567,1,0,44,9,0.0,2,1,0,87677.15,0
603,1,0,24,1,165149.13,2,1,0,21858.28,0
617,1,1,37,9,101707.8,1,1,0,123866.28,0
701,2,1,34,3,105588.66,1,0,1,74694.41,0
600,1,1,27,6,0.0,2,1,1,172031.22,0
850,0,0,27,1,101278.25,2,1,1,26265.18,0
741,0,1,19,8,108711.57,2,1,0,24857.25,0
743,0,1,35,1,146781.24,1,1,0,189307.7,0
493,2,1,36,2,0.0,2,0,1,99770.3,0
416,1,0,35,8,0.0,1,0,0,119712.78,0
725,2,1,25,9,0.0,2,1,1,168607.74,0
497,2,0,34,2,0.0,2,1,1,83087.13,0
720,2,0,33,2,0.0,2,0,1,141031.08,0
797,2,0,45,8,0.0,1,0,0,125110.02,0
543,1,0,23,5,0.0,2,1,0,117832.39,0
454,2,0,34,4,0.0,2,1,0,198817.72,0
691,2,0,37,9,149405.18,1,1,1,146411.6,0
792,1,1,40,7,0.0,1,1,0,141652.2,0
721,2,0,41,6,135071.12,1,1,1,64477.25,0
765,2,0,41,2,0.0,2,0,1,191215.61,0
850,1,0,39,8,0.0,2,1,1,37090.44,0
681,0,0,38,6,181804.34,2,1,1,57517.71,0
593,0,1,38,5,142658.04,2,0,1,135337.11,0
674,2,1,21,9,120150.39,2,1,1,33964.03,0
610,2,1,35,7,81905.95,1,1,1,61623.19,0
652,2,0,26,3,137998.2,2,0,1,168989.77,0
850,0,1,26,8,123126.29,1,1,0,74425.41,0
740,2,1,51,4,0.0,2,1,1,178929.84,0
685,1,0,31,7,122449.31,2,1,1,180769.55,0
558,1,0,40,4,161766.87,1,0,0,92378.54,0
677,2,1,37,3,0.0,2,1,1,38252.25,0
592,0,0,36,10,123187.51,1,0,1,146111.35,0
652,0,0,36,9,150956.71,1,0,0,72350.17,0
662,1,1,42,6,105021.28,1,1,0,48242.38,0
675,1,1,50,1,133204.91,1,0,1,8270.06,0
643,1,1,35,6,0.0,2,1,1,41549.64,0
412,2,0,29,5,0.0,2,0,0,12510.53,0
638,1,0,41,7,0.0,2,1,0,43889.41,0
824,1,1,38,3,0.0,2,1,0,192800.25,0
683,2,1,40,1,0.0,2,0,0,75762.0,0
599,2,1,41,2,91328.71,1,1,0,115724.78,0
753,2,0,35,4,0.0,2,1,1,106303.4,0
594,2,0,50,7,81310.34,1,1,1,183868.01,0
657,2,0,34,3,107136.6,1,1,0,153895.46,0
716,1,0,34,9,0.0,1,1,1,66695.71,0
850,2,0,43,7,0.0,2,1,1,173851.11,0
606,0,0,40,1,144757.97,2,1,1,166656.18,0
776,1,0,33,2,0.0,2,1,1,176921.0,0
557,1,0,36,1,113110.26,1,1,0,98413.1,0
614,2,1,27,9,106414.57,2,0,0,77500.81,0
620,1,0,42,4,106920.91,1,0,1,119747.08,0
695,1,0,35,7,0.0,2,1,0,160387.98,0
729,0,1,39,1,131513.26,1,1,1,193715.0,0
571,2,1,53,2,0.0,2,1,0,28045.77,0
457,2,0,40,10,134320.23,2,1,0,150757.35,0
559,2,1,29,3,79715.36,1,1,0,82252.28,0
664,2,1,38,4,74306.19,2,1,0,154395.56,0
782,0,0,42,7,126428.38,1,1,0,39830.1,0
708,1,0,38,8,99640.89,1,1,0,12429.22,0
674,1,1,39,6,0.0,2,1,1,9574.83,0
697,1,0,43,10,128226.37,1,0,0,188486.94,0
774,2,1,26,5,0.0,2,1,1,64716.08,0
624,2,0,36,6,0.0,2,0,0,84749.96,0
747,1,0,37,1,0.0,2,0,1,180551.76,0
715,2,1,32,10,0.0,2,1,0,60907.49,0
808,2,0,24,4,122168.65,1,1,0,174107.04,0
678,2,1,43,7,178074.33,1,0,0,110405.9,0
832,2,1,29,5,0.0,2,1,0,178779.52,0
526,0,0,34,3,122726.56,1,1,1,46772.36,0
457,2,1,38,7,164496.99,1,1,1,163327.27,0
649,1,1,38,8,0.0,1,1,0,103760.53,0
669,2,1,41,0,150219.41,2,0,0,107839.03,0
466,2,1,30,3,0.0,1,1,0,193984.6,0
685,2,0,30,2,0.0,2,1,1,140889.32,0
610,2,0,34,0,103108.17,1,0,0,125646.82,0
582,0,1,50,6,96486.57,2,1,1,20344.02,0
702,0,0,36,9,90560.48,2,1,0,174268.87,0
812,1,1,24,1,92476.88,1,0,0,83247.14,0
809,2,0,43,2,0.0,2,1,1,132908.07,0
744,2,0,29,1,43504.42,1,1,1,119327.75,0
731,1,1,39,2,0.0,2,1,0,136737.13,0
471,1,1,28,5,0.0,2,1,1,22356.97,0
668,1,0,45,4,102486.21,2,1,1,158379.25,0
575,2,0,36,1,0.0,1,0,1,94570.56,0
743,2,0,23,3,110203.77,1,1,0,95583.45,0
580,2,1,39,9,128362.59,1,1,0,86044.98,0
534,1,0,34,5,170600.78,1,0,1,5240.53,0
680,2,1,32,5,0.0,1,1,1,150684.23,0
631,1,1,46,10,0.0,2,1,1,129508.96,0
485,2,1,39,2,75339.64,1,1,1,70665.16,0
699,2,1,40,8,122038.34,1,1,0,102085.35,0
712,2,0,34,1,0.0,2,1,1,195052.12,0
850,2,0,40,6,124788.18,1,1,0,65612.12,0
584,2,1,41,3,0.0,2,1,1,160095.48,0
586,2,0,51,2,138553.57,1,1,1,92406.22,0
467,1,0,39,5,0.0,2,1,1,7415.96,0
520,2,0,35,9,105387.89,1,1,1,25059.06,0
557,2,0,36,3,0.0,1,0,1,144078.02,0
613,1,1,32,0,0.0,2,0,1,126675.62,0
786,2,0,34,3,137361.96,1,0,0,183682.09,0
593,1,0,32,10,158537.42,1,1,0,166850.57,0
670,1,1,29,9,0.0,2,1,0,27359.19,0
718,0,0,32,9,169947.41,2,1,1,27979.16,0
623,2,1,24,7,148167.83,2,1,1,109470.34,0
496,2,0,31,5,0.0,2,1,0,93713.13,0
429,2,1,39,6,48023.83,1,1,0,74870.99,0
499,2,1,46,6,0.0,2,1,0,73457.55,0
673,2,0,32,8,121240.76,1,1,0,116969.73,0
570,2,1,36,3,0.0,2,1,0,92118.75,0
472,2,1,37,1,0.0,2,1,1,48357.9,0
550,0,0,35,9,129847.75,2,1,0,197325.4,0
516,2,0,46,2,0.0,2,1,1,169122.54,0
682,0,0,32,2,105163.88,2,1,1,164170.46,0
620,2,0,28,8,0.0,2,1,1,199909.32,0
626,2,1,39,0,0.0,2,1,1,83295.09,0
623,2,1,29,1,0.0,2,0,0,39382.06,0
569,2,1,35,4,93934.63,1,1,0,184748.23,0
631,2,0,32,10,0.0,2,0,1,196342.66,0
846,2,1,37,6,127103.97,1,1,1,41516.44,0
731,2,0,31,1,132512.26,1,1,1,185466.85,0
693,1,0,47,8,107604.66,1,1,1,80149.27,0
772,2,0,34,9,0.0,2,1,0,170980.86,0
657,2,0,38,7,0.0,2,1,0,185827.74,0
774,0,0,34,4,120875.23,2,0,1,113407.26,0
667,2,1,37,9,71786.9,2,1,1,67734.79,0
516,2,1,37,8,113143.12,1,0,0,3363.36,0
551,1,0,49,1,150777.72,2,1,1,135757.27,0
542,1,0,35,2,174894.53,1,1,1,22314.55,0
623,2,0,28,7,0.0,1,0,0,129526.57,0
701,2,1,43,2,160416.56,1,0,1,37266.43,0
731,1,0,46,10,0.0,2,1,0,153015.42,0
461,2,1,35,5,0.0,1,1,1,54209.02,0
702,0,1,23,7,98775.23,1,1,0,114603.96,0
728,1,0,42,8,0.0,2,0,1,41823.22,0
585,0,0,37,6,152496.82,1,1,1,99907.29,0
573,2,0,52,8,0.0,2,0,1,178229.04,0
568,0,0,26,1,112930.28,2,1,0,22095.73,0
603,2,0,44,9,0.0,1,1,0,138328.24,0
687,2,0,38,0,144450.58,1,0,1,137276.83,0
469,1,0,37,9,96776.49,1,1,1,119890.86,0
737,0,0,43,8,96353.8,1,0,0,10209.8,0
835,2,0,25,7,0.0,2,1,1,83449.65,0
717,0,1,33,0,115777.23,1,1,1,81508.1,0
562,2,1,51,7,122822.0,2,0,0,32626.21,0
408,2,0,40,3,0.0,2,0,0,124874.23,0
650,1,1,32,4,79450.09,1,1,1,118324.75,0
582,0,0,33,2,122394.0,1,1,1,22113.93,0
706,1,1,43,1,0.0,2,1,0,31962.77,0
567,0,0,41,0,134378.89,1,1,1,105746.94,0
720,2,0,29,2,0.0,2,1,0,39925.52,0
631,1,1,31,2,88161.85,2,1,0,127630.88,0
623,1,0,41,2,142412.13,1,1,0,28778.98,0
514,2,0,35,3,121030.9,1,1,0,10008.68,0
650,0,1,35,3,165982.43,2,1,1,24482.16,0
673,1,1,35,6,0.0,2,1,0,98618.79,0
504,2,1,32,8,206663.75,1,0,0,16281.94,0
723,0,0,37,3,94661.53,2,1,0,121239.65,0
645,2,0,25,0,174400.36,1,1,0,42669.37,0
664,1,0,41,7,123428.69,1,1,1,164924.11,0
760,1,0,43,6,175735.5,1,1,1,157337.29,0
766,1,0,36,5,78381.13,1,0,1,153831.6,0
634,2,0,37,5,115345.86,2,0,0,168781.8,0
640,0,1,31,10,118613.34,1,1,0,168469.65,0
784,0,0,28,2,109960.06,2,1,1,170829.87,0
608,0,1,40,8,121729.42,1,0,0,61164.45,0
547,2,1,35,4,0.0,1,1,1,133287.73,0
612,2,1,43,4,139496.35,2,1,1,77128.23,0
573,1,0,28,8,0.0,2,0,0,77660.03,0
615,1,0,32,5,138521.83,1,1,1,56897.1,0
710,2,1,33,2,0.0,2,1,0,72945.32,0
674,0,1,38,10,83727.68,1,1,0,45418.12,0
702,1,1,38,9,0.0,2,1,1,158527.45,0
616,2,0,37,9,0.0,1,1,0,111312.96,0
688,1,0,32,6,124179.3,1,1,1,138759.15,0
605,2,0,36,7,128829.25,1,1,0,190588.59,0
676,2,0,33,6,171490.78,1,0,0,79099.64,0
708,1,0,33,3,0.0,2,1,0,138613.21,0
745,1,1,38,7,0.0,2,1,1,194230.82,0
661,1,0,20,8,0.0,1,1,0,110252.53,0
726,2,0,31,9,0.0,2,1,1,106117.3,0
775,2,0,42,6,133970.22,2,0,1,187839.9,0
540,2,0,41,3,0.0,2,1,0,121098.65,0
591,2,1,34,3,96127.27,1,0,0,30972.06,0
573,1,0,41,5,0.0,2,0,1,14479.29,0
577,1,0,31,6,0.0,1,1,1,196395.25,0
830,0,1,40,8,77701.64,1,0,1,19512.38,0
421,2,0,34,2,0.0,2,1,1,96615.23,0
718,1,0,34,5,113922.44,2,1,0,30772.22,0
712,2,0,23,2,0.0,2,0,1,66795.78,0
663,2,0,28,4,0.0,2,1,1,123969.64,0
577,1,0,29,2,0.0,1,1,1,168924.41,0
546,1,1,36,7,85660.96,1,0,0,134778.01,0
802,0,0,37,9,115569.21,1,0,1,119782.89,0
590,2,1,45,2,81828.22,1,1,0,52167.97,0
594,0,0,18,1,132694.73,1,1,0,167689.56,0
541,2,0,39,7,0.0,2,1,0,19823.02,0
781,2,1,27,5,0.0,2,0,0,72969.9,0
806,0,0,34,2,96152.68,2,1,0,143711.02,0
535,2,0,45,2,0.0,2,1,0,125658.28,0
768,2,1,36,3,141334.95,1,0,1,125870.5,0
545,1,1,44,1,0.0,2,1,1,82614.89,0
581,0,1,38,3,135157.05,1,1,1,32919.42,0
513,0,1,49,5,171601.27,1,1,0,126223.84,0
731,2,0,29,5,179539.2,1,0,0,112010.02,0
727,0,0,39,5,80615.46,2,0,0,180962.32,0
630,0,1,23,4,137964.51,1,0,1,174570.55,0
652,0,0,41,9,159434.03,1,1,0,178373.93,0
729,0,0,40,5,113574.61,2,1,0,103396.08,0
629,2,1,33,6,0.0,2,1,1,59129.72,0
667,0,0,33,9,124573.33,2,0,0,683.37,0
671,0,1,31,6,105864.6,2,1,0,145567.34,0
732,2,1,35,3,0.0,2,1,0,90876.95,0
546,2,1,30,5,0.0,2,0,1,198543.09,0
704,2,1,33,0,130499.09,2,1,1,74804.36,0
470,1,1,48,6,140576.11,1,1,1,116971.05,0
688,0,1,34,9,91025.58,2,0,1,163783.0,0
567,2,1,38,1,125877.65,2,1,1,107841.77,0
609,2,0,39,3,121778.71,1,1,1,138399.67,0
521,0,1,49,2,127948.57,1,1,1,182765.14,0
556,2,1,30,7,0.0,2,1,1,186648.19,0
662,0,0,30,5,115286.68,2,1,1,149587.92,0
704,0,0,41,9,62078.21,2,1,0,129050.67,0
750,2,1,38,1,0.0,2,1,0,47764.99,0
468,1,0,26,1,131643.25,1,1,0,64436.16,0
435,0,0,44,3,151739.65,1,1,0,167461.5,0
529,2,0,43,6,93616.35,2,0,0,98348.66,0
608,2,1,41,5,0.0,2,1,1,72462.25,0
666,2,1,27,1,85225.21,1,0,1,64511.44,0
730,2,1,36,8,148749.29,2,1,0,91830.75,0
516,1,1,27,1,0.0,1,0,1,112311.15,0
768,2,1,36,5,180169.44,2,1,0,17348.56,0
427,1,0,40,8,0.0,2,1,1,82870.75,0
690,2,1,42,5,0.0,2,0,1,120512.08,0
647,1,1,29,2,0.0,2,1,0,179032.68,0
714,2,0,35,3,0.0,2,1,1,95623.28,0
608,2,1,34,4,88772.87,1,1,1,168822.01,0
809,2,1,39,5,0.0,1,1,0,77705.75,0
745,2,1,40,6,131184.67,1,1,1,49815.62,0
527,2,0,31,4,0.0,1,1,0,169361.89,0
595,0,1,32,0,92466.21,1,1,0,4721.3,0
850,0,1,38,2,102741.15,2,0,1,23974.85,0
569,2,0,37,9,178755.84,1,1,0,199929.17,0
728,2,0,43,7,0.0,2,1,0,40023.7,0
473,0,1,32,5,146602.25,2,1,1,72946.95,0
738,2,0,29,2,0.0,2,1,1,170421.13,0
659,2,0,35,6,0.0,2,1,1,58879.11,0
597,1,0,38,6,115702.67,2,1,1,25059.05,0
671,2,1,29,3,0.0,2,1,0,158043.11,0
658,2,0,31,5,100082.14,1,0,1,49809.88,0
655,1,0,38,9,0.0,1,0,1,90490.33,0
772,1,0,41,10,96032.22,1,1,1,75825.57,0
681,1,0,33,10,0.0,1,0,0,158336.36,0
688,0,0,29,9,144553.5,2,1,0,143454.95,0
633,0,0,40,5,86172.81,2,1,1,117279.49,0
521,0,1,29,2,87212.8,1,1,1,994.86,0
541,2,0,36,5,0.0,2,1,0,124795.84,0
612,0,1,36,2,130700.92,2,0,0,77592.8,0
703,2,1,32,6,0.0,2,0,0,33606.52,0
710,1,0,23,6,0.0,2,1,1,134188.11,0
618,2,1,40,0,0.0,1,1,0,119059.13,0
689,2,1,29,1,77556.79,2,1,1,122998.26,0
718,2,0,33,7,102874.28,1,0,0,117841.06,0
608,2,0,37,5,146093.39,2,0,0,160593.41,0
756,0,1,39,5,149363.12,2,1,1,109098.39,0
775,2,1,27,4,152309.37,1,1,0,104112.0,0
635,2,1,33,5,0.0,2,1,0,122949.71,0
705,1,0,36,1,111629.29,1,1,1,21807.16,0
481,2,0,40,3,0.0,1,1,1,32319.93,0
595,2,0,20,4,95830.43,1,1,0,177738.98,0
535,2,1,38,0,135919.33,1,1,0,80425.65,0
597,2,1,29,5,0.0,2,1,1,174825.57,0
449,2,1,21,7,0.0,2,0,0,175743.92,0
850,0,1,43,8,92244.83,2,1,0,54949.73,0
494,2,1,35,9,112727.06,2,1,0,183752.91,0
676,2,1,34,8,100359.54,1,0,0,46038.28,0
818,0,0,43,10,105301.5,1,1,1,78941.59,0
712,1,0,45,6,112994.65,1,0,0,198398.68,0
672,0,0,40,4,89025.88,2,1,0,188892.19,0
636,2,0,35,9,95478.17,1,0,0,169286.74,0
698,2,0,37,8,0.0,2,0,0,145004.39,0
597,0,1,43,7,119127.46,2,1,0,55809.92,0
717,2,0,28,4,128206.79,1,1,1,54272.12,0
614,2,0,49,1,0.0,2,1,0,192440.54,0
708,0,1,23,4,71433.08,1,1,0,103697.57,0
581,2,1,27,5,102258.11,2,1,0,194681.6,0
579,1,1,39,2,151963.26,2,1,0,158948.63,0
737,2,1,32,7,128551.36,2,0,1,189402.71,0
540,1,1,31,10,118158.74,1,1,1,158027.57,0
609,2,0,32,7,118520.41,1,0,0,3815.48,0
778,2,0,24,4,0.0,2,1,1,162809.2,0
621,2,0,40,10,163823.37,1,0,0,89519.47,0
608,2,1,47,6,0.0,1,1,1,126012.57,0
680,1,0,36,7,0.0,2,1,0,20109.21,0
663,0,1,46,2,141726.88,1,1,1,58257.23,0
607,2,0,26,1,0.0,1,1,0,29818.2,0
681,2,1,43,8,154100.3,1,0,0,114659.81,0
766,2,1,45,6,0.0,2,0,0,147184.74,0
694,2,0,30,2,0.0,3,0,1,15039.41,0
742,2,0,39,8,140004.96,1,1,1,92985.78,0
519,2,1,38,7,125328.56,1,1,0,188225.67,0
573,2,0,35,9,0.0,2,1,0,11743.89,0
453,0,1,28,3,139986.65,1,1,0,136846.75,0
798,0,1,39,6,119787.76,1,1,1,164248.33,0
693,1,1,34,10,107556.06,2,0,0,154631.35,0
637,2,1,44,2,0.0,2,1,0,149665.65,0
672,2,0,47,1,0.0,1,0,0,91574.92,0
597,2,1,28,0,142705.95,1,1,0,127233.39,0
543,2,0,42,7,0.0,1,1,1,56650.47,0
584,2,0,35,6,161613.94,2,1,1,148238.16,0
601,2,0,38,4,60013.81,1,1,1,38020.05,0
628,1,0,28,4,0.0,2,1,1,176750.81,0
607,0,0,32,9,144272.07,2,1,0,176580.63,0
646,2,1,46,8,0.0,2,1,0,133059.15,0
572,2,0,30,6,117696.67,1,1,0,100843.82,0
597,2,1,26,8,149989.39,1,1,0,42330.58,0
613,2,0,40,7,124339.9,1,0,0,193309.58,0
794,1,1,37,9,0.0,2,1,0,68008.85,0
557,2,0,34,3,83074.0,1,1,0,132673.22,0
499,2,1,28,4,141792.61,1,1,1,22001.91,0
739,2,1,30,6,0.0,1,0,0,122604.44,0
458,0,1,43,1,106870.12,2,1,0,100564.37,0
528,2,0,31,9,120962.59,1,1,0,5419.31,0
646,2,1,30,5,0.0,2,1,0,13935.32,0
564,2,0,31,0,110527.17,1,1,1,87060.77,0
726,2,1,44,2,0.0,2,1,1,26733.86,0
560,2,0,24,1,116084.32,1,1,0,89734.7,0
457,1,1,38,6,0.0,2,1,0,173219.09,0
673,2,1,37,10,0.0,2,1,1,37411.35,0
584,2,1,40,4,82441.75,1,0,0,80852.11,0
724,2,0,30,10,0.0,2,1,1,54265.55,0
644,2,0,31,5,0.0,2,1,1,41872.17,0
499,2,0,31,4,0.0,1,1,0,25950.49,0
559,2,0,28,3,141099.43,1,1,1,15607.27,0
679,2,0,39,0,86843.61,1,0,1,159830.58,0
594,0,1,32,4,120074.97,2,1,1,162961.79,0
586,2,0,27,5,130231.8,2,1,1,192427.16,0
776,2,1,31,5,0.0,2,1,0,92647.94,0
699,2,0,39,2,109724.38,1,1,1,180022.39,0
847,0,1,35,5,111743.43,1,1,1,183584.14,0
582,0,0,35,8,121309.17,2,1,1,28750.67,0
648,2,0,38,10,82697.28,1,1,0,74846.67,0
543,2,1,31,4,138317.94,1,0,0,61843.73,0
462,2,0,27,4,176913.52,1,1,0,80587.27,0
640,1,0,47,6,89047.14,1,1,0,116286.25,0
773,2,1,50,4,0.0,2,1,0,129372.94,0
583,0,1,32,7,94753.55,2,1,1,18149.03,0
589,1,1,46,10,0.0,2,0,1,168369.37,0
509,2,0,35,8,0.0,2,0,1,67431.28,0
612,0,0,32,9,106520.73,2,1,0,177092.16,0
505,1,0,37,0,134006.39,1,1,1,93736.69,0
546,0,1,25,3,132837.7,1,1,0,131647.31,0
681,2,1,41,0,120549.29,2,1,0,175722.31,0
762,2,0,20,1,139432.55,1,1,1,85606.83,0
786,1,0,29,7,80895.44,2,1,0,64945.57,0
629,1,0,34,6,0.0,2,1,0,190347.72,0
787,1,1,39,7,171646.76,1,0,1,100791.36,0
713,1,0,42,0,109121.71,1,0,1,167873.49,0
541,2,1,39,6,109844.81,1,1,0,25289.23,0
451,2,1,31,7,140931.82,1,0,1,20388.77,0
644,1,0,49,10,0.0,2,1,1,145089.64,0
686,2,0,32,6,0.0,2,1,1,179093.26,0
765,0,0,37,7,102708.77,1,1,0,9087.81,0
678,0,1,37,8,149000.91,2,1,1,21472.42,0
539,2,0,20,0,83459.86,1,1,1,146752.67,0
800,2,1,40,3,75893.11,2,1,0,132562.23,0
799,0,1,39,7,167395.6,2,0,1,139537.43,0
734,0,1,52,6,71283.09,2,0,1,38984.37,0
542,2,1,31,3,0.0,2,1,1,115217.59,0
683,2,1,38,5,127616.56,1,1,0,123846.07,0
748,2,0,32,5,154737.88,2,1,1,172638.13,0
596,1,0,29,2,0.0,2,1,1,1591.19,0
642,2,0,35,4,125476.31,1,1,1,91775.51,0
499,2,1,21,3,176511.08,1,1,1,153920.22,0
649,1,1,47,8,110783.28,1,1,1,71420.16,0
739,2,0,42,2,141642.92,2,1,0,172149.76,0
616,2,0,31,1,0.0,2,1,1,54706.75,0
560,1,1,33,9,0.0,1,0,1,183358.21,0
427,0,0,42,1,75681.52,1,1,1,57098.0,0
633,2,0,29,7,0.0,1,1,1,130224.73,0
443,2,0,35,6,161111.45,1,0,0,13946.66,0
674,2,1,45,6,72494.69,1,0,1,140041.78,0
661,2,1,31,3,133964.3,1,1,1,166187.1,0
619,1,0,34,1,0.0,1,1,0,139919.38,0
562,2,1,27,3,0.0,2,1,0,28137.03,0
551,1,1,48,5,95679.29,1,0,0,94978.1,0
688,2,1,32,5,0.0,2,0,1,177607.77,0
635,0,1,36,9,81231.85,2,1,0,196731.08,0
561,2,1,31,1,81480.27,2,1,1,65234.6,0
850,2,0,33,8,73059.38,1,1,1,186281.0,0
636,2,0,36,5,117559.05,2,1,1,111573.3,0
771,0,1,38,5,137657.71,2,1,0,72985.61,0
713,2,0,36,8,133889.35,1,1,1,143265.65,0
658,0,1,45,9,134562.8,1,1,1,159268.67,0
737,2,0,30,8,174356.13,1,0,0,31928.5,0
742,0,0,27,5,190125.43,2,0,0,21793.59,0
701,0,0,41,9,164046.1,1,1,0,49405.93,0
623,1,1,43,4,123536.52,2,0,0,154908.52,0
744,2,0,36,10,0.0,2,1,1,182867.84,0
698,1,1,38,1,171848.38,1,0,0,16957.45,0
616,2,0,40,9,0.0,2,0,0,93717.55,0
662,2,1,39,5,139562.05,2,1,0,61636.22,0
594,2,0,37,2,0.0,2,0,1,95864.5,0
685,2,0,40,2,168001.34,2,1,1,167400.29,0
742,2,0,27,0,0.0,2,0,1,131534.96,0
651,1,0,47,2,0.0,2,1,1,119808.64,0
579,0,0,40,10,45408.85,2,1,0,18732.91,0
722,0,1,37,0,125977.81,1,0,0,160162.42,0
694,2,0,42,8,133767.19,1,1,0,36405.21,0
529,2,1,27,1,0.0,2,1,1,37769.98,0
636,2,0,31,6,0.0,2,1,1,2382.61,0
767,2,1,35,9,0.0,2,1,0,39511.61,0
635,1,1,41,10,0.0,2,1,1,61994.2,0
593,1,1,40,2,0.0,1,1,1,5194.95,0
540,0,1,35,7,128369.75,2,1,0,198256.15,0
663,1,0,35,5,0.0,2,1,1,62634.94,0
630,2,0,34,9,0.0,2,1,1,114006.35,0
605,0,0,19,8,166133.28,1,1,1,107994.99,0
641,1,0,25,10,0.0,2,1,1,180808.39,0
737,0,0,50,4,127552.85,2,1,0,4225.11,0
695,2,0,49,9,159458.53,1,1,0,135841.35,0
665,1,0,29,1,182781.74,2,1,1,63732.9,0
737,2,0,45,10,0.0,2,1,0,1364.54,0
654,2,0,29,7,0.0,2,1,1,149184.15,0
619,2,1,28,3,0.0,2,1,0,53394.12,0
845,0,1,43,3,152063.59,2,1,0,97910.06,0
727,2,1,28,2,110997.76,1,1,0,101433.76,0
582,2,0,50,2,148942.0,1,1,1,116944.3,0
716,2,0,41,9,0.0,1,1,1,113267.48,0
660,1,1,36,0,84438.57,1,1,1,181449.51,0
664,2,1,34,7,93920.47,1,0,0,179913.98,0
801,2,0,43,4,158713.08,2,0,0,98586.14,0
615,1,0,42,4,0.0,3,0,1,120321.09,0
667,2,0,40,8,72945.29,2,1,0,98931.5,0
670,1,0,37,0,178742.71,1,1,1,194493.57,0
590,2,0,43,8,0.0,2,1,1,143628.31,0
739,1,1,40,8,0.0,1,1,0,167030.51,0
837,2,1,29,9,0.0,2,1,1,41866.26,0
552,0,0,39,2,132906.88,1,0,1,149384.43,0
580,0,0,45,2,179334.83,2,1,1,169303.65,0
684,2,0,35,3,137179.39,1,1,1,37264.11,0
634,1,0,35,3,0.0,2,1,1,19515.48,0
607,2,1,49,9,119960.29,2,1,0,103068.22,0
802,2,0,29,9,127414.55,1,1,1,134459.12,0
736,2,1,36,6,0.0,1,1,0,70496.66,0
737,2,0,28,8,0.0,2,1,0,106390.01,0
718,1,1,39,2,0.0,1,1,1,52138.49,0
641,2,0,31,9,112494.99,1,1,1,32231.6,0
677,2,0,30,1,78133.15,1,0,1,174225.88,0
641,1,1,36,1,0.0,2,1,0,102021.39,0
658,1,1,32,5,145553.07,1,1,1,31484.76,0
584,2,1,26,0,146286.22,1,1,0,105105.35,0
709,1,1,35,1,111827.27,2,1,0,12674.68,0
690,1,1,26,2,0.0,2,1,1,93255.85,0
765,1,0,45,2,91549.78,1,1,1,47139.44,0
645,2,1,38,7,59568.57,1,1,1,167723.25,0
716,2,1,23,2,94464.81,2,0,1,185900.88,0
687,0,0,44,8,95368.14,2,1,1,1787.85,0
717,0,1,33,10,102185.42,2,1,0,23231.93,0
524,2,0,32,1,144875.71,1,0,0,187740.04,0
679,1,0,39,5,0.0,2,1,1,100060.54,0
538,2,1,32,2,0.0,1,1,1,80130.54,0
752,0,1,37,5,113291.05,2,1,1,132467.54,0
532,1,1,39,0,0.0,2,1,0,94977.3,0
597,0,1,35,8,131101.04,1,1,1,192852.67,0
627,0,0,52,1,76101.81,2,0,1,177238.35,0
700,1,1,40,2,0.0,2,1,0,199753.97,0
766,2,1,52,7,92510.9,2,0,1,66193.61,0
488,2,1,34,2,0.0,2,1,1,181270.84,0
694,2,0,39,5,77652.4,1,1,1,25407.59,0
639,2,1,31,3,98360.03,1,0,0,20973.8,0
638,2,1,36,6,0.0,1,1,0,164247.51,0
595,1,1,43,5,0.0,2,0,0,105149.8,0
850,2,0,31,6,131996.66,2,1,1,178747.43,0
419,1,1,27,2,121580.42,1,0,1,134720.51,0
570,1,0,34,10,0.0,2,0,1,183387.12,0
640,0,1,46,5,107978.4,2,1,0,155876.06,0
725,2,0,26,6,98684.15,1,0,0,133720.57,0
751,2,1,44,10,0.0,2,1,0,170634.49,0
768,0,1,43,2,129264.05,2,0,0,19150.14,0
648,0,0,37,6,131753.41,1,1,0,86894.67,0
577,1,1,33,6,0.0,2,1,0,57975.8,0
639,1,1,27,2,0.0,1,1,1,82938.99,0
686,0,0,26,1,57422.62,1,1,1,79189.4,0
657,2,1,28,7,0.0,2,0,1,5177.62,0
613,2,0,34,5,144094.2,1,1,0,44510.26,0
701,2,0,33,9,147510.34,1,1,0,190611.92,0
578,1,1,28,8,161592.76,1,1,0,177834.79,0
689,2,1,40,1,0.0,2,1,1,119446.64,0
693,1,1,39,0,0.0,2,0,0,81901.6,0
651,2,1,32,8,144581.96,1,1,1,87609.5,0
753,2,0,33,5,122568.05,2,1,1,82820.85,0
523,1,1,24,5,172231.93,1,0,1,155144.12,0
458,0,1,28,2,171932.26,2,1,1,9578.24,0
643,2,0,39,7,0.0,2,1,1,170392.59,0
638,1,1,34,7,0.0,2,0,0,3946.29,0
685,0,0,38,4,111798.06,2,1,1,102184.66,0
684,2,0,38,4,0.0,3,1,0,75609.84,0
670,2,1,27,5,79336.61,1,1,1,26170.08,0
705,2,1,31,3,142905.51,1,1,1,58134.97,0
651,2,1,33,1,96834.78,1,1,0,108764.69,0
741,2,0,37,9,105261.76,2,1,1,149503.54,0
581,0,0,41,2,127913.71,2,1,1,44205.95,0
544,2,0,30,4,73218.89,1,0,1,126796.69,0
583,0,0,35,8,149995.72,2,1,0,42143.55,0
663,0,0,28,8,123674.28,2,1,1,87985.2,0
666,0,0,33,2,124125.26,1,1,0,81884.8,0
599,2,0,27,5,0.0,2,1,0,30546.4,0
667,2,0,27,7,156811.74,1,1,1,149402.59,0
727,2,0,52,4,0.0,2,1,1,118429.02,0
639,2,0,39,6,150555.83,1,1,0,30414.17,0
678,2,0,28,2,109137.12,1,1,1,58814.41,0
523,2,0,36,8,158351.02,2,1,0,155304.53,0
650,2,1,47,9,0.0,1,1,0,187943.6,0
744,1,0,35,7,0.0,2,1,1,43036.6,0
697,2,0,40,4,0.0,2,0,1,26543.28,0
800,1,1,46,6,0.0,2,1,0,171928.04,0
664,2,0,24,7,0.0,1,0,1,35611.35,0
740,2,0,39,9,0.0,2,1,0,19047.23,0
676,1,0,36,1,82729.49,1,1,0,113810.12,0
613,0,1,45,9,142765.24,2,1,0,34749.65,0
713,2,1,25,4,121172.97,1,1,1,56268.98,0
751,0,1,28,10,132932.14,2,1,1,46630.47,0
523,2,0,22,8,123374.46,1,1,1,124906.59,0
673,2,0,51,8,79563.36,2,1,1,172200.91,0
616,2,0,46,2,0.0,2,1,0,137136.46,0
650,0,1,48,7,138232.24,1,1,0,57594.78,0
781,1,0,35,1,0.0,2,0,0,42117.9,0
593,2,1,33,0,95927.04,1,1,0,199478.05,0
505,1,0,35,8,116932.59,1,1,0,91092.84,0
692,2,1,36,3,79551.12,1,0,1,178267.07,0
813,0,0,30,1,116416.94,1,0,1,85808.22,0
850,1,0,37,4,88141.1,1,1,0,109659.12,0
753,2,0,32,6,177729.13,1,1,1,161642.08,0
850,1,1,32,5,0.0,1,1,1,3830.59,0
671,1,0,32,6,123912.78,2,1,1,146636.44,0
649,2,1,35,4,108306.44,1,1,1,192486.24,0
664,2,1,36,0,103502.22,1,1,1,146191.82,0
680,2,0,33,10,183768.47,1,1,0,164119.35,0
701,2,0,37,1,0.0,2,1,0,163457.55,0
684,2,1,25,1,0.0,2,0,1,144978.47,0
586,2,1,52,6,140900.97,1,1,1,67288.89,0
522,0,1,25,5,94049.92,2,1,0,103269.0,0
739,1,1,27,8,98926.4,1,1,1,106969.98,0
835,0,0,18,2,142872.36,1,1,1,117632.63,0
790,1,0,29,3,46057.96,2,1,1,189777.66,0
671,2,1,48,6,119769.77,1,0,1,66032.65,0
560,2,1,44,5,143244.97,1,1,0,98661.27,0
651,2,0,28,10,79562.98,1,1,1,74687.37,0
808,2,0,41,0,0.0,1,1,1,79888.78,0
644,1,0,26,8,96659.64,2,1,1,138775.69,0
688,2,0,29,1,0.0,2,1,0,154695.57,0
617,2,1,26,2,165947.99,2,0,1,168834.38,0
738,2,0,33,4,92676.3,1,1,0,105817.63,0
663,2,0,45,5,83195.12,1,1,1,48682.1,0
845,2,1,28,9,0.0,2,1,1,56185.98,0
639,1,0,38,9,130233.14,1,1,1,81861.1,0
557,2,1,32,3,123502.53,1,1,1,69826.8,0
543,0,0,37,8,140894.06,2,1,1,118059.19,0
585,0,0,44,7,163867.86,1,1,1,112333.22,0
610,2,1,27,2,0.0,2,1,0,14546.76,0
727,0,1,18,2,93816.7,2,1,0,126172.11,0
540,1,1,40,8,0.0,2,1,0,3560.0,0
418,2,0,35,7,0.0,2,1,1,88878.15,0
660,2,1,32,0,114668.89,1,1,0,84605.0,0
850,0,0,38,5,146756.68,1,1,0,78268.61,0
642,0,0,18,5,111183.53,2,0,1,10063.75,0
739,2,0,34,9,0.0,1,1,0,60584.33,0
508,2,1,41,5,0.0,2,1,1,94170.84,0
667,2,0,41,6,0.0,2,0,0,167181.77,0
592,2,0,29,7,0.0,2,1,1,91196.67,0
773,1,0,52,2,0.0,2,1,0,57337.79,0
850,1,0,41,8,132838.07,1,1,1,175347.28,0
783,2,0,40,6,0.0,2,1,0,109742.55,0
777,2,0,29,2,0.0,2,1,0,124489.88,0
603,2,0,38,8,59360.77,1,1,1,191457.06,0
644,1,0,37,9,0.0,2,1,1,96442.86,0
647,2,1,35,6,112668.7,1,0,1,122584.29,0
648,0,1,37,7,138503.51,2,1,0,57215.85,0
524,2,0,29,7,0.0,2,1,1,105448.74,0
626,2,1,34,3,0.0,2,1,1,37870.29,0
569,2,0,43,7,0.0,2,1,0,52534.81,0
578,1,0,36,1,157267.95,2,1,0,141533.19,0
769,2,1,40,9,133871.05,1,1,1,50568.02,0
694,0,0,31,4,141989.27,2,1,0,26116.82,0
664,2,1,41,5,0.0,1,1,1,152054.33,0
646,2,0,38,7,0.0,2,1,0,1528.4,0
705,1,1,39,8,144102.32,1,1,1,11682.36,0
678,0,0,36,6,118448.15,2,1,0,53172.02,0
738,2,0,39,5,0.0,2,1,1,114388.98,0
703,2,0,28,9,0.0,2,0,1,2151.17,0
554,1,0,42,1,0.0,2,0,1,183492.9,0
724,2,0,29,4,0.0,1,1,0,8982.75,0
593,2,0,33,1,0.0,2,0,0,9984.4,0
710,1,1,30,10,0.0,2,1,0,19500.1,0
631,2,0,35,8,129205.49,1,1,1,79146.36,0
652,0,0,35,7,104015.54,2,1,1,55207.88,0
554,1,0,37,3,0.0,2,1,0,166177.3,0
483,2,1,30,9,0.0,2,0,0,136356.97,0
669,0,1,42,1,103873.39,1,1,0,148611.52,0
662,2,0,34,2,117731.79,2,0,1,55120.79,0
821,0,0,45,0,135827.33,2,1,1,131778.58,0
783,2,0,38,9,114135.17,1,1,0,153269.98,0
850,2,1,28,9,0.0,2,1,1,164864.67,0
602,1,0,34,8,98382.72,1,1,0,39542.0,0
695,1,1,35,7,79858.13,2,1,1,127977.66,0
546,2,1,20,6,0.0,1,0,1,20508.85,0
539,0,0,42,1,177728.55,1,1,0,105013.63,0
772,0,0,34,7,111565.91,1,1,1,121073.23,0
708,1,0,40,8,83015.71,1,1,0,101089.76,0
668,0,1,28,1,124511.01,1,0,0,114258.18,0
531,2,0,37,7,121854.45,1,1,0,147521.35,0
509,2,0,26,10,0.0,2,1,1,6177.83,0
508,2,0,35,1,86893.28,1,0,0,59374.82,0
749,0,1,32,7,79523.13,1,0,1,157648.12,0
659,2,1,33,7,89939.62,1,1,0,136540.09,0
675,2,0,39,7,0.0,2,0,1,36267.21,0
770,2,0,31,3,155047.56,2,1,1,186064.34,0
736,2,1,29,9,0.0,2,0,0,176152.7,0
524,2,0,44,10,118569.03,2,0,0,82117.2,0
674,2,0,28,5,0.0,1,1,1,151925.25,0
700,1,0,44,9,0.0,2,1,0,142287.65,0
741,2,1,35,1,0.0,2,1,0,36557.55,0
455,2,0,40,1,0.0,3,0,1,129975.34,0
608,1,0,37,2,130461.02,1,1,0,21967.15,0
776,2,0,36,1,0.0,2,1,0,53477.76,0
746,2,1,37,4,0.0,2,0,1,171039.56,0
683,1,0,35,9,61172.04,1,0,0,82951.12,0
591,0,1,35,2,90194.34,2,1,0,57064.57,0
581,2,1,24,3,95508.2,1,1,1,45755.0,0
684,0,0,35,3,99967.76,1,1,1,176882.08,0
561,1,0,37,4,101470.29,1,0,1,88838.14,0
718,0,1,33,4,70541.06,1,0,0,88592.8,0
590,2,0,31,8,112211.61,1,1,0,26261.42,0
573,2,1,47,8,154543.98,1,1,0,29586.73,0
813,1,0,27,1,137275.36,1,0,1,115733.16,0
641,1,0,31,3,153316.14,1,1,0,59927.99,0
662,2,1,22,9,0.0,2,1,1,44377.65,0
497,1,0,44,2,121250.04,1,0,1,79691.4,0
716,2,0,31,8,109578.04,2,1,1,51503.51,0
526,2,1,37,5,53573.18,1,1,0,62830.97,0
760,0,1,34,6,58003.41,1,1,0,90346.1,0
669,2,1,31,6,113000.66,1,1,0,40467.82,0
655,2,0,27,10,0.0,2,1,0,51620.94,0
790,2,1,31,2,151290.16,1,1,1,172437.12,0
761,1,1,32,4,103515.39,2,1,1,177622.38,0
750,2,1,35,3,0.0,1,1,0,191520.5,0
680,2,0,34,9,0.0,2,1,1,95686.6,0
704,1,0,38,6,106687.76,1,1,0,173776.5,0
521,2,1,41,2,0.0,2,1,1,113089.43,0
452,2,1,35,8,0.0,2,1,1,149614.81,0
695,2,1,31,5,106089.2,1,0,0,99537.68,0
625,2,0,31,5,0.0,2,0,1,90.07,0
608,0,1,40,7,96202.32,1,0,0,161154.85,0
715,2,1,38,0,0.0,2,1,1,332.81,0
834,1,0,33,5,0.0,2,1,0,66285.18,0
469,2,0,33,1,127818.52,1,1,0,163477.22,0
834,1,0,34,5,0.0,2,0,0,53437.1,0
583,2,1,40,4,55776.39,2,1,0,26920.43,0
696,0,0,32,4,84421.62,1,0,1,52314.71,0
606,2,0,32,5,83161.65,1,1,1,116885.59,0
713,2,1,39,10,0.0,2,1,1,126263.97,0
821,0,0,42,3,87807.29,2,1,1,64613.81,0
550,2,1,30,4,0.0,2,1,0,89216.29,0
675,2,1,39,6,0.0,2,0,0,83419.15,0
748,1,0,39,3,0.0,2,1,1,123998.52,0
606,0,0,40,9,95293.86,2,0,1,96985.58,0
726,0,0,30,7,92847.59,1,1,0,146154.06,0
547,2,0,30,6,0.0,2,1,1,18471.86,0
758,1,0,35,5,0.0,2,1,0,95009.6,0
596,2,0,37,2,0.0,1,0,1,121175.86,0
720,1,0,34,3,0.0,2,1,1,77047.78,0
674,2,0,37,3,0.0,1,1,0,158049.9,0
756,2,1,32,4,0.0,2,1,0,147040.25,0
613,0,0,28,7,76656.4,2,1,1,185483.24,0
600,2,0,31,8,0.0,2,1,1,121555.51,0
735,1,0,39,1,60374.98,1,1,0,40223.74,0
585,2,1,34,1,0.0,1,1,1,75503.6,0
635,1,0,29,2,0.0,2,0,0,117173.8,0
472,2,0,19,9,0.0,2,1,0,3453.4,0
590,2,0,36,1,0.0,2,1,0,48876.84,0
686,0,1,39,4,157731.6,2,1,0,162820.6,0
606,2,0,32,6,0.0,2,0,1,36540.63,0
781,2,0,33,3,89276.48,1,1,0,6959.0,0
593,2,0,45,4,138825.19,1,0,0,10828.78,0
791,2,1,31,10,75499.24,1,1,0,22184.14,0
765,2,0,42,4,123311.39,2,1,1,82868.34,0
574,1,0,52,7,115532.52,1,1,0,196257.67,0
581,2,0,25,5,77886.53,2,1,0,150319.49,0
710,0,0,37,6,135795.63,1,0,1,46523.6,0
550,2,0,32,8,97514.07,1,1,1,199138.84,0
779,2,0,49,9,106160.37,1,0,0,116893.87,0
763,2,1,23,2,0.0,2,1,0,153983.99,0
563,1,1,36,4,143680.47,2,1,1,63531.19,0
678,1,0,38,3,124483.53,1,1,0,126253.31,0
644,1,1,31,5,86006.3,1,1,1,73922.95,0
682,0,1,43,7,111094.05,2,1,1,64679.3,0
625,2,0,22,9,0.0,2,1,0,157072.91,0
733,1,0,36,1,0.0,2,0,1,108377.82,0
512,2,1,30,6,0.0,2,1,0,88827.31,0
642,2,1,41,7,115171.71,1,1,1,37674.47,0
737,0,1,22,10,111543.26,2,0,0,106327.85,0
543,0,1,37,3,122304.65,2,0,0,33998.7,0
521,0,0,41,8,120586.54,1,0,1,20491.15,0
637,2,0,32,3,0.0,2,1,1,197827.06,0
714,2,0,40,9,46520.69,1,1,1,96687.25,0
680,1,1,34,7,0.0,2,1,0,98949.85,0
757,1,0,30,3,145396.49,1,0,1,198341.15,0
803,2,1,40,6,165526.71,1,1,0,12328.08,0
560,2,1,38,5,83714.41,1,1,1,33245.97,0
679,2,1,36,3,0.0,2,1,1,2243.41,0
526,2,0,32,7,125540.05,1,0,0,86786.41,0
485,2,0,41,2,100254.76,2,1,1,12706.67,0
773,1,0,43,7,138150.57,1,1,1,177357.16,0
651,2,0,23,10,0.0,2,1,1,170099.23,0
586,0,0,38,2,136858.42,1,0,1,189143.94,0
607,0,0,29,7,102609.0,1,1,0,163257.44,0
724,1,0,39,3,0.0,2,0,1,95562.81,0
710,1,0,22,8,0.0,3,1,0,107292.91,0
677,2,1,25,3,0.0,2,1,0,179608.96,0
798,0,1,29,8,80204.11,2,1,0,70223.22,0
758,2,0,35,7,0.0,2,1,0,77951.84,0
715,2,0,45,4,0.0,2,1,1,55043.93,0
752,0,0,32,9,115587.49,2,0,1,101677.46,0
818,2,0,36,4,0.0,2,1,1,8037.03,0
490,0,1,41,0,139659.04,1,1,1,176254.12,0
533,2,1,35,8,0.0,2,1,1,187900.12,0
690,2,0,21,8,0.0,2,1,1,155782.89,0
673,1,0,40,1,121629.22,1,1,1,3258.6,0
806,0,0,36,8,167983.17,2,1,1,106714.28,0
501,2,0,35,6,99760.84,1,1,1,13591.52,0
556,0,1,43,4,125890.72,1,1,1,74854.97,0
627,2,1,27,2,0.0,2,1,0,125451.01,0
652,2,0,31,2,119148.55,1,0,0,149740.22,0
708,0,0,21,8,133974.36,2,1,0,50294.09,0
619,2,0,27,1,154483.98,1,1,0,156394.74,0
601,2,0,40,10,98627.13,2,0,0,77977.69,0
800,0,0,39,4,95252.72,1,1,0,13906.34,0
554,2,0,33,3,117413.95,1,1,1,12766.74,0
656,2,0,44,10,143571.52,1,0,0,127444.14,0
480,1,0,39,5,121626.9,1,1,1,82438.13,0
660,0,0,30,1,84440.1,2,1,1,60485.98,0
532,2,0,36,4,0.0,2,1,1,132798.78,0
679,2,0,42,1,0.0,2,0,0,71823.15,0
780,2,1,26,3,140356.7,1,1,0,117144.15,0
747,2,0,29,7,0.0,2,1,1,141706.43,0
705,2,1,39,3,92224.56,1,1,1,54517.25,0
732,2,1,43,9,0.0,2,1,0,183147.17,0
515,1,0,40,10,121355.99,1,1,0,138360.29,0
816,0,1,40,9,109003.26,1,1,1,79580.56,0
509,2,0,18,7,102983.91,1,1,0,171770.58,0
601,0,1,49,4,96252.98,2,1,0,104263.82,0
455,2,1,27,5,155879.09,2,0,0,70774.97,0
803,0,0,34,4,142929.16,2,1,1,114869.56,0
553,2,0,32,7,64082.09,1,0,1,109159.58,0
724,2,1,28,5,0.0,1,1,0,59351.68,0
610,2,1,45,1,0.0,2,1,1,199657.46,0
559,1,1,39,2,0.0,2,1,1,121151.1,0
819,1,1,28,8,168253.21,1,1,1,102799.14,0
772,0,1,42,0,101979.16,1,1,0,90928.48,0
685,1,0,23,5,164902.43,1,0,0,141152.28,0
506,2,0,43,2,0.0,2,1,0,105568.6,0
642,0,0,22,10,111812.52,2,1,1,183045.46,0
627,1,0,40,10,0.0,2,1,1,194792.42,0
600,0,0,30,2,119755.0,1,1,1,21852.91,0
569,1,1,30,3,139528.23,1,1,1,33230.37,0
756,2,0,40,1,94773.11,1,1,0,114279.63,0
673,2,0,31,1,108345.22,1,0,1,38802.03,0
637,2,1,36,9,166939.88,1,1,1,72504.76,0
644,2,0,33,7,174571.36,1,0,1,43943.09,0
658,1,0,35,9,71829.34,1,1,1,68141.92,0
649,2,1,36,8,0.0,2,0,1,109179.89,0
603,2,1,39,9,76769.68,1,0,0,48224.72,0
712,1,0,27,10,0.0,1,1,0,94544.88,0
645,0,1,31,1,128927.93,1,1,1,2850.01,0
705,0,1,31,9,110941.93,2,1,0,163484.8,0
590,1,1,29,10,99250.08,1,1,1,129629.41,0
631,2,0,36,1,0.0,2,0,0,133141.34,0
604,2,0,34,7,0.0,2,1,1,188078.55,0
643,1,0,48,8,0.0,2,1,0,174729.3,0
690,1,1,30,5,0.0,2,0,1,78700.03,0
558,2,0,31,7,0.0,1,1,0,198269.08,0
648,0,1,45,5,118886.55,1,0,0,51636.7,0
652,1,0,28,8,156823.7,2,1,0,198251.52,0
808,0,0,39,3,124216.93,1,0,1,171442.36,0
551,2,1,26,2,144258.52,1,1,0,49778.79,0
711,0,0,26,9,128793.63,1,1,0,19262.05,0
789,1,1,40,4,0.0,2,1,0,137402.27,0
602,1,0,33,5,0.0,2,0,1,64038.34,0
576,2,0,39,1,0.0,2,1,1,68814.23,0
584,2,0,38,1,115341.55,1,0,1,173632.92,0
593,2,0,32,6,99162.29,1,1,0,128384.11,0
699,0,1,41,1,200117.76,2,1,0,94142.35,0
838,2,0,31,2,0.0,2,1,0,8222.96,0
587,2,0,39,10,0.0,2,1,1,170409.45,0
750,2,0,38,5,151532.4,1,1,1,46555.15,0
484,2,0,41,5,0.0,1,1,1,74267.35,0
576,1,0,26,8,0.0,2,0,1,34101.06,0
567,0,1,46,1,68238.51,2,1,1,109572.58,0
638,1,0,30,9,136808.53,2,1,1,106642.97,0
646,0,0,24,0,92398.08,1,1,1,18897.29,0
658,2,1,40,5,143566.12,1,1,1,189607.71,0
590,1,1,38,9,0.0,2,1,1,148750.16,0
546,1,0,25,7,127728.24,2,1,1,105279.74,0
603,2,1,34,9,0.0,2,1,0,167916.35,0
619,1,1,38,10,119658.49,1,1,1,8646.58,0
678,2,1,34,6,0.0,2,1,1,124592.84,0
459,2,0,26,4,149879.66,1,0,0,50016.17,0
671,0,0,28,8,119859.52,2,1,0,125422.66,0
719,1,0,37,10,145382.61,1,1,0,80408.59,0
681,1,1,37,6,121231.39,1,1,1,146366.08,0
706,1,0,24,2,141078.57,1,1,1,24402.87,0
716,2,0,39,1,70657.61,2,1,1,76476.05,0
775,2,1,30,10,191091.74,2,1,1,96170.38,0
544,2,0,38,8,0.0,1,1,1,98208.62,0
756,2,0,27,8,0.0,2,1,1,157932.75,0
742,0,0,33,1,137937.95,1,1,1,51387.1,0
591,2,0,49,3,0.0,2,1,0,50123.44,0
667,2,0,24,4,0.0,2,0,0,180329.83,0
787,2,0,32,4,0.0,2,1,1,13238.93,0
718,2,1,43,0,93143.39,1,1,0,167554.86,0
521,2,0,38,6,0.0,2,1,0,51454.06,0
607,1,0,40,1,112544.45,1,1,1,19842.22,0
633,2,1,34,3,123034.43,2,1,1,38315.04,0
588,1,0,37,2,0.0,2,0,1,187816.59,0
724,0,1,33,9,119278.44,1,1,1,197148.24,0
720,2,0,44,4,0.0,2,1,0,163471.01,0
521,2,0,39,7,0.0,2,0,1,653.58,0
620,1,0,36,7,169312.72,1,1,0,45414.09,0
728,1,1,43,8,128412.61,1,0,1,139024.31,0
584,0,0,42,3,137479.13,1,1,0,25669.1,0
687,1,1,40,1,0.0,2,1,0,8207.36,0
678,2,0,41,2,148088.11,1,1,0,14083.12,0
670,2,0,33,8,126679.69,1,1,1,39451.09,0
675,1,0,31,2,90826.27,2,1,0,60270.87,0
684,1,0,24,8,143582.89,1,1,1,22527.27,0
637,2,1,21,10,125712.2,1,0,0,175072.47,0
760,1,1,32,2,0.0,1,1,1,114565.35,0
662,1,0,37,4,155187.3,1,1,0,48930.8,0
680,2,0,49,10,0.0,2,1,0,187008.45,0
604,1,0,40,5,155455.43,1,0,1,113581.85,0
764,2,1,40,9,100480.53,1,1,0,124095.69,0
795,2,1,40,2,101891.1,1,1,1,183044.86,0
660,1,1,28,3,128929.88,1,1,1,198069.71,0
646,0,0,39,6,121681.91,2,0,1,61793.47,0
730,2,1,27,7,0.0,2,1,0,144099.48,0
606,2,1,36,10,0.0,2,0,1,155641.46,0
690,1,1,36,10,91760.11,1,1,1,135784.94,0
579,2,1,38,4,175739.36,1,1,1,193130.55,0
481,2,1,28,10,0.0,2,1,0,145215.96,0
492,0,0,45,9,170295.04,2,0,0,164741.81,0
682,2,0,44,3,115282.3,1,0,0,23766.4,0
701,1,1,34,6,107980.37,1,1,1,119374.74,0
718,2,1,44,1,133866.22,1,0,1,139049.24,0
496,2,1,34,1,102723.35,2,1,0,180844.81,0
543,1,0,41,5,0.0,2,0,1,143980.29,0
616,1,1,44,7,193213.02,2,1,1,137392.77,0
652,1,0,31,1,132862.59,1,0,0,158054.49,0
688,2,0,26,0,0.0,2,1,0,105784.85,0
757,0,0,36,1,65349.71,1,0,0,64539.64,0
667,2,0,36,8,139753.35,1,1,0,79871.16,0
725,2,1,29,6,0.0,2,1,1,190776.83,0
694,2,1,38,5,195926.39,1,1,1,85522.84,0
803,2,0,36,1,0.0,2,1,1,149370.93,0
814,2,1,31,6,87772.52,1,1,0,188516.45,0
611,2,0,38,4,71018.6,2,1,0,2444.29,0
755,0,0,38,4,111096.91,1,1,1,19762.88,0
425,0,0,40,9,166776.6,2,0,1,172646.88,0
850,2,1,34,6,101266.51,1,1,0,33501.98,0
677,1,0,18,8,134796.87,2,1,1,114858.9,0
797,2,1,46,8,0.0,1,0,0,162668.33,0
735,0,0,28,5,160454.15,2,0,1,114957.22,0
700,2,1,42,8,0.0,2,1,1,105305.72,0
526,1,1,36,5,91132.18,1,0,0,58111.71,0
748,2,1,20,7,0.0,2,0,0,10792.42,0
657,1,0,36,8,0.0,2,0,1,123866.43,0
739,0,1,25,5,113113.12,1,1,0,129181.27,0
784,1,0,23,2,0.0,1,1,1,6847.73,0
744,0,0,41,7,190409.34,2,1,1,138361.48,0
645,2,0,44,10,0.0,2,0,1,166707.22,0
669,2,1,33,9,0.0,2,0,1,107221.03,0
724,0,1,53,1,139687.66,2,1,1,12913.92,0
850,2,1,47,9,137301.87,1,1,0,44351.77,0
625,0,1,39,10,129845.26,1,1,1,96444.88,0
635,1,0,46,8,0.0,2,1,1,60739.16,0
724,0,0,37,6,125489.4,1,1,0,118570.53,0
550,2,0,47,2,0.0,2,1,1,97057.28,0
645,2,0,45,6,155417.61,1,0,1,3449.22,0
714,1,0,29,4,0.0,2,1,1,37605.9,0
633,2,0,25,1,0.0,1,1,0,100598.98,0
537,2,0,37,6,0.0,1,1,1,17802.42,0
764,1,0,38,4,113607.47,1,1,0,91094.46,0
573,1,0,44,9,0.0,2,1,0,107124.17,0
740,0,0,33,2,126524.11,1,1,0,136869.31,0
479,2,0,34,5,117593.48,2,0,0,113308.29,0
627,0,1,33,4,83199.05,1,0,0,159334.93,0
479,1,0,35,4,125920.98,1,1,1,20393.44,0
623,2,0,48,5,118469.38,1,1,1,158590.25,0
512,0,1,40,8,153537.57,2,0,0,23101.13,0
609,2,0,41,6,0.0,1,0,1,112585.19,0
518,2,0,42,7,151027.05,2,1,0,119377.36,0
833,2,1,34,3,144751.81,1,0,0,166472.81,0
758,2,0,26,4,155739.76,1,1,0,171552.02,0
611,2,0,27,7,0.0,2,1,1,157474.1,0
583,2,0,33,7,122531.86,1,1,0,13549.24,0
637,2,1,33,7,103377.81,1,1,0,84419.78,0
683,2,1,32,9,0.0,2,1,1,24991.92,0
774,2,0,40,9,93017.47,2,1,0,191608.97,0
741,1,0,35,6,74371.49,1,0,0,99595.67,0
613,2,0,40,4,0.0,1,0,0,151325.24,0
602,0,0,35,7,90602.42,2,1,1,51695.41,0
659,2,0,36,6,123841.49,2,1,0,96833.0,0
673,0,0,47,1,183579.54,2,0,1,34047.54,0
606,1,0,30,8,180307.73,2,1,1,1914.41,0
775,2,0,30,4,0.0,2,1,0,49337.84,0
841,1,0,28,4,0.0,2,1,1,179436.6,0
714,0,0,33,3,35016.6,1,1,0,53667.08,0
726,1,0,36,2,0.0,1,1,0,195192.4,0
644,2,0,28,7,155060.41,1,1,0,29179.52,0
800,2,1,29,2,0.0,2,0,0,167773.55,0
771,2,0,39,5,0.0,2,1,0,96270.64,0
516,2,0,35,10,57369.61,1,1,1,101699.77,0
792,2,1,28,4,130142.79,1,1,0,38190.78,0
